{
  "type": "FeatureCollection",
  "features": [
    {
      "type": "Feature",
      "properties": {
        "objectid": 2,
        "nombre": "Cable Palmitas",
        "linea": "La Aldea",
        "tipo": 2,
        "estado": 1,
        "label": "Cable Palmitas",
        "codigo_linea": 20,
        "fecha_actualizacion": null,
        "st_length(shape)": 1906.4541329570234
      },
      "geometry": {
        "type": "LineString",
        "coordinates": [
          [
            4701122.4099,
            2259607.8979
          ],
          [
            4700400.5943,
            2258935.0922999997
          ],
          [
            4699616.509,
            2259415.7762
          ]
        ]
      }
    },
    {
      "type": "Feature",
      "properties": {
        "objectid": 3,
        "nombre": "U. de M- Pretroncal Oriental",
        "linea": "Línea 2",
        "tipo": 3,
        "estado": 1,
        "label": "U. de M-Av. Oriental-Parque Aranjuez",
        "codigo_linea": 10,
        "fecha_actualizacion": null,
        "st_length(shape)": 25137.36164230891
      },
      "geometry": {
        "type": "MultiLineString",
        "coordinates": [
          [
            [
              4714973.0761,
              2247144.5161000006
            ],
            [
              4714969.4544,
              2247136.875499999
            ],
            [
              4714967.9839,
              2247134.3629
            ],
            [
              4714966.1011,
              2247132.1424000002
            ],
            [
              4714963.8628,
              2247130.2808999997
            ],
            [
              4714961.3363,
              2247128.8343
            ],
            [
              4714958.5979,
              2247127.8464
            ],
            [
              4714955.7299,
              2247127.3466
            ],
            [
              4714952.8186,
              2247127.350299999
            ],
            [
              4714949.9519,
              2247127.8573000003
            ],
            [
              4714947.2159,
              2247128.8521999996
            ],
            [
              4714945.2196,
              2247130.2520000003
            ],
            [
              4714943.4888,
              2247131.9690000005
            ],
            [
              4714942.0732,
              2247133.954
            ],
            [
              4714940.5299,
              2247136.3925
            ],
            [
              4714939.3858,
              2247139.0418999996
            ],
            [
              4714938.6688,
              2247141.837200001
            ],
            [
              4714912.8527,
              2247247.2862
            ],
            [
              4714912.0733,
              2247251.6854
            ],
            [
              4714911.9369,
              2247256.1511000004
            ],
            [
              4714912.446,
              2247260.5897000004
            ],
            [
              4714913.5903,
              2247264.908399999
            ],
            [
              4714915.3457,
              2247269.0166999996
            ],
            [
              4714917.6755,
              2247272.8289
            ],
            [
              4714920.531,
              2247276.2651000004
            ],
            [
              4714924.2561,
              2247279.0372
            ],
            [
              4714928.3681,
              2247281.1942999996
            ],
            [
              4714932.7663,
              2247282.683599999
            ],
            [
              4714937.3429,
              2247283.4684999995
            ],
            [
              4714941.9859,
              2247283.5298999995
            ],
            [
              4714946.5817,
              2247282.8662
            ],
            [
              4714951.0178,
              2247281.4936999995
            ],
            [
              4714962.9135,
              2247277.3466
            ],
            [
              4714975.0091,
              2247273.825099999
            ],
            [
              4714987.272,
              2247270.9388999995
            ],
            [
              4714999.6685,
              2247268.6959000006
            ],
            [
              4715009.9158,
              2247267.0210999995
            ],
            [
              4715020.0787,
              2247264.894200001
            ],
            [
              4715030.1375,
              2247262.3192
            ],
            [
              4715040.0725,
              2247259.3012000006
            ],
            [
              4715122.9549,
              2247235.1823999994
            ],
            [
              4715205.6861,
              2247210.5503000002
            ],
            [
              4715268.8729,
              2247190.8444999997
            ],
            [
              4715279.2736,
              2247186.9464999996
            ],
            [
              4715289.383,
              2247182.3455
            ],
            [
              4715299.1535,
              2247177.0626999997
            ],
            [
              4715308.5393,
              2247171.1231999993
            ],
            [
              4715317.4961,
              2247164.5549
            ],
            [
              4715372.3166,
              2247123.2304999996
            ],
            [
              4715426.8495,
              2247081.5277999993
            ],
            [
              4715475.2539,
              2247043.959899999
            ],
            [
              4715524.1224,
              2247006.9977
            ],
            [
              4715573.4473,
              2246970.647
            ],
            [
              4715610.6032,
              2246944.3924000002
            ],
            [
              4715647.4986,
              2246917.7732999995
            ],
            [
              4715684.1299,
              2246890.7918
            ],
            [
              4715799.8319,
              2246807.513800001
            ],
            [
              4715805.6482,
              2246805.597100001
            ],
            [
              4715811.6543,
              2246804.400800001
            ],
            [
              4715817.761,
              2246803.9426000006
            ],
            [
              4715823.8784,
              2246804.2292
            ],
            [
              4715829.9155,
              2246805.2566
            ],
            [
              4715835.7834,
              2246807.0091999993
            ],
            [
              4715841.3949,
              2246809.4614000004
            ],
            [
              4715846.6672,
              2246812.5768
            ],
            [
              4715850.92,
              2246816.7639000006
            ],
            [
              4715854.6188,
              2246821.4475999996
            ],
            [
              4715857.7061,
              2246826.5550999995
            ],
            [
              4715860.1341,
              2246832.0069999993
            ],
            [
              4715861.8649,
              2246837.7185999993
            ],
            [
              4715862.8718,
              2246843.6010999996
            ],
            [
              4715863.139,
              2246849.563100001
            ],
            [
              4715862.6623,
              2246855.5121999998
            ],
            [
              4715861.4493,
              2246861.3556999993
            ],
            [
              4715858.8433,
              2246869.9108000007
            ],
            [
              4715855.5306,
              2246878.2178000007
            ],
            [
              4715851.5349,
              2246886.218699999
            ],
            [
              4715846.8838,
              2246893.8573000003
            ],
            [
              4715841.6102,
              2246901.0801
            ],
            [
              4715835.7509,
              2246907.8364000004
            ],
            [
              4715829.0544,
              2246912.3826
            ],
            [
              4715822.0662,
              2246916.4662999995
            ],
            [
              4715814.8184,
              2246920.0689000003
            ],
            [
              4715807.3438,
              2246923.1739000008
            ],
            [
              4715799.6767,
              2246925.7672000006
            ],
            [
              4715794.4552,
              2246929.9707999993
            ],
            [
              4715789.7666,
              2246934.761499999
            ],
            [
              4715785.6763,
              2246940.0722000003
            ],
            [
              4715782.2415,
              2246945.8288000003
            ],
            [
              4715779.5105,
              2246951.9505000003
            ],
            [
              4715777.5212,
              2246958.3518000003
            ],
            [
              4715776.6624,
              2246969.5142
            ],
            [
              4715775.3616,
              2246980.6337
            ],
            [
              4715773.6211,
              2246991.6929
            ],
            [
              4715766.4121,
              2247006.836100001
            ],
            [
              4715759.0004,
              2247021.8812000006
            ],
            [
              4715754.9903,
              2247044.6593999993
            ],
            [
              4715751.5541,
              2247067.5310999993
            ],
            [
              4715741.5456,
              2247218.740700001
            ],
            [
              4715733.0905,
              2247353.2808
            ],
            [
              4715723.4605,
              2247495.363
            ],
            [
              4715707.9309,
              2247663.2503999993
            ],
            [
              4715698.2725,
              2247791.4439000003
            ],
            [
              4715688.6385,
              2247931.5419999994
            ],
            [
              4715685.5915,
              2247993.849199999
            ],
            [
              4715684.7045,
              2248012.1842
            ],
            [
              4715684.5284,
              2248030.5396
            ],
            [
              4715685.0637,
              2248048.8881
            ],
            [
              4715686.3096,
              2248067.2020999994
            ],
            [
              4715688.2641,
              2248085.4540999997
            ],
            [
              4715691.2184,
              2248103.3541
            ],
            [
              4715694.6765,
              2248121.1636999995
            ],
            [
              4715698.6353,
              2248138.8686999995
            ],
            [
              4715703.0918,
              2248156.4549000002
            ],
            [
              4715707.743,
              2248169.5299999993
            ],
            [
              4715712.931,
              2248182.4013
            ],
            [
              4715718.6469,
              2248195.0471
            ],
            [
              4715753.9973,
              2248275.9265
            ],
            [
              4715784.8348,
              2248349.1433000006
            ],
            [
              4715864.0533,
              2248536.281199999
            ],
            [
              4715872.3173,
              2248556.4438000005
            ],
            [
              4715881.1324,
              2248576.3717
            ],
            [
              4715890.4918,
              2248596.049799999
            ],
            [
              4715900.3885,
              2248615.463199999
            ],
            [
              4715910.8151,
              2248634.5973000005
            ],
            [
              4715923.3377,
              2248655.9746000003
            ],
            [
              4715936.2572,
              2248677.114499999
            ],
            [
              4715949.569,
              2248698.0095000006
            ],
            [
              4715955.9351,
              2248707.4463
            ],
            [
              4715962.8342,
              2248716.500600001
            ],
            [
              4716010.585,
              2248780.9526000004
            ],
            [
              4716083.5359,
              2248878.685900001
            ],
            [
              4716153.5648,
              2248970.6051000003
            ],
            [
              4716232.0799,
              2249072.5595999993
            ],
            [
              4716280.8932,
              2249139.1257000007
            ],
            [
              4716292.8486,
              2249156.6886
            ],
            [
              4716304.1775,
              2249174.6621000003
            ],
            [
              4716314.8657,
              2249193.0238000005
            ],
            [
              4716349.6488,
              2249255.121200001
            ],
            [
              4716391.6006,
              2249329.9021000005
            ],
            [
              4716444.9649,
              2249422.6491
            ],
            [
              4716509.4781,
              2249533.8913000003
            ],
            [
              4716573.4589,
              2249643.5472999997
            ],
            [
              4716593.3796,
              2249682.3948999997
            ],
            [
              4716597.0601,
              2249693.2369
            ],
            [
              4716599.9796,
              2249704.3081
            ],
            [
              4716602.124,
              2249715.5550999995
            ],
            [
              4716603.4828,
              2249726.9239000008
            ],
            [
              4716604.0498,
              2249738.3594000004
            ],
            [
              4716603.822,
              2249749.8068000004
            ],
            [
              4716602.8004,
              2249761.2107999995
            ],
            [
              4716601.5741,
              2249767.888699999
            ],
            [
              4716599.6727,
              2249777.111199999
            ],
            [
              4716598.4695,
              2249786.4505000003
            ],
            [
              4716597.9714,
              2249795.8538000006
            ],
            [
              4716598.1811,
              2249805.267999999
            ],
            [
              4716599.0974,
              2249814.639799999
            ],
            [
              4716600.7152,
              2249823.9163000006
            ],
            [
              4716603.0255,
              2249833.0449
            ],
            [
              4716606.0149,
              2249841.9744000006
            ],
            [
              4716609.6669,
              2249850.6538999993
            ],
            [
              4716613.9604,
              2249859.034499999
            ],
            [
              4716673.3003,
              2249949.1504999995
            ],
            [
              4716734.0736,
              2250042.6756999996
            ],
            [
              4716813.6828,
              2250162.0877
            ],
            [
              4716887.4542,
              2250272.7815000005
            ],
            [
              4716952.206,
              2250371.3246999998
            ],
            [
              4717040.3776,
              2250505.4959999993
            ],
            [
              4717044.2664,
              2250514.5713
            ],
            [
              4717047.7081,
              2250523.8256
            ],
            [
              4717050.6945,
              2250533.2366000004
            ],
            [
              4717053.2184,
              2250542.7820999995
            ],
            [
              4717064.9736,
              2250598.8419000003
            ],
            [
              4717069.032,
              2250617.0343999993
            ],
            [
              4717070.0692,
              2250620.1208999995
            ],
            [
              4717071.5824,
              2250623.0040000007
            ],
            [
              4717073.5334,
              2250625.6108999997
            ],
            [
              4717075.873,
              2250627.875600001
            ],
            [
              4717078.542,
              2250629.7408000007
            ],
            [
              4717081.4728,
              2250631.1593999993
            ],
            [
              4717084.5914,
              2250632.0955
            ],
            [
              4717087.819,
              2250632.525699999
            ],
            [
              4717091.074,
              2250632.4387
            ],
            [
              4717124.7147,
              2250627.7135000005
            ],
            [
              4717129.9506,
              2250626.204
            ],
            [
              4717134.9546,
              2250624.0472
            ],
            [
              4717139.6472,
              2250621.2774
            ],
            [
              4717143.9536,
              2250617.9387999997
            ],
            [
              4717157.7799,
              2250602.9909000006
            ],
            [
              4717171.8288,
              2250588.2522
            ],
            [
              4717175.2965,
              2250584.3113
            ],
            [
              4717179.1776,
              2250580.7766999993
            ],
            [
              4717183.4246,
              2250577.6916000005
            ],
            [
              4717187.986,
              2250575.093699999
            ],
            [
              4717192.806,
              2250573.0144999996
            ],
            [
              4717197.8259,
              2250571.4794999994
            ],
            [
              4717237.3888,
              2250565.0491000004
            ],
            [
              4717238.3836,
              2250565.074100001
            ],
            [
              4717244.1376,
              2250565.2189000007
            ],
            [
              4717250.8318,
              2250566.0922999997
            ],
            [
              4717257.3983,
              2250567.659600001
            ],
            [
              4717263.7652,
              2250569.9038999993
            ],
            [
              4717269.863,
              2250572.8006999996
            ],
            [
              4717275.6252,
              2250576.3181
            ],
            [
              4717280.9888,
              2250580.4177
            ],
            [
              4717285.895,
              2250585.0549999997
            ],
            [
              4717288.467,
              2250588.1049000006
            ],
            [
              4717290.6704,
              2250591.4308
            ],
            [
              4717292.4762,
              2250594.988500001
            ],
            [
              4717323.2554,
              2250674.3851999994
            ],
            [
              4717330.0438,
              2250695.005999999
            ],
            [
              4717338.4267,
              2250719.194700001
            ],
            [
              4717342.8357,
              2250740.614
            ],
            [
              4717344.0758,
              2250764.817500001
            ],
            [
              4717347.7018,
              2250791.397
            ],
            [
              4717350.3044,
              2250821.9733000007
            ],
            [
              4717354.6153,
              2250860.0592
            ],
            [
              4717358.2675,
              2250886.5063000005
            ],
            [
              4717361.4942,
              2250911.8961999994
            ],
            [
              4717364.9391,
              2250940.4602000006
            ],
            [
              4717369.8989,
              2250985.3171999995
            ],
            [
              4717377.2012,
              2251037.1534
            ],
            [
              4717380.0042,
              2251062.3324999996
            ],
            [
              4717384.5225,
              2251098.3016999997
            ],
            [
              4717387.1066,
              2251119.883300001
            ],
            [
              4717391.8414,
              2251158.1799999997
            ],
            [
              4717395.5026,
              2251189.0715999994
            ],
            [
              4717400.2422,
              2251229.6963
            ],
            [
              4717403.2664,
              2251259.5308
            ],
            [
              4717408.6505,
              2251304.8103
            ],
            [
              4717413.3669,
              2251334.2181
            ],
            [
              4717419.5818,
              2251371.8768000007
            ],
            [
              4717423.4313,
              2251391.3396000005
            ],
            [
              4717430.9183,
              2251430.0538
            ],
            [
              4717435.1958,
              2251451.843699999
            ],
            [
              4717436.699,
              2251462.4225999992
            ],
            [
              4717442.0505,
              2251491.8290999997
            ],
            [
              4717448.0346,
              2251520.1762000006
            ],
            [
              4717449.9593,
              2251529.9077000003
            ],
            [
              4717453.8153,
              2251552.5449
            ],
            [
              4717457.4532,
              2251572.0080999993
            ],
            [
              4717459.591,
              2251582.374
            ],
            [
              4717463.4392,
              2251601.2017
            ],
            [
              4717465.7997,
              2251617.069700001
            ],
            [
              4717468.582,
              2251632.0902999993
            ],
            [
              4717472.438,
              2251654.727499999
            ],
            [
              4717477.1507,
              2251682.2306999993
            ],
            [
              4717485.0738,
              2251727.2931999993
            ],
            [
              4717488.0695,
              2251743.1599000003
            ],
            [
              4717498.1238,
              2251795.4136999995
            ],
            [
              4717503.9007,
              2251825.8774999995
            ],
            [
              4717508.3912,
              2251848.3017999995
            ],
            [
              4717513.9531,
              2251877.0731000006
            ],
            [
              4717516.9595,
              2251898.2306999993
            ],
            [
              4717522.0936,
              2251924.8863999993
            ],
            [
              4717525.5212,
              2251944.9848999996
            ],
            [
              4717530.8761,
              2251976.0846999995
            ],
            [
              4717536.2276,
              2252005.4912
            ],
            [
              4717544.5751,
              2252050.976
            ],
            [
              4717547.7814,
              2252066.4189999998
            ],
            [
              4717552.9273,
              2252098.789000001
            ],
            [
              4717556.7843,
              2252121.8495000005
            ],
            [
              4717565.1339,
              2252168.3925
            ],
            [
              4717567.6992,
              2252180.8739
            ],
            [
              4717574.763,
              2252219.5889
            ],
            [
              4717579.899,
              2252247.0912999995
            ],
            [
              4717588.6689,
              2252292.1520000007
            ],
            [
              4717595.953,
              2252335.099300001
            ],
            [
              4717599.6005,
              2252359.2185999993
            ],
            [
              4717610.2904,
              2252411.682600001
            ],
            [
              4717615.6466,
              2252443.4170999993
            ],
            [
              4717623.9876,
              2252485.727499999
            ],
            [
              4717626.9854,
              2252502.6522000004
            ],
            [
              4717633.6259,
              2252541.3682000004
            ],
            [
              4717641.7582,
              2252585.1603999995
            ],
            [
              4717656.3078,
              2252661.9548000004
            ],
            [
              4717666.1564,
              2252716.9602000006
            ],
            [
              4717673.0047,
              2252753.7710999995
            ],
            [
              4717676.4305,
              2252773.023
            ],
            [
              4717676.6653,
              2252784.2391999997
            ],
            [
              4717673.9384,
              2252796.0966
            ],
            [
              4717668.2556,
              2252811.3461000007
            ],
            [
              4717658.1424,
              2252833.3773
            ],
            [
              4717648.4534,
              2252855.8308000006
            ],
            [
              4717643.6144,
              2252869.8088000007
            ],
            [
              4717641.307,
              2252879.7606000006
            ],
            [
              4717641.3297,
              2252890.7656999994
            ],
            [
              4717643.0755,
              2252916.370100001
            ],
            [
              4717645.5608,
              2252940.3757000007
            ],
            [
              4717646.0987,
              2252945.5699000005
            ],
            [
              4717649.5835,
              2252993.3927999996
            ],
            [
              4717651.5326,
              2253014.9758
            ],
            [
              4717652.6187,
              2253028.5184000004
            ],
            [
              4717653.2803,
              2253041.4267999995
            ],
            [
              4717650.5551,
              2253054.1307999995
            ],
            [
              4717645.2879,
              2253065.5700000003
            ],
            [
              4717635.1532,
              2253077.2310000006
            ],
            [
              4717626.278,
              2253083.8100000005
            ],
            [
              4717611.0506,
              2253088.9207000006
            ],
            [
              4717583.3429,
              2253097.0199999996
            ],
            [
              4717567.4793,
              2253101.4969999995
            ],
            [
              4717555.2118,
              2253105.1202000007
            ],
            [
              4717545.48,
              2253106.8334
            ],
            [
              4717533.8434,
              2253108.5505
            ],
            [
              4717510.1415,
              2253109.2343000006
            ],
            [
              4717493.0002,
              2253109.9045
            ],
            [
              4717477.1309,
              2253111.6303000003
            ],
            [
              4717465.9155,
              2253112.2883
            ],
            [
              4717443.4837,
              2253113.1810999997
            ],
            [
              4717424.2274,
              2253114.490700001
            ],
            [
              4717400.3152,
              2253115.809800001
            ],
            [
              4717372.8045,
              2253116.9245999996
            ],
            [
              4717363.0707,
              2253117.5796000008
            ],
            [
              4717344.4487,
              2253118.6761000007
            ],
            [
              4717324.9795,
              2253119.3511999995
            ],
            [
              4717310.168,
              2253120.8631999996
            ],
            [
              4717299.3807,
              2253123.8484000005
            ],
            [
              4717292.408,
              2253129.3653999995
            ],
            [
              4717289.0493,
              2253142.7053999994
            ],
            [
              4717285.0788,
              2253167.2635999992
            ],
            [
              4717282.9903,
              2253180.8126999997
            ],
            [
              4717283.0151,
              2253192.8759000003
            ],
            [
              4717286.2176,
              2253206.4142000005
            ],
            [
              4717291.32,
              2253217.6205
            ],
            [
              4717294.3105,
              2253230.9474
            ],
            [
              4717293.6926,
              2253239.2026000004
            ],
            [
              4717290.5359,
              2253247.8862999994
            ],
            [
              4717285.6778,
              2253252.5522000007
            ],
            [
              4717277.4301,
              2253255.532299999
            ],
            [
              4717269.1785,
              2253256.6074
            ],
            [
              4717253.3088,
              2253258.1216
            ],
            [
              4717242.7234,
              2253256.4503000006
            ],
            [
              4717234.8798,
              2253250.1173
            ],
            [
              4717231.9025,
              2253243.1393999998
            ],
            [
              4717230.6153,
              2253234.6766
            ],
            [
              4717229.5226,
              2253217.9594
            ],
            [
              4717228.426,
              2253199.3376
            ],
            [
              4717228.2158,
              2253192.752699999
            ],
            [
              4717227.9735,
              2253185.1588000003
            ],
            [
              4717227.5314,
              2253176.0593999997
            ],
            [
              4717225.7934,
              2253154.2642
            ],
            [
              4717224.7086,
              2253141.3564999998
            ],
            [
              4717225.9602,
              2253132.4651999995
            ],
            [
              4717231.2345,
              2253124.4121000003
            ],
            [
              4717241.8041,
              2253118.4645000007
            ],
            [
              4717251.3264,
              2253117.8099000007
            ],
            [
              4717265.2954,
              2253118.204399999
            ],
            [
              4717276.5143,
              2253119.239499999
            ],
            [
              4717291.1137,
              2253117.5162000004
            ],
            [
              4717309.1015,
              2253116.8442
            ],
            [
              4717327.3005,
              2253115.9602000006
            ],
            [
              4717355.8697,
              2253115.0548
            ],
            [
              4717381.4747,
              2253113.5206000004
            ],
            [
              4717408.984,
              2253111.7707
            ],
            [
              4717438.61,
              2253110.2282
            ],
            [
              4717494.2643,
              2253107.1505999994
            ],
            [
              4717522.4082,
              2253105.1878999993
            ],
            [
              4717548.2239,
              2253103.2299000006
            ],
            [
              4717564.09,
              2253100.0227000006
            ],
            [
              4717579.1067,
              2253095.3356
            ],
            [
              4717605.9687,
              2253087.6613999996
            ],
            [
              4717617.6005,
              2253083.6162
            ],
            [
              4717624.3667,
              2253080.6393999998
            ],
            [
              4717631.3412,
              2253075.9690000005
            ],
            [
              4717636.8342,
              2253071.3016
            ],
            [
              4717641.689,
              2253065.1542000007
            ],
            [
              4717645.2743,
              2253059.0091999993
            ],
            [
              4717647.59,
              2253053.0786000006
            ],
            [
              4717649.0584,
              2253046.726500001
            ],
            [
              4717649.6776,
              2253039.1062000003
            ],
            [
              4717649.0275,
              2253031.7003000006
            ],
            [
              4717647.0957,
              2253018.582800001
            ],
            [
              4717644.3139,
              2253003.7738000005
            ],
            [
              4717641.9484,
              2252985.5779
            ],
            [
              4717640,
              2252964.4181999993
            ],
            [
              4717638.0539,
              2252940.9586999994
            ],
            [
              4717637.6127,
              2252935.6404
            ],
            [
              4717635.876,
              2252914.4803
            ],
            [
              4717634.577,
              2252900.3033000007
            ],
            [
              4717634.56,
              2252892.0494999997
            ],
            [
              4717635.8115,
              2252883.1580999997
            ],
            [
              4717638.3293,
              2252872.5710000005
            ],
            [
              4717642.1139,
              2252860.4999
            ],
            [
              4717648.4351,
              2252846.9420999996
            ],
            [
              4717652.6478,
              2252837.1981000006
            ],
            [
              4717657.912,
              2252824.2773
            ],
            [
              4717664.0212,
              2252810.5084000006
            ],
            [
              4717667.8115,
              2252801.1885
            ],
            [
              4717670.9685,
              2252792.716499999
            ],
            [
              4717672.4364,
              2252786.1526999995
            ],
            [
              4717672.8493,
              2252781.0725
            ],
            [
              4717672.8363,
              2252774.7234000005
            ],
            [
              4717672.187,
              2252767.7408000007
            ],
            [
              4717670.0436,
              2252754.6237000003
            ],
            [
              4717665.7585,
              2252729.2359999996
            ],
            [
              4717661.4782,
              2252706.1764
            ],
            [
              4717650.5644,
              2252647.7870000005
            ],
            [
              4717637.9396,
              2252580.7238999996
            ],
            [
              4717629.8134,
              2252539.8946
            ],
            [
              4717623.3994,
              2252508.3739
            ],
            [
              4717619.7662,
              2252491.2387000006
            ],
            [
              4717611.6338,
              2252447.4464999996
            ],
            [
              4717611.105,
              2252444.4933
            ],
            [
              4717606.7095,
              2252419.9438000005
            ],
            [
              4717603.5023,
              2252404.0776000004
            ],
            [
              4717599.2129,
              2252376.5736
            ],
            [
              4717596.2126,
              2252358.3790000007
            ],
            [
              4717591.7154,
              2252332.780099999
            ],
            [
              4717587.2157,
              2252305.9113
            ],
            [
              4717583.7878,
              2252285.6011999995
            ],
            [
              4717579.9425,
              2252268.254899999
            ],
            [
              4717574.5993,
              2252242.8695
            ],
            [
              4717570.1019,
              2252217.0590000004
            ],
            [
              4717566.4604,
              2252195.9026999995
            ],
            [
              4717561.5401,
              2252170.3046000004
            ],
            [
              4717558.3298,
              2252152.9570000004
            ],
            [
              4717555.1169,
              2252134.3395000007
            ],
            [
              4717550.8388,
              2252112.3379999995
            ],
            [
              4717547.8338,
              2252091.8154000007
            ],
            [
              4717544.6226,
              2252074.044399999
            ],
            [
              4717539.9126,
              2252047.8111000005
            ],
            [
              4717536.6983,
              2252028.558700001
            ],
            [
              4717531.7833,
              2252005.5002999995
            ],
            [
              4717527.9272,
              2251982.863
            ],
            [
              4717524.9276,
              2251965.0917000007
            ],
            [
              4717520.6462,
              2251941.397
            ],
            [
              4717516.7971,
              2251922.1459
            ],
            [
              4717512.5243,
              2251902.6842
            ],
            [
              4717508.6734,
              2251882.5866
            ],
            [
              4717507.648,
              2251877.1644
            ],
            [
              4717503.7523,
              2251856.565199999
            ],
            [
              4717499.6859,
              2251834.5633000005
            ],
            [
              4717497.1097,
              2251816.7909999993
            ],
            [
              4717492.6079,
              2251788.8641999997
            ],
            [
              4717487.2556,
              2251759.0342999995
            ],
            [
              4717483.8336,
              2251741.6871000007
            ],
            [
              4717479.766,
              2251719.0502000004
            ],
            [
              4717473.3489,
              2251686.0480000004
            ],
            [
              4717469.064,
              2251660.6602999996
            ],
            [
              4717465.4192,
              2251637.810900001
            ],
            [
              4717461.7851,
              2251620.2523999996
            ],
            [
              4717459.0083,
              2251607.7716000006
            ],
            [
              4717452.374,
              2251572.0185000002
            ],
            [
              4717446.8104,
              2251542.400699999
            ],
            [
              4717442.9566,
              2251520.8216999993
            ],
            [
              4717438.0355,
              2251494.8003000002
            ],
            [
              4717430.1139,
              2251450.5843
            ],
            [
              4717426.0432,
              2251426.4661
            ],
            [
              4717417.9149,
              2251384.5786000006
            ],
            [
              4717414.0598,
              2251362.364499999
            ],
            [
              4717407.6357,
              2251325.9760999996
            ],
            [
              4717403.785,
              2251305.8784
            ],
            [
              4717402.0618,
              2251291.278999999
            ],
            [
              4717399.4861,
              2251273.7183999997
            ],
            [
              4717397.4454,
              2251259.013800001
            ],
            [
              4717395.4045,
              2251244.3091
            ],
            [
              4717393.8787,
              2251222.725299999
            ],
            [
              4717391.0639,
              2251191.8319000006
            ],
            [
              4717386.1109,
              2251150.361199999
            ],
            [
              4717383.52,
              2251125.3933000006
            ],
            [
              4717380.7187,
              2251101.060799999
            ],
            [
              4717378.5658,
              2251083.2874999996
            ],
            [
              4717375.546,
              2251055.5692999996
            ],
            [
              4717373.1805,
              2251037.373299999
            ],
            [
              4717369.0993,
              2251008.1756999996
            ],
            [
              4717366.299,
              2250984.2664
            ],
            [
              4717362.8554,
              2250956.3374000005
            ],
            [
              4717360.4796,
              2250933.0621000007
            ],
            [
              4717358.5392,
              2250915.7117999997
            ],
            [
              4717355.9551,
              2250894.1301000006
            ],
            [
              4717353.8036,
              2250876.9919000007
            ],
            [
              4717352.7271,
              2250868.1053
            ],
            [
              4717349.716,
              2250844.6197999995
            ],
            [
              4717346.916,
              2250820.9220000003
            ],
            [
              4717344.3333,
              2250799.975299999
            ],
            [
              4717340.882,
              2250768.2367000002
            ],
            [
              4717340.7224,
              2250766.2589999996
            ],
            [
              4717340.2496,
              2250764.3321
            ],
            [
              4717339.4759,
              2250762.5051000006
            ],
            [
              4717338.4208,
              2250760.8247999996
            ],
            [
              4717337.1114,
              2250759.3341000006
            ],
            [
              4717335.5812,
              2250758.0713
            ],
            [
              4717333.8692,
              2250757.0683999993
            ],
            [
              4717332.0193,
              2250756.351
            ],
            [
              4717330.0787,
              2250755.9377999995
            ],
            [
              4717328.0971,
              2250755.8390999995
            ],
            [
              4717295.9217,
              2250759.9626
            ],
            [
              4717235.5444,
              2250767.7004000004
            ],
            [
              4717233.8033,
              2250767.7408000007
            ],
            [
              4717232.0783,
              2250767.5012999997
            ],
            [
              4717230.414,
              2250766.9880999997
            ],
            [
              4717228.8538,
              2250766.2145000007
            ],
            [
              4717227.4378,
              2250765.2005000003
            ],
            [
              4717226.2029,
              2250763.9725
            ],
            [
              4717225.1811,
              2250762.5622000005
            ],
            [
              4717224.3988,
              2250761.0063000005
            ],
            [
              4717223.8763,
              2250759.344900001
            ],
            [
              4717219.3058,
              2250745.5237000007
            ],
            [
              4717214.637,
              2250736.5568000004
            ],
            [
              4717209.3151,
              2250727.9613000005
            ],
            [
              4717203.3698,
              2250719.7848000005
            ],
            [
              4717196.8336,
              2250712.0723
            ],
            [
              4717189.7427,
              2250704.8664999995
            ],
            [
              4717182.1364,
              2250698.2071
            ],
            [
              4717174.0564,
              2250692.130999999
            ],
            [
              4717165.5477,
              2250686.6718000006
            ],
            [
              4717156.6569,
              2250681.8594000004
            ],
            [
              4717147.4334,
              2250677.7205
            ],
            [
              4717135.3826,
              2250674.2632999998
            ],
            [
              4717123.1609,
              2250671.4703
            ],
            [
              4717110.8047,
              2250669.3498
            ],
            [
              4717098.3509,
              2250667.9080999997
            ],
            [
              4717085.8371,
              2250667.149599999
            ],
            [
              4717073.3004,
              2250667.0764000006
            ],
            [
              4717067.4509,
              2250667.0461999997
            ],
            [
              4717061.6377,
              2250666.3946
            ],
            [
              4717055.9266,
              2250665.128799999
            ],
            [
              4717050.3825,
              2250663.2632
            ],
            [
              4717045.0679,
              2250660.819
            ],
            [
              4717040.0433,
              2250657.8237999994
            ],
            [
              4717035.3654,
              2250654.3114
            ],
            [
              4717031.0874,
              2250650.321900001
            ],
            [
              4716993.7754,
              2250594.689200001
            ],
            [
              4716866.9789,
              2250395.480900001
            ],
            [
              4716809.6527,
              2250305.9170999993
            ],
            [
              4716736.4104,
              2250195.222100001
            ],
            [
              4716681.7282,
              2250104.859099999
            ],
            [
              4716621.2253,
              2250014.2435
            ],
            [
              4716538.9554,
              2249887.4295000006
            ],
            [
              4716535.8687,
              2249882.5013999995
            ],
            [
              4716533.3125,
              2249877.2785
            ],
            [
              4716531.3145,
              2249871.8176000006
            ],
            [
              4716530.5162,
              2249867.0644000005
            ],
            [
              4716530.4223,
              2249862.2455
            ],
            [
              4716531.0349,
              2249857.4648
            ],
            [
              4716532.3406,
              2249852.8253000006
            ],
            [
              4716534.3113,
              2249848.4267999995
            ],
            [
              4716536.9047,
              2249844.3642999995
            ],
            [
              4716540.0649,
              2249840.7250999995
            ],
            [
              4716543.7238,
              2249837.5877
            ],
            [
              4716550.891,
              2249830.3210000005
            ],
            [
              4716557.5099,
              2249822.5514
            ],
            [
              4716563.5452,
              2249814.3203
            ],
            [
              4716568.9647,
              2249805.6713999994
            ],
            [
              4716573.74,
              2249796.650699999
            ],
            [
              4716577.8452,
              2249787.3060999997
            ],
            [
              4716581.2589,
              2249777.6873000003
            ],
            [
              4716583.9628,
              2249767.8453
            ],
            [
              4716585.9426,
              2249757.8324999996
            ],
            [
              4716587.1876,
              2249747.7019999996
            ],
            [
              4716587.6913,
              2249737.5078999996
            ],
            [
              4716587.451,
              2249727.3040999994
            ],
            [
              4716586.4682,
              2249717.1448999997
            ],
            [
              4716584.7477,
              2249707.0843
            ],
            [
              4716582.2991,
              2249697.1757999994
            ],
            [
              4716579.135,
              2249687.4718999993
            ],
            [
              4716575.2724,
              2249678.0242999997
            ],
            [
              4716570.732,
              2249668.883300001
            ],
            [
              4716525.6093,
              2249595.9606999997
            ],
            [
              4716490.83,
              2249535.7151999995
            ],
            [
              4716448.6271,
              2249467.5483999997
            ],
            [
              4716387.0333,
              2249360.7973999996
            ],
            [
              4716325.1666,
              2249250.0788000003
            ],
            [
              4716284.5468,
              2249179.7924000006
            ],
            [
              4716252.9681,
              2249132.238399999
            ],
            [
              4716230.9544,
              2249104.7705000006
            ],
            [
              4716196.1951,
              2249054.313100001
            ],
            [
              4716163.0352,
              2249009.6724999994
            ],
            [
              4716123.5126,
              2248958.4311999995
            ],
            [
              4716047.637,
              2248853.5612000003
            ],
            [
              4715979.7326,
              2248765.605799999
            ],
            [
              4715950.0215,
              2248725.719799999
            ],
            [
              4715918.7084,
              2248678.6944999993
            ],
            [
              4715897.999,
              2248642.2292
            ],
            [
              4715883.1269,
              2248614.2174999993
            ],
            [
              4715864.793,
              2248575.102
            ],
            [
              4715849.9069,
              2248540.212099999
            ],
            [
              4715831.2981,
              2248496.070699999
            ],
            [
              4715805.5124,
              2248435.2774
            ],
            [
              4715786.6387,
              2248390.8718999997
            ],
            [
              4715769.8915,
              2248351.488500001
            ],
            [
              4715738.5189,
              2248275.3629
            ],
            [
              4715706.0883,
              2248199.2393999994
            ],
            [
              4715697.5708,
              2248173.860200001
            ],
            [
              4715691.7101,
              2248154.0310999993
            ],
            [
              4715685.5839,
              2248133.6733999997
            ],
            [
              4715680.5028,
              2248106.9645000007
            ],
            [
              4715675.6722,
              2248073.376599999
            ],
            [
              4715674.3165,
              2248057.2420000006
            ],
            [
              4715673.9945,
              2248029.2006
            ],
            [
              4715674.9753,
              2247991.3682000004
            ],
            [
              4715676.2521,
              2247968.878900001
            ],
            [
              4715678.047,
              2247941.0977
            ],
            [
              4715680.6205,
              2247905.9075000007
            ],
            [
              4715682.6687,
              2247872.5703
            ],
            [
              4715684.1981,
              2247844.260500001
            ],
            [
              4715686.4902,
              2247800.8697999995
            ],
            [
              4715687.4863,
              2247770.444700001
            ],
            [
              4715688.2035,
              2247733.142000001
            ],
            [
              4715691.3208,
              2247705.0934999995
            ],
            [
              4715692.5855,
              2247676.7842999995
            ],
            [
              4715694.9184,
              2247653.2346
            ],
            [
              4715698.7907,
              2247606.401799999
            ],
            [
              4715701.6305,
              2247572.0045999996
            ],
            [
              4715703.9118,
              2247523.3232000005
            ],
            [
              4715705.1675,
              2247490.5165999997
            ],
            [
              4715706.9798,
              2247471.2008999996
            ],
            [
              4715710.0457,
              2247418.0204000007
            ],
            [
              4715712.0924,
              2247383.8894999996
            ],
            [
              4715715.9341,
              2247321.9773999993
            ],
            [
              4715719.53,
              2247269.3248999994
            ],
            [
              4715722.8486,
              2247210.3237999994
            ],
            [
              4715726.2028,
              2247168.7829
            ],
            [
              4715727.1838,
              2247130.9505000003
            ],
            [
              4715732.5884,
              2247057.1305
            ],
            [
              4715733.89,
              2247046.8104999997
            ],
            [
              4715742.2224,
              2246964.4013
            ],
            [
              4715743.2456,
              2246947.335999999
            ],
            [
              4715744.7918,
              2246927.2271
            ],
            [
              4715744.7719,
              2246917.4387999997
            ],
            [
              4715744.4935,
              2246910.6933999993
            ],
            [
              4715743.0301,
              2246906.596000001
            ],
            [
              4715739.9768,
              2246901.1788999997
            ],
            [
              4715737.9864,
              2246898.1406999994
            ],
            [
              4715734.5398,
              2246894.444
            ],
            [
              4715730.567,
              2246892.203400001
            ],
            [
              4715725.8022,
              2246890.758199999
            ],
            [
              4715721.436,
              2246890.238
            ],
            [
              4715713.4667,
              2246891.2978000008
            ],
            [
              4715680.1791,
              2246913.5878999997
            ],
            [
              4715633.4213,
              2246946.4875000007
            ],
            [
              4715561.5725,
              2246999.5439
            ],
            [
              4715502.1364,
              2247042.2576
            ],
            [
              4715457.4944,
              2247074.8882999998
            ],
            [
              4715413.6423,
              2247105.6655
            ],
            [
              4715352.885,
              2247149.1755999997
            ],
            [
              4715309.8254,
              2247179.4222
            ],
            [
              4715292.9123,
              2247188.186899999
            ],
            [
              4715270.7064,
              2247196.1687000003
            ],
            [
              4715248.4996,
              2247203.6214000005
            ],
            [
              4715178.4393,
              2247225.7222000007
            ],
            [
              4715134.8144,
              2247238.245100001
            ],
            [
              4715044.924,
              2247265.6774000004
            ],
            [
              4715012.4882,
              2247276.7535999995
            ],
            [
              4714991.4734,
              2247284.9975000005
            ],
            [
              4714959.3576,
              2247298.1582999993
            ],
            [
              4714939.5326,
              2247306.0031000003
            ],
            [
              4714931.6241,
              2247308.8917999994
            ],
            [
              4714923.5446,
              2247311.261
            ],
            [
              4714915.3284,
              2247313.1006000005
            ],
            [
              4714907.0102,
              2247314.402899999
            ],
            [
              4714886.507,
              2247314.0480000004
            ]
          ],
          [
            [
              4714517.1193,
              2247293.2646999992
            ],
            [
              4714550.1168,
              2247294.2654999997
            ],
            [
              4714587.4213,
              2247295.7764
            ],
            [
              4714621.2332,
              2247296.9771999996
            ],
            [
              4714644.0914,
              2247297.5654000007
            ],
            [
              4714665.3624,
              2247298.1568
            ],
            [
              4714699.8084,
              2247299.0387999993
            ],
            [
              4714727.7467,
              2247299.9341
            ],
            [
              4714758.0658,
              2247300.8244000003
            ],
            [
              4714774.419,
              2247302.8545999993
            ],
            [
              4714808.0803,
              2247308.0238000005
            ],
            [
              4714840.6212,
              2247308.7509000003
            ],
            [
              4714863.3198,
              2247308.8632999994
            ],
            [
              4714868.3987,
              2247308.6941
            ],
            [
              4714879.9569,
              2247308.3735000007
            ],
            [
              4714891.4821,
              2247307.4461000003
            ],
            [
              4714902.9427,
              2247305.9144
            ],
            [
              4714914.307,
              2247303.7828
            ],
            [
              4714925.5437,
              2247301.057
            ],
            [
              4714936.6216,
              2247297.7446
            ],
            [
              4714964.2454,
              2247287.238500001
            ],
            [
              4714974.4222,
              2247283.1172
            ],
            [
              4714977.9941,
              2247281.5261000004
            ],
            [
              4714981.2591,
              2247279.3742999993
            ],
            [
              4714984.1298,
              2247276.7193
            ],
            [
              4714986.5296,
              2247273.632099999
            ],
            [
              4714986.5216,
              2247269.7167000007
            ],
            [
              4714986.4936,
              2247256.0660999995
            ],
            [
              4714985.9208,
              2247239.8134000003
            ],
            [
              4714984.8245,
              2247221.191400001
            ],
            [
              4714982.4716,
              2247209.0270000007
            ],
            [
              4714978.8526,
              2247198.6641000006
            ],
            [
              4714975.0217,
              2247188.195699999
            ],
            [
              4714974.0493,
              2247184.6171000004
            ],
            [
              4714973.0761,
              2247144.5161000006
            ]
          ],
          [
            [
              4714886.507,
              2247314.0480000004
            ],
            [
              4714829.7876,
              2247314.0581
            ],
            [
              4714798.0108,
              2247311.8478999995
            ],
            [
              4714771.8119,
              2247307.6687000003
            ],
            [
              4714740.5905,
              2247305.351500001
            ],
            [
              4714669.6886,
              2247304.0414000005
            ],
            [
              4714637.5444,
              2247303.3136
            ],
            [
              4714611.6235,
              2247305.7475000005
            ],
            [
              4714591.1292,
              2247309.7576
            ],
            [
              4714568.2547,
              2247314.169399999
            ],
            [
              4714559.3536,
              2247315.4218000006
            ],
            [
              4714550.3941,
              2247316.146400001
            ],
            [
              4714541.4074,
              2247316.3406000007
            ],
            [
              4714516.4223,
              2247315.7382999994
            ]
          ],
          [
            [
              4714973.0761,
              2247144.5161000006
            ],
            [
              4714971.1605,
              2247065.5760999992
            ],
            [
              4714971.5785,
              2247063.174900001
            ],
            [
              4714972.4018,
              2247060.8808999993
            ],
            [
              4714973.6058,
              2247058.7619000003
            ],
            [
              4714975.1553,
              2247056.8805
            ],
            [
              4714977.0042,
              2247055.2925000004
            ],
            [
              4714979.0979,
              2247054.0448000003
            ],
            [
              4714981.3743,
              2247053.1743
            ],
            [
              4714983.7664,
              2247052.7068000007
            ],
            [
              4714986.2031,
              2247052.6559999995
            ],
            [
              4714988.6125,
              2247053.023600001
            ],
            [
              4714990.9233,
              2247053.7984999996
            ],
            [
              4714993.0671,
              2247054.9580000006
            ],
            [
              4714994.9805,
              2247056.467700001
            ],
            [
              4714996.6069,
              2247058.2829
            ],
            [
              4714997.8982,
              2247060.3499999996
            ],
            [
              4714998.8161,
              2247062.6076999996
            ],
            [
              4714999.3337,
              2247064.9893999994
            ],
            [
              4715002.6211,
              2247184.8762
            ],
            [
              4715001.7559,
              2247188.8103
            ],
            [
              4715000.5335,
              2247192.648600001
            ],
            [
              4714998.9642,
              2247196.3584000003
            ],
            [
              4714996.4258,
              2247206.3779000007
            ],
            [
              4714994.6442,
              2247216.5592
            ],
            [
              4714993.6297,
              2247226.8453
            ],
            [
              4714994.202,
              2247248.0079999994
            ],
            [
              4714993.9319,
              2247271.1831
            ],
            [
              4714993.8993,
              2247273.4464999996
            ],
            [
              4714993.4911,
              2247275.6730000004
            ],
            [
              4714992.7183,
              2247277.8005999997
            ],
            [
              4714991.6027,
              2247279.770199999
            ],
            [
              4714990.1753,
              2247281.5270000007
            ],
            [
              4714988.4757,
              2247283.0220999997
            ],
            [
              4714986.5512,
              2247284.2139999997
            ],
            [
              4714943.0942,
              2247301.2339999992
            ],
            [
              4714932.0705,
              2247304.955
            ],
            [
              4714920.8702,
              2247308.1044999994
            ],
            [
              4714909.5227,
              2247310.6741000004
            ],
            [
              4714898.0582,
              2247312.6569
            ],
            [
              4714886.507,
              2247314.0480000004
            ]
          ],
          [
            [
              4714516.4223,
              2247315.7382999994
            ],
            [
              4714514.6131,
              2247315.2195999995
            ],
            [
              4714512.914,
              2247314.41
            ],
            [
              4714511.3712,
              2247313.3320000004
            ],
            [
              4714510.0268,
              2247312.0146999992
            ],
            [
              4714508.9176,
              2247310.4941000007
            ],
            [
              4714508.0737,
              2247308.8117999993
            ],
            [
              4714507.5182,
              2247307.0134999994
            ],
            [
              4714507.2661,
              2247305.1483999994
            ],
            [
              4714507.3244,
              2247303.2671000008
            ],
            [
              4714507.6916,
              2247301.4211
            ],
            [
              4714508.3575,
              2247299.660700001
            ],
            [
              4714509.3041,
              2247298.0339
            ],
            [
              4714510.5053,
              2247296.584899999
            ],
            [
              4714511.9287,
              2247295.3534999993
            ],
            [
              4714513.5354,
              2247294.3731999993
            ],
            [
              4714515.2814,
              2247293.670499999
            ],
            [
              4714517.1193,
              2247293.2646999992
            ]
          ],
          [
            [
              4714516.4223,
              2247315.7382999994
            ],
            [
              4714437.0969,
              2247313.826199999
            ],
            [
              4714422.4864,
              2247310.2051999997
            ],
            [
              4714413.9118,
              2247308.635500001
            ],
            [
              4714391.848,
              2247308.522
            ],
            [
              4714357.7194,
              2247307.6393
            ],
            [
              4714345.9748,
              2247308.2982
            ],
            [
              4714336.2958,
              2247310.0639999993
            ],
            [
              4714330.2684,
              2247312.1399000008
            ],
            [
              4714317.8863,
              2247311.5303000007
            ],
            [
              4714270.7418,
              2247310.6743
            ],
            [
              4714197.4035,
              2247308.1257000007
            ],
            [
              4714143.1147,
              2247306.490700001
            ],
            [
              4714101.8428,
              2247305.4639
            ],
            [
              4714047.2371,
              2247304.147
            ],
            [
              4713980.2493,
              2247302.2204
            ],
            [
              4713946.9158,
              2247302.129899999
            ],
            [
              4713927.2266,
              2247298.8367999997
            ],
            [
              4713921.6678,
              2247297.2608000003
            ],
            [
              4713897.3826,
              2247297.4691000003
            ],
            [
              4713851.9841,
              2247296.6096
            ],
            [
              4713838.5758,
              2247298.7797999997
            ],
            [
              4713825.1676,
              2247300.950200001
            ],
            [
              4713792.6269,
              2247300.3817
            ],
            [
              4713717.8609,
              2247298.3123000003
            ],
            [
              4713632.9365,
              2247296.4223999996
            ],
            [
              4713596.9008,
              2247294.432600001
            ],
            [
              4713565.4649,
              2247290.846000001
            ],
            [
              4713545.7782,
              2247288.822899999
            ],
            [
              4713521.6459,
              2247286.173800001
            ],
            [
              4713506.2475,
              2247285.4115999993
            ],
            [
              4713487.6755,
              2247285.132099999
            ],
            [
              4713471.167,
              2247284.8484000005
            ],
            [
              4713416.5619,
              2247283.8488999996
            ],
            [
              4713413.7898,
              2247283.7854999993
            ],
            [
              4713359.2576,
              2247282.5374999996
            ],
            [
              4713328.9377,
              2247281.3296000008
            ],
            [
              4713267.9811,
              2247279.232000001
            ],
            [
              4713185.5953,
              2247276.8607
            ],
            [
              4713117.6545,
              2247274.7773
            ],
            [
              4713013.6806,
              2247271.9739999995
            ],
            [
              4712967.6464,
              2247270.7982
            ],
            [
              4712878.4336,
              2247267.6471999995
            ],
            [
              4712829.6997,
              2247265.842
            ],
            [
              4712807.0014,
              2247265.8884999994
            ],
            [
              4712777.1579,
              2247264.8384000007
            ],
            [
              4712767.3163,
              2247264.6997999996
            ],
            [
              4712692.8669,
              2247262.3122000005
            ],
            [
              4712613.8117,
              2247258.6643000003
            ],
            [
              4712568.7273,
              2247256.2167000007
            ],
            [
              4712493.4813,
              2247252.4023
            ],
            [
              4712425.6959,
              2247248.7313
            ],
            [
              4712369.1825,
              2247246.1483999994
            ],
            [
              4712307.5898,
              2247243.5757999998
            ],
            [
              4712266.1574,
              2247241.7557999995
            ],
            [
              4712229.1695,
              2247239.9266
            ],
            [
              4712184.8812,
              2247238.747300001
            ],
            [
              4712124.2487,
              2247239.9824
            ],
            [
              4712081.2347,
              2247241.0227000006
            ],
            [
              4711993.2935,
              2247238.8214
            ],
            [
              4711950.4332,
              2247237.3216999993
            ],
            [
              4711932.3396,
              2247238.1524
            ],
            [
              4711906.6241,
              2247237.5701
            ],
            [
              4711805.0309,
              2247234.920499999
            ],
            [
              4711766.9325,
              2247233.4112
            ],
            [
              4711762.8055,
              2247233.419500001
            ],
            [
              4711721.8715,
              2247242.5507999994
            ],
            [
              4711659.362,
              2247257.4406000003
            ],
            [
              4711655.0773,
              2247257.9255999997
            ],
            [
              4711640.3128,
              2247256.685900001
            ],
            [
              4711551.4109,
              2247250.5183000006
            ],
            [
              4711491.5602,
              2247246.0374999996
            ],
            [
              4711382.3372,
              2247238.1654000003
            ],
            [
              4711343.7601,
              2247235.5459000003
            ],
            [
              4711339.3135,
              2247234.4439000003
            ],
            [
              4711338.0358,
              2247230.6369000003
            ],
            [
              4711338.337,
              2247222.6997999996
            ],
            [
              4711338.7822,
              2247207.4606999997
            ],
            [
              4711339.2386,
              2247197.7771000005
            ],
            [
              4711340.3403,
              2247193.1717000008
            ],
            [
              4711343.1874,
              2247188.2452000007
            ],
            [
              4711346.9888,
              2247184.269200001
            ],
            [
              4711352.3795,
              2247181.2423
            ],
            [
              4711362.3801,
              2247181.5393000003
            ],
            [
              4711378.5739,
              2247183.0934999995
            ],
            [
              4711385.717,
              2247183.2376000006
            ],
            [
              4711398.4178,
              2247184.3227999993
            ],
            [
              4711409.3727,
              2247185.5703
            ],
            [
              4711414.1369,
              2247186.671599999
            ],
            [
              4711418.4304,
              2247190.4724000003
            ],
            [
              4711421.2999,
              2247196.498299999
            ],
            [
              4711420.8467,
              2247207.769099999
            ],
            [
              4711418.9857,
              2247229.2016000003
            ],
            [
              4711420.2647,
              2247233.6435000002
            ],
            [
              4711424.8747,
              2247236.9674999993
            ],
            [
              4711466.3104,
              2247240.3748000003
            ],
            [
              4711555.212,
              2247246.3836000003
            ],
            [
              4711644.1154,
              2247253.3446999993
            ],
            [
              4711653.7997,
              2247254.1185999997
            ],
            [
              4711659.1955,
              2247253.6314000003
            ],
            [
              4711689.9746,
              2247246.4255
            ],
            [
              4711742.9638,
              2247233.3013000004
            ],
            [
              4711754.2282,
              2247230.5799000002
            ],
            [
              4711760.2571,
              2247229.1390000004
            ],
            [
              4711765.8102,
              2247228.0165
            ],
            [
              4711770.5714,
              2247227.6893000007
            ],
            [
              4711793.9029,
              2247226.689200001
            ],
            [
              4711805.1737,
              2247227.1424000002
            ],
            [
              4711886.6074,
              2247229.5156999994
            ],
            [
              4711931.0551,
              2247231.0121999998
            ],
            [
              4711941.6916,
              2247231.7841
            ],
            [
              4711951.5342,
              2247232.3989000004
            ],
            [
              4711967.2494,
              2247232.8429000005
            ],
            [
              4712022.0143,
              2247234.159600001
            ],
            [
              4712075.5094,
              2247235.637599999
            ],
            [
              4712095.0339,
              2247235.915100001
            ],
            [
              4712115.1923,
              2247235.7150999997
            ],
            [
              4712137.4135,
              2247235.193600001
            ],
            [
              4712172.9684,
              2247234.8034000006
            ],
            [
              4712192.3337,
              2247234.9224999994
            ],
            [
              4712208.9997,
              2247234.5710000005
            ],
            [
              4712231.22,
              2247233.5733000003
            ],
            [
              4712241.8539,
              2247233.0754000004
            ],
            [
              4712255.3462,
              2247233.2064999994
            ],
            [
              4712267.4114,
              2247233.9755000006
            ],
            [
              4712335.8324,
              2247237.9626
            ],
            [
              4712406.7944,
              2247242.579500001
            ],
            [
              4712442.036,
              2247244.2534999996
            ],
            [
              4712471.0871,
              2247245.9400999993
            ],
            [
              4712507.5988,
              2247247.770300001
            ],
            [
              4712529.8233,
              2247248.8358999994
            ],
            [
              4712541.253,
              2247249.4474
            ],
            [
              4712599.3554,
              2247252.8209000006
            ],
            [
              4712619.1981,
              2247253.5738999993
            ],
            [
              4712656.6603,
              2247254.4497999996
            ],
            [
              4712691.5828,
              2247255.3308000006
            ],
            [
              4712718.5678,
              2247255.7518000007
            ],
            [
              4712743.0138,
              2247256.4955
            ],
            [
              4712769.3652,
              2247257.5527
            ],
            [
              4712812.7024,
              2247259.368899999
            ],
            [
              4712832.0692,
              2247260.2817
            ],
            [
              4712883.819,
              2247262.0807000007
            ],
            [
              4712910.8053,
              2247263.136600001
            ],
            [
              4712963.349,
              2247265.092700001
            ],
            [
              4712987.3181,
              2247265.5198999997
            ],
            [
              4713013.5108,
              2247266.5775000006
            ],
            [
              4713045.5765,
              2247267.6229999997
            ],
            [
              4713093.5163,
              2247269.2710999995
            ],
            [
              4713108.9137,
              2247269.5571
            ],
            [
              4713152.5666,
              2247270.5789
            ],
            [
              4713177.6472,
              2247271.1625999995
            ],
            [
              4713227.0153,
              2247272.649
            ],
            [
              4713249.8739,
              2247273.3959
            ],
            [
              4713280.8282,
              2247274.2851
            ],
            [
              4713303.5281,
              2247275.0321999993
            ],
            [
              4713335.5927,
              2247275.6017000005
            ],
            [
              4713372.4195,
              2247276.3200000003
            ],
            [
              4713414.8032,
              2247277.6620000005
            ],
            [
              4713454.6453,
              2247278.0568000004
            ],
            [
              4713485.7581,
              2247278.9455999993
            ],
            [
              4713500.9949,
              2247278.2795
            ],
            [
              4713516.0714,
              2247276.9788000006
            ],
            [
              4713537.3357,
              2247274.2369
            ],
            [
              4713549.2372,
              2247272.6251999997
            ],
            [
              4713564.1574,
              2247272.4361000005
            ],
            [
              4713575.9037,
              2247272.570800001
            ],
            [
              4713590.3488,
              2247272.8586999997
            ],
            [
              4713624.3185,
              2247273.5829000007
            ],
            [
              4713654.3202,
              2247274.4739999995
            ],
            [
              4713695.1158,
              2247275.5018000007
            ],
            [
              4713736.8639,
              2247276.5275
            ],
            [
              4713784.326,
              2247277.3828
            ],
            [
              4713810.5172,
              2247277.8056000005
            ],
            [
              4713823.3743,
              2247277.7793000005
            ],
            [
              4713838.6159,
              2247279.4941000007
            ],
            [
              4713850.0501,
              2247282.3279
            ],
            [
              4713866.7183,
              2247283.0875000004
            ],
            [
              4713882.1151,
              2247283.0560999997
            ],
            [
              4713905.4486,
              2247283.1669999994
            ],
            [
              4713922.4343,
              2247283.926000001
            ],
            [
              4713938.9405,
              2247283.0985000003
            ],
            [
              4713951.32,
              2247282.4383000005
            ],
            [
              4713980.6864,
              2247283.1720000003
            ],
            [
              4714015.1326,
              2247284.0538999997
            ],
            [
              4714085.9294,
              2247285.655200001
            ],
            [
              4714108.629,
              2247286.2436999995
            ],
            [
              4714168.1545,
              2247287.2332000006
            ],
            [
              4714188.4719,
              2247287.1917000003
            ],
            [
              4714232.4408,
              2247287.5779999997
            ],
            [
              4714254.5044,
              2247287.6917000003
            ],
            [
              4714280.0607,
              2247288.1154999994
            ],
            [
              4714291.9658,
              2247288.25
            ],
            [
              4714324.6647,
              2247288.500600001
            ],
            [
              4714336.5718,
              2247289.746099999
            ],
            [
              4714345.3074,
              2247292.4265
            ],
            [
              4714355.6277,
              2247293.8341000006
            ],
            [
              4714364.8344,
              2247293.9739999995
            ],
            [
              4714391.184,
              2247294.2375000007
            ],
            [
              4714404.8354,
              2247294.5271000005
            ],
            [
              4714415.7883,
              2247294.8222000003
            ],
            [
              4714427.0593,
              2247295.4341
            ],
            [
              4714440.0699,
              2247292.867799999
            ],
            [
              4714455.9412,
              2247292.0418
            ],
            [
              4714468.4807,
              2247292.0161000006
            ],
            [
              4714489.1174,
              2247292.9263000004
            ],
            [
              4714505.9874,
              2247292.927100001
            ],
            [
              4714517.1193,
              2247293.2646999992
            ]
          ]
        ]
      }
    },
    {
      "type": "Feature",
      "properties": {
        "objectid": 4,
        "nombre": "U. de M-Av. del Ferrocarril-Parque Aranjuez",
        "linea": "Línea 1",
        "tipo": 3,
        "estado": 1,
        "label": "U. de M-Av. del Ferrocarril-Parque Aranjuez",
        "codigo_linea": 9,
        "fecha_actualizacion": null,
        "st_length(shape)": 24897.4019726227
      },
      "geometry": {
        "type": "MultiLineString",
        "coordinates": [
          [
            [
              4714993.8993,
              2247273.4464999996
            ],
            [
              4714993.566,
              2247282.3714000005
            ],
            [
              4714992.4431,
              2247290.221000001
            ],
            [
              4714990.8699,
              2247297.992900001
            ],
            [
              4714988.8518,
              2247305.6613999996
            ],
            [
              4714986.2247,
              2247314.6613
            ],
            [
              4714983.9239,
              2247323.6884000003
            ],
            [
              4714982.3103,
              2247332.8632999994
            ],
            [
              4714981.3932,
              2247342.1337
            ],
            [
              4714981.1777,
              2247351.446799999
            ],
            [
              4714981.665,
              2247360.7498000003
            ],
            [
              4714982.8525,
              2247369.9893999994
            ],
            [
              4714984.7334,
              2247379.1132999994
            ],
            [
              4714987.2968,
              2247388.0692999996
            ],
            [
              4715024.4298,
              2247537.534499999
            ],
            [
              4715025.0223,
              2247543.8276000004
            ],
            [
              4715024.914,
              2247550.1476000007
            ],
            [
              4715024.1062,
              2247556.4167
            ],
            [
              4715022.6087,
              2247562.5578000005
            ],
            [
              4715020.4402,
              2247568.495100001
            ],
            [
              4715017.6272,
              2247574.1556
            ],
            [
              4715014.2044,
              2247579.4695999995
            ],
            [
              4715010.214,
              2247584.3717
            ],
            [
              4715005.705,
              2247588.8016999997
            ],
            [
              4715000.733,
              2247592.7047000006
            ],
            [
              4714995.3592,
              2247596.0329
            ],
            [
              4714989.6498,
              2247598.7452000007
            ],
            [
              4714983.675,
              2247600.8082999997
            ],
            [
              4714938.0042,
              2247610.767000001
            ],
            [
              4714933.8934,
              2247612.9608999994
            ],
            [
              4714930.2124,
              2247615.8177000005
            ],
            [
              4714927.0668,
              2247619.2555
            ],
            [
              4714924.5475,
              2247623.1752000004
            ],
            [
              4714922.7266,
              2247627.4641999993
            ],
            [
              4714921.6564,
              2247631.9992999993
            ],
            [
              4714921.368,
              2247636.6499000005
            ],
            [
              4714921.8695,
              2247641.2825000007
            ],
            [
              4714923.1464,
              2247645.763699999
            ],
            [
              4714952.8949,
              2247756.5304000005
            ],
            [
              4714969.5721,
              2247790.9504000004
            ],
            [
              4715033.1231,
              2247888.6411000006
            ],
            [
              4715040.3852,
              2247899.6988999993
            ],
            [
              4715047.0873,
              2247911.1045999993
            ],
            [
              4715053.213,
              2247922.8301999997
            ],
            [
              4715058.747,
              2247934.8463000003
            ],
            [
              4715063.6755,
              2247947.1229999997
            ],
            [
              4715089.5772,
              2248028.5402000006
            ],
            [
              4715109.2194,
              2248095.9121000003
            ],
            [
              4715121.6822,
              2248155.9108000007
            ],
            [
              4715127.1462,
              2248191.3376
            ],
            [
              4715131.3119,
              2248231.7979000006
            ],
            [
              4715134.8076,
              2248297.6610000003
            ],
            [
              4715137.5457,
              2248370.935900001
            ],
            [
              4715138.3995,
              2248437.6054999996
            ],
            [
              4715136.4581,
              2248473.5976
            ],
            [
              4715135.96,
              2248479.9499999993
            ],
            [
              4715136.5238,
              2248487.0908000004
            ],
            [
              4715138.0079,
              2248520.1558999997
            ],
            [
              4715143.7888,
              2248674.906300001
            ],
            [
              4715150.0899,
              2248827.801999999
            ],
            [
              4715157.9115,
              2249021.1708000004
            ],
            [
              4715164.8415,
              2249194.435900001
            ],
            [
              4715170.7484,
              2249320.6109999996
            ],
            [
              4715177.4891,
              2249454.9839999992
            ],
            [
              4715186.7763,
              2249568.972100001
            ],
            [
              4715190.9166,
              2249658.3795
            ],
            [
              4715190.1875,
              2249725.8505000006
            ],
            [
              4715190.3533,
              2249736.4634000007
            ],
            [
              4715191.1968,
              2249747.0439
            ],
            [
              4715192.7148,
              2249757.5489000008
            ],
            [
              4715194.901,
              2249767.9354
            ],
            [
              4715197.7465,
              2249778.1610000003
            ],
            [
              4715201.2396,
              2249788.1840000004
            ],
            [
              4715205.3661,
              2249797.9630999994
            ],
            [
              4715210.1091,
              2249807.4585999995
            ],
            [
              4715215.4493,
              2249816.6315
            ],
            [
              4715221.3647,
              2249825.4443999995
            ],
            [
              4715322.3927,
              2249925.4911
            ],
            [
              4715354.2653,
              2249950.7349999994
            ],
            [
              4715386.7006,
              2249982.8552
            ],
            [
              4715435.906,
              2250035.7951999996
            ],
            [
              4715469.1428,
              2250069.499
            ],
            [
              4715479.5115,
              2250079.7667999994
            ],
            [
              4715508.1563,
              2250094.1788
            ],
            [
              4715529.3492,
              2250099.6314000003
            ],
            [
              4715547.3491,
              2250101.3956000004
            ],
            [
              4715561.6605,
              2250106.3527000006
            ],
            [
              4715582.3745,
              2250122.1262999997
            ],
            [
              4715624.3797,
              2250163.4597999994
            ],
            [
              4715637.4044,
              2250175.8313999996
            ],
            [
              4715640.7186,
              2250181.9284000006
            ],
            [
              4715643.4684,
              2250188.299900001
            ],
            [
              4715645.6312,
              2250194.8938999996
            ],
            [
              4715647.1892,
              2250201.656199999
            ],
            [
              4715648.13,
              2250208.5317
            ],
            [
              4715648.4455,
              2250215.4640999995
            ],
            [
              4715651.2029,
              2250222.624399999
            ],
            [
              4715654.597,
              2250229.5057999995
            ],
            [
              4715658.6,
              2250236.0515
            ],
            [
              4715680.9223,
              2250256.0504
            ],
            [
              4715712.5561,
              2250286.5869999994
            ],
            [
              4715728.5221,
              2250305.2939999998
            ],
            [
              4715745.0418,
              2250329.0253
            ],
            [
              4715825.6763,
              2250478.9113999996
            ],
            [
              4715868.6716,
              2250560.4557000007
            ],
            [
              4715962.9364,
              2250738.3201
            ],
            [
              4715982.4014,
              2250769.1805000007
            ],
            [
              4715998.4412,
              2250802.9680000003
            ],
            [
              4716014.4452,
              2250883.5856999997
            ],
            [
              4716015.4822,
              2250887.2485000007
            ],
            [
              4716017.0864,
              2250890.7007999998
            ],
            [
              4716019.2175,
              2250893.8551000003
            ],
            [
              4716021.8214,
              2250896.6318999995
            ],
            [
              4716024.8325,
              2250898.961100001
            ],
            [
              4716028.1745,
              2250900.7837000005
            ],
            [
              4716031.7632,
              2250902.0536
            ],
            [
              4716035.5078,
              2250902.7389
            ],
            [
              4716039.3136,
              2250902.8221000005
            ],
            [
              4716043.0845,
              2250902.3013000004
            ],
            [
              4716373.6067,
              2250848.1275999993
            ],
            [
              4716405.6712,
              2250844.9943000004
            ],
            [
              4716431.1264,
              2250842.8856000006
            ],
            [
              4716458.2254,
              2250838.784499999
            ],
            [
              4716550.7731,
              2250827.7490999997
            ],
            [
              4716608.638,
              2250825.482000001
            ],
            [
              4716629.1404,
              2250825.0511000007
            ],
            [
              4716678.7117,
              2250817.533
            ],
            [
              4716757.3499,
              2250802.5968999993
            ],
            [
              4716793.3393,
              2250790.5152000003
            ],
            [
              4716816.7924,
              2250784.7784
            ],
            [
              4716861.0722,
              2250777.2861
            ],
            [
              4716907.6927,
              2250775.0738999993
            ],
            [
              4716917.2801,
              2250774.365599999
            ],
            [
              4717086.4619,
              2250744.4355999995
            ],
            [
              4717128.7541,
              2250736.2917
            ],
            [
              4717136.5025,
              2250733.418400001
            ],
            [
              4717143.9812,
              2250729.9025
            ],
            [
              4717151.1369,
              2250725.7687999997
            ],
            [
              4717157.9189,
              2250721.0468000006
            ],
            [
              4717164.2788,
              2250715.7699999996
            ],
            [
              4717170.1714,
              2250709.9760999996
            ],
            [
              4717175.5548,
              2250703.7062
            ],
            [
              4717180.3906,
              2250697.005000001
            ],
            [
              4717184.6447,
              2250689.9200999998
            ],
            [
              4717188.2865,
              2250682.5018000007
            ],
            [
              4717191.2902,
              2250674.803099999
            ],
            [
              4717201.3499,
              2250635.398499999
            ],
            [
              4717203.2986,
              2250628.1131999996
            ],
            [
              4717211.8422,
              2250616.8269999996
            ],
            [
              4717238.1745,
              2250591.232999999
            ],
            [
              4717247.7215,
              2250582.2569999993
            ],
            [
              4717251.5264,
              2250579.6282
            ],
            [
              4717255.7136,
              2250577.6643000003
            ],
            [
              4717260.1677,
              2250576.419500001
            ],
            [
              4717264.7662,
              2250575.9278999995
            ],
            [
              4717269.3828,
              2250576.2030999996
            ],
            [
              4717273.8904,
              2250577.237400001
            ],
            [
              4717278.1651,
              2250579.0025999993
            ],
            [
              4717282.0893,
              2250581.4497999996
            ],
            [
              4717285.555,
              2250584.5121
            ],
            [
              4717288.467,
              2250588.1049000006
            ],
            [
              4717290.6704,
              2250591.4308
            ],
            [
              4717292.4762,
              2250594.988500001
            ],
            [
              4717323.2554,
              2250674.3851999994
            ],
            [
              4717330.0438,
              2250695.005999999
            ],
            [
              4717338.4267,
              2250719.194700001
            ],
            [
              4717342.8357,
              2250740.614
            ],
            [
              4717344.0758,
              2250764.817500001
            ],
            [
              4717347.7018,
              2250791.397
            ],
            [
              4717350.3044,
              2250821.9733000007
            ],
            [
              4717354.6153,
              2250860.0592
            ],
            [
              4717358.2675,
              2250886.5063000005
            ],
            [
              4717361.4942,
              2250911.8961999994
            ],
            [
              4717364.9391,
              2250940.4602000006
            ],
            [
              4717369.8989,
              2250985.3171999995
            ],
            [
              4717377.2012,
              2251037.1534
            ],
            [
              4717380.0042,
              2251062.3324999996
            ],
            [
              4717384.5225,
              2251098.3016999997
            ],
            [
              4717387.1066,
              2251119.883300001
            ],
            [
              4717391.8414,
              2251158.1799999997
            ],
            [
              4717395.5026,
              2251189.0715999994
            ],
            [
              4717400.2422,
              2251229.6963
            ],
            [
              4717403.2664,
              2251259.5308
            ],
            [
              4717408.6505,
              2251304.8103
            ],
            [
              4717413.3669,
              2251334.2181
            ],
            [
              4717419.5818,
              2251371.8768000007
            ],
            [
              4717423.4313,
              2251391.3396000005
            ],
            [
              4717430.9183,
              2251430.0538
            ],
            [
              4717435.1958,
              2251451.843699999
            ],
            [
              4717436.699,
              2251462.4225999992
            ],
            [
              4717442.0505,
              2251491.8290999997
            ],
            [
              4717448.0346,
              2251520.1762000006
            ],
            [
              4717449.9593,
              2251529.9077000003
            ],
            [
              4717453.8153,
              2251552.5449
            ],
            [
              4717457.4532,
              2251572.0080999993
            ],
            [
              4717459.591,
              2251582.374
            ],
            [
              4717463.4392,
              2251601.2017
            ],
            [
              4717465.7997,
              2251617.069700001
            ],
            [
              4717468.582,
              2251632.0902999993
            ],
            [
              4717472.438,
              2251654.727499999
            ],
            [
              4717477.1507,
              2251682.2306999993
            ],
            [
              4717485.0738,
              2251727.2931999993
            ],
            [
              4717488.0695,
              2251743.1599000003
            ],
            [
              4717498.1238,
              2251795.4136999995
            ],
            [
              4717503.9007,
              2251825.8774999995
            ],
            [
              4717508.3912,
              2251848.3017999995
            ],
            [
              4717513.9531,
              2251877.0731000006
            ],
            [
              4717516.9595,
              2251898.2306999993
            ],
            [
              4717522.0936,
              2251924.8863999993
            ],
            [
              4717525.5212,
              2251944.9848999996
            ],
            [
              4717530.8761,
              2251976.0846999995
            ],
            [
              4717536.2276,
              2252005.4912
            ],
            [
              4717544.5751,
              2252050.976
            ],
            [
              4717547.7814,
              2252066.4189999998
            ],
            [
              4717552.9273,
              2252098.789000001
            ],
            [
              4717556.7843,
              2252121.8495000005
            ],
            [
              4717565.1339,
              2252168.3925
            ],
            [
              4717567.6992,
              2252180.8739
            ],
            [
              4717574.763,
              2252219.5889
            ],
            [
              4717579.899,
              2252247.0912999995
            ],
            [
              4717588.6689,
              2252292.1520000007
            ],
            [
              4717595.953,
              2252335.099300001
            ],
            [
              4717599.6005,
              2252359.2185999993
            ],
            [
              4717610.2904,
              2252411.682600001
            ],
            [
              4717615.6466,
              2252443.4170999993
            ],
            [
              4717623.9876,
              2252485.727499999
            ],
            [
              4717626.9854,
              2252502.6522000004
            ],
            [
              4717633.6259,
              2252541.3682000004
            ],
            [
              4717641.7582,
              2252585.1603999995
            ],
            [
              4717656.3078,
              2252661.9548000004
            ],
            [
              4717666.1564,
              2252716.9602000006
            ],
            [
              4717673.0047,
              2252753.7710999995
            ],
            [
              4717676.4305,
              2252773.023
            ],
            [
              4717676.6653,
              2252784.2391999997
            ],
            [
              4717673.9384,
              2252796.0966
            ],
            [
              4717668.2556,
              2252811.3461000007
            ],
            [
              4717658.1424,
              2252833.3773
            ],
            [
              4717648.4534,
              2252855.8308000006
            ],
            [
              4717643.6144,
              2252869.8088000007
            ],
            [
              4717641.307,
              2252879.7606000006
            ],
            [
              4717641.3297,
              2252890.7656999994
            ],
            [
              4717643.0755,
              2252916.370100001
            ],
            [
              4717645.5608,
              2252940.3757000007
            ],
            [
              4717646.0987,
              2252945.5699000005
            ],
            [
              4717649.5835,
              2252993.3927999996
            ],
            [
              4717651.5326,
              2253014.9758
            ],
            [
              4717652.6187,
              2253028.5184000004
            ],
            [
              4717653.2803,
              2253041.4267999995
            ],
            [
              4717650.5551,
              2253054.1307999995
            ],
            [
              4717645.2879,
              2253065.5700000003
            ],
            [
              4717635.1532,
              2253077.2310000006
            ],
            [
              4717626.278,
              2253083.8100000005
            ],
            [
              4717611.0506,
              2253088.9207000006
            ],
            [
              4717583.3429,
              2253097.0199999996
            ],
            [
              4717567.4793,
              2253101.4969999995
            ],
            [
              4717555.2118,
              2253105.1202000007
            ],
            [
              4717545.48,
              2253106.8334
            ],
            [
              4717533.8434,
              2253108.5505
            ],
            [
              4717510.1415,
              2253109.2343000006
            ],
            [
              4717493.0002,
              2253109.9045
            ],
            [
              4717477.1309,
              2253111.6303000003
            ],
            [
              4717465.9155,
              2253112.2883
            ],
            [
              4717443.4837,
              2253113.1810999997
            ],
            [
              4717424.2274,
              2253114.490700001
            ],
            [
              4717400.3152,
              2253115.809800001
            ],
            [
              4717372.8045,
              2253116.9245999996
            ],
            [
              4717363.0707,
              2253117.5796000008
            ],
            [
              4717344.4487,
              2253118.6761000007
            ],
            [
              4717324.9795,
              2253119.3511999995
            ],
            [
              4717310.168,
              2253120.8631999996
            ],
            [
              4717299.3807,
              2253123.8484000005
            ],
            [
              4717292.408,
              2253129.3653999995
            ],
            [
              4717289.0493,
              2253142.7053999994
            ],
            [
              4717285.0788,
              2253167.2635999992
            ],
            [
              4717282.9903,
              2253180.8126999997
            ],
            [
              4717283.0151,
              2253192.8759000003
            ],
            [
              4717286.2176,
              2253206.4142000005
            ],
            [
              4717291.32,
              2253217.6205
            ],
            [
              4717294.3105,
              2253230.9474
            ],
            [
              4717293.6926,
              2253239.2026000004
            ],
            [
              4717290.5359,
              2253247.8862999994
            ],
            [
              4717285.6778,
              2253252.5522000007
            ],
            [
              4717277.4301,
              2253255.532299999
            ],
            [
              4717269.1785,
              2253256.6074
            ],
            [
              4717253.3088,
              2253258.1216
            ],
            [
              4717242.7234,
              2253256.4503000006
            ],
            [
              4717234.8798,
              2253250.1173
            ],
            [
              4717231.9025,
              2253243.1393999998
            ],
            [
              4717230.6153,
              2253234.6766
            ],
            [
              4717229.5226,
              2253217.9594
            ],
            [
              4717228.426,
              2253199.3376
            ],
            [
              4717228.2158,
              2253192.752699999
            ],
            [
              4717227.9735,
              2253185.1588000003
            ],
            [
              4717227.5314,
              2253176.0593999997
            ],
            [
              4717225.7934,
              2253154.2642
            ],
            [
              4717224.7086,
              2253141.3564999998
            ],
            [
              4717225.9602,
              2253132.4651999995
            ],
            [
              4717231.2345,
              2253124.4121000003
            ],
            [
              4717241.8041,
              2253118.4645000007
            ],
            [
              4717251.3264,
              2253117.8099000007
            ],
            [
              4717265.2954,
              2253118.204399999
            ],
            [
              4717276.5143,
              2253119.239499999
            ],
            [
              4717291.1137,
              2253117.5162000004
            ],
            [
              4717309.1015,
              2253116.8442
            ],
            [
              4717327.3005,
              2253115.9602000006
            ],
            [
              4717355.8697,
              2253115.0548
            ],
            [
              4717381.4747,
              2253113.5206000004
            ],
            [
              4717408.984,
              2253111.7707
            ],
            [
              4717438.61,
              2253110.2282
            ],
            [
              4717494.2643,
              2253107.1505999994
            ],
            [
              4717522.4082,
              2253105.1878999993
            ],
            [
              4717548.2239,
              2253103.2299000006
            ],
            [
              4717564.09,
              2253100.0227000006
            ],
            [
              4717579.1067,
              2253095.3356
            ],
            [
              4717605.9687,
              2253087.6613999996
            ],
            [
              4717617.6005,
              2253083.6162
            ],
            [
              4717624.3667,
              2253080.6393999998
            ],
            [
              4717631.3412,
              2253075.9690000005
            ],
            [
              4717636.8342,
              2253071.3016
            ],
            [
              4717641.689,
              2253065.1542000007
            ],
            [
              4717645.2743,
              2253059.0091999993
            ],
            [
              4717647.59,
              2253053.0786000006
            ],
            [
              4717649.0584,
              2253046.726500001
            ],
            [
              4717649.6776,
              2253039.1062000003
            ],
            [
              4717649.0275,
              2253031.7003000006
            ],
            [
              4717647.0957,
              2253018.582800001
            ],
            [
              4717644.3139,
              2253003.7738000005
            ],
            [
              4717641.9484,
              2252985.5779
            ],
            [
              4717640,
              2252964.4181999993
            ],
            [
              4717638.0539,
              2252940.9586999994
            ],
            [
              4717637.6127,
              2252935.6404
            ],
            [
              4717635.876,
              2252914.4803
            ],
            [
              4717634.577,
              2252900.3033000007
            ],
            [
              4717634.56,
              2252892.0494999997
            ],
            [
              4717635.8115,
              2252883.1580999997
            ],
            [
              4717638.3293,
              2252872.5710000005
            ],
            [
              4717642.1139,
              2252860.4999
            ],
            [
              4717648.4351,
              2252846.9420999996
            ],
            [
              4717652.6478,
              2252837.1981000006
            ],
            [
              4717657.912,
              2252824.2773
            ],
            [
              4717664.0212,
              2252810.5084000006
            ],
            [
              4717667.8115,
              2252801.1885
            ],
            [
              4717670.9685,
              2252792.716499999
            ],
            [
              4717672.4364,
              2252786.1526999995
            ],
            [
              4717672.8493,
              2252781.0725
            ],
            [
              4717672.8363,
              2252774.7234000005
            ],
            [
              4717672.187,
              2252767.7408000007
            ],
            [
              4717670.0436,
              2252754.6237000003
            ],
            [
              4717665.7585,
              2252729.2359999996
            ],
            [
              4717661.4782,
              2252706.1764
            ],
            [
              4717650.5644,
              2252647.7870000005
            ],
            [
              4717637.9396,
              2252580.7238999996
            ],
            [
              4717629.8134,
              2252539.8946
            ],
            [
              4717623.3994,
              2252508.3739
            ],
            [
              4717619.7662,
              2252491.2387000006
            ],
            [
              4717611.6338,
              2252447.4464999996
            ],
            [
              4717611.105,
              2252444.4933
            ],
            [
              4717606.7095,
              2252419.9438000005
            ],
            [
              4717603.5023,
              2252404.0776000004
            ],
            [
              4717599.2129,
              2252376.5736
            ],
            [
              4717596.2126,
              2252358.3790000007
            ],
            [
              4717591.7154,
              2252332.780099999
            ],
            [
              4717587.2157,
              2252305.9113
            ],
            [
              4717583.7878,
              2252285.6011999995
            ],
            [
              4717579.9425,
              2252268.254899999
            ],
            [
              4717574.5993,
              2252242.8695
            ],
            [
              4717570.1019,
              2252217.0590000004
            ],
            [
              4717566.4604,
              2252195.9026999995
            ],
            [
              4717561.5401,
              2252170.3046000004
            ],
            [
              4717558.3298,
              2252152.9570000004
            ],
            [
              4717555.1169,
              2252134.3395000007
            ],
            [
              4717550.8388,
              2252112.3379999995
            ],
            [
              4717547.8338,
              2252091.8154000007
            ],
            [
              4717544.6226,
              2252074.044399999
            ],
            [
              4717539.9126,
              2252047.8111000005
            ],
            [
              4717536.6983,
              2252028.558700001
            ],
            [
              4717531.7833,
              2252005.5002999995
            ],
            [
              4717527.9272,
              2251982.863
            ],
            [
              4717524.9276,
              2251965.0917000007
            ],
            [
              4717520.6462,
              2251941.397
            ],
            [
              4717516.7971,
              2251922.1459
            ],
            [
              4717512.5243,
              2251902.6842
            ],
            [
              4717508.6734,
              2251882.5866
            ],
            [
              4717507.648,
              2251877.1644
            ],
            [
              4717503.7523,
              2251856.565199999
            ],
            [
              4717499.6859,
              2251834.5633000005
            ],
            [
              4717497.1097,
              2251816.7909999993
            ],
            [
              4717492.6079,
              2251788.8641999997
            ],
            [
              4717487.2556,
              2251759.0342999995
            ],
            [
              4717483.8336,
              2251741.6871000007
            ],
            [
              4717479.766,
              2251719.0502000004
            ],
            [
              4717473.3489,
              2251686.0480000004
            ],
            [
              4717469.064,
              2251660.6602999996
            ],
            [
              4717465.4192,
              2251637.810900001
            ],
            [
              4717461.7851,
              2251620.2523999996
            ],
            [
              4717459.0083,
              2251607.7716000006
            ],
            [
              4717452.374,
              2251572.0185000002
            ],
            [
              4717446.8104,
              2251542.400699999
            ],
            [
              4717442.9566,
              2251520.8216999993
            ],
            [
              4717438.0355,
              2251494.8003000002
            ],
            [
              4717430.1139,
              2251450.5843
            ],
            [
              4717426.0432,
              2251426.4661
            ],
            [
              4717417.9149,
              2251384.5786000006
            ],
            [
              4717414.0598,
              2251362.364499999
            ],
            [
              4717407.6357,
              2251325.9760999996
            ],
            [
              4717403.785,
              2251305.8784
            ],
            [
              4717402.0618,
              2251291.278999999
            ],
            [
              4717399.4861,
              2251273.7183999997
            ],
            [
              4717397.4454,
              2251259.013800001
            ],
            [
              4717395.4045,
              2251244.3091
            ],
            [
              4717393.8787,
              2251222.725299999
            ],
            [
              4717391.0639,
              2251191.8319000006
            ],
            [
              4717386.1109,
              2251150.361199999
            ],
            [
              4717383.52,
              2251125.3933000006
            ],
            [
              4717380.7187,
              2251101.060799999
            ],
            [
              4717378.5658,
              2251083.2874999996
            ],
            [
              4717375.546,
              2251055.5692999996
            ],
            [
              4717373.1805,
              2251037.373299999
            ],
            [
              4717369.0993,
              2251008.1756999996
            ],
            [
              4717366.299,
              2250984.2664
            ],
            [
              4717362.8554,
              2250956.3374000005
            ],
            [
              4717360.4796,
              2250933.0621000007
            ],
            [
              4717358.5392,
              2250915.7117999997
            ],
            [
              4717355.9551,
              2250894.1301000006
            ],
            [
              4717353.8036,
              2250876.9919000007
            ],
            [
              4717352.7271,
              2250868.1053
            ],
            [
              4717349.716,
              2250844.6197999995
            ],
            [
              4717346.916,
              2250820.9220000003
            ],
            [
              4717344.3333,
              2250799.975299999
            ],
            [
              4717340.882,
              2250768.2367000002
            ],
            [
              4717340.7224,
              2250766.2589999996
            ],
            [
              4717340.5361,
              2250765.4999
            ],
            [
              4717336.0128,
              2250741.406199999
            ],
            [
              4717328.6311,
              2250719.747199999
            ],
            [
              4717317.6572,
              2250693.8724000007
            ],
            [
              4717305.0679,
              2250662.317399999
            ],
            [
              4717281.6203,
              2250601.4475
            ],
            [
              4717279.5258,
              2250597.9119000006
            ],
            [
              4717276.8959,
              2250594.7541000005
            ],
            [
              4717273.7974,
              2250592.0548
            ],
            [
              4717270.3091,
              2250589.8824000005
            ],
            [
              4717266.5198,
              2250588.2920999993
            ],
            [
              4717262.5259,
              2250587.3246
            ],
            [
              4717258.4288,
              2250587.0044
            ],
            [
              4717254.3331,
              2250587.3396000005
            ],
            [
              4717250.3428,
              2250588.321799999
            ],
            [
              4717246.5593,
              2250589.925899999
            ],
            [
              4717243.079,
              2250592.1110999994
            ],
            [
              4717212.5294,
              2250620.9667000007
            ],
            [
              4717209.0489,
              2250625.2907
            ],
            [
              4717206.1537,
              2250630.0263
            ],
            [
              4717203.8916,
              2250635.0951000005
            ],
            [
              4717202.3005,
              2250640.412900001
            ],
            [
              4717201.4067,
              2250645.8911000006
            ],
            [
              4717195.3154,
              2250671.7168000005
            ],
            [
              4717189.3072,
              2250687.488500001
            ],
            [
              4717185.198,
              2250695.094900001
            ],
            [
              4717180.4612,
              2250702.3270999994
            ],
            [
              4717175.1307,
              2250709.1335000005
            ],
            [
              4717169.2443,
              2250715.465500001
            ],
            [
              4717162.8444,
              2250721.2777999993
            ],
            [
              4717155.9765,
              2250726.5288999993
            ],
            [
              4717148.6895,
              2250731.1812999994
            ],
            [
              4717141.036,
              2250735.2018
            ],
            [
              4717133.0701,
              2250738.5615999997
            ],
            [
              4717121.0452,
              2250741.2661000006
            ],
            [
              4716995.2197,
              2250764.2376000006
            ],
            [
              4716897.1455,
              2250781.2529000007
            ],
            [
              4716852.6044,
              2250789.4078
            ],
            [
              4716789.6925,
              2250801.092
            ],
            [
              4716761.9334,
              2250805.460999999
            ],
            [
              4716667.1694,
              2250823.1215000004
            ],
            [
              4716601.6091,
              2250834.2896
            ],
            [
              4716493.6139,
              2250851.4857
            ],
            [
              4716438.7442,
              2250857.5745
            ],
            [
              4716429.8149,
              2250857.9092999995
            ],
            [
              4716420.8879,
              2250857.5182000007
            ],
            [
              4716412.0222,
              2250856.4036999997
            ],
            [
              4716403.2762,
              2250854.573000001
            ],
            [
              4716395.5835,
              2250853.2927
            ],
            [
              4716387.8155,
              2250852.6031
            ],
            [
              4716380.0176,
              2250852.5080999993
            ],
            [
              4716372.2352,
              2250853.0084000006
            ],
            [
              4716364.5135,
              2250854.1009
            ],
            [
              4716213.9559,
              2250878.3841999993
            ],
            [
              4716101.997,
              2250896.658
            ],
            [
              4716032.0711,
              2250907.8476
            ],
            [
              4716027.7203,
              2250908.180299999
            ],
            [
              4716023.3771,
              2250907.7586000003
            ],
            [
              4716019.1717,
              2250906.594900001
            ],
            [
              4716015.2294,
              2250904.7240999993
            ],
            [
              4716011.6685,
              2250902.2020999994
            ],
            [
              4716008.5953,
              2250899.1043999996
            ],
            [
              4716006.1017,
              2250895.523499999
            ],
            [
              4716004.2623,
              2250891.5666000005
            ],
            [
              4716003.132,
              2250887.3519
            ],
            [
              4715991.7013,
              2250822.1896
            ],
            [
              4715990.4125,
              2250814.4975000005
            ],
            [
              4715988.3562,
              2250806.974199999
            ],
            [
              4715985.5535,
              2250799.6959000006
            ],
            [
              4715982.0326,
              2250792.7366000004
            ],
            [
              4715968.3998,
              2250764.2288000006
            ],
            [
              4715951.9516,
              2250728.0621000007
            ],
            [
              4715866.6378,
              2250568.145199999
            ],
            [
              4715840.6211,
              2250523.0297
            ],
            [
              4715800.5633,
              2250447.0271000005
            ],
            [
              4715767.9708,
              2250382.7617000006
            ],
            [
              4715745.4092,
              2250340.8040999994
            ],
            [
              4715740.3462,
              2250330.8670000006
            ],
            [
              4715734.7202,
              2250321.2375000007
            ],
            [
              4715728.5496,
              2250311.9475999996
            ],
            [
              4715721.855,
              2250303.027899999
            ],
            [
              4715714.6586,
              2250294.5079999994
            ],
            [
              4715706.984,
              2250286.4158999994
            ],
            [
              4715698.8567,
              2250278.7787999995
            ],
            [
              4715690.3037,
              2250271.6217
            ],
            [
              4715664.9119,
              2250246.081599999
            ],
            [
              4715661.5105,
              2250242.6808
            ],
            [
              4715657.6463,
              2250239.8168
            ],
            [
              4715653.4033,
              2250237.5517999995
            ],
            [
              4715648.8734,
              2250235.9349000007
            ],
            [
              4715644.155,
              2250235.0013999995
            ],
            [
              4715639.3507,
              2250234.771299999
            ],
            [
              4715634.5648,
              2250235.2498000003
            ],
            [
              4715602.3394,
              2250246.1226000004
            ],
            [
              4715597.3754,
              2250246.804300001
            ],
            [
              4715592.3651,
              2250246.8593000006
            ],
            [
              4715587.3872,
              2250246.286800001
            ],
            [
              4715582.5202,
              2250245.095899999
            ],
            [
              4715577.8404,
              2250243.3051999994
            ],
            [
              4715573.4216,
              2250240.9428000003
            ],
            [
              4715569.3332,
              2250238.046
            ],
            [
              4715565.6394,
              2250234.6603999995
            ],
            [
              4715518.459,
              2250190.0448000003
            ],
            [
              4715513.5713,
              2250182.3386000004
            ],
            [
              4715509.2138,
              2250174.320699999
            ],
            [
              4715505.4064,
              2250166.0275
            ],
            [
              4715502.1664,
              2250157.4965000004
            ],
            [
              4715499.5085,
              2250148.7666999996
            ],
            [
              4715497.4447,
              2250139.877699999
            ],
            [
              4715489.3745,
              2250112.6655
            ],
            [
              4715483.8236,
              2250103.166200001
            ],
            [
              4715477.6071,
              2250094.0886000004
            ],
            [
              4715470.757,
              2250085.4789000005
            ],
            [
              4715463.3083,
              2250077.3816
            ],
            [
              4715455.2994,
              2250069.8378999997
            ],
            [
              4715360.7682,
              2249972.8024000004
            ],
            [
              4715308.395,
              2249921.3330000006
            ],
            [
              4715275.5467,
              2249885.9076000005
            ],
            [
              4715244.4323,
              2249853.3840999994
            ],
            [
              4715225.1546,
              2249833.767000001
            ],
            [
              4715218.4497,
              2249825.8378999997
            ],
            [
              4715212.3311,
              2249817.4477999993
            ],
            [
              4715206.8308,
              2249808.6402000003
            ],
            [
              4715201.9768,
              2249799.4606
            ],
            [
              4715197.7943,
              2249789.9561
            ],
            [
              4715194.3048,
              2249780.176000001
            ],
            [
              4715191.5263,
              2249770.170499999
            ],
            [
              4715189.4733,
              2249759.9914999995
            ],
            [
              4715186.9431,
              2249729.4451
            ],
            [
              4715182.6298,
              2249658.8236
            ],
            [
              4715175.4204,
              2249536.8881
            ],
            [
              4715167.0715,
              2249452.5283000004
            ],
            [
              4715160.9787,
              2249342.4933
            ],
            [
              4715158.3092,
              2249283.3730999995
            ],
            [
              4715154.2338,
              2249125.8363000005
            ],
            [
              4715150.2874,
              2249021.8762
            ],
            [
              4715143.082,
              2248846.363399999
            ],
            [
              4715136.8066,
              2248698.7591999993
            ],
            [
              4715132.935,
              2248664.3828999996
            ],
            [
              4715127.2373,
              2248526.6974
            ],
            [
              4715129.0387,
              2248461.9991999995
            ],
            [
              4715131.4106,
              2248405.7646999992
            ],
            [
              4715129.2758,
              2248347.700200001
            ],
            [
              4715124.7039,
              2248251.0189999994
            ],
            [
              4715120.9223,
              2248207.9110000003
            ],
            [
              4715114.6148,
              2248162.301999999
            ],
            [
              4715103.2355,
              2248107.4572
            ],
            [
              4715094.5998,
              2248072.7072
            ],
            [
              4715061.7979,
              2247965.1833999995
            ],
            [
              4715057.5013,
              2247952.532299999
            ],
            [
              4715052.6199,
              2247940.0952000003
            ],
            [
              4715047.1643,
              2247927.8991
            ],
            [
              4715041.1462,
              2247915.9704
            ],
            [
              4715034.5788,
              2247904.3351000007
            ],
            [
              4715027.4764,
              2247893.0185000002
            ],
            [
              4715019.8543,
              2247882.0451999996
            ],
            [
              4714976.9369,
              2247816.241699999
            ],
            [
              4714963.7414,
              2247795.9332999997
            ],
            [
              4714956.9279,
              2247782.2083
            ],
            [
              4714951.1707,
              2247768.0813999996
            ],
            [
              4714945.2477,
              2247747.0760999992
            ],
            [
              4714917.5037,
              2247645.8774999995
            ],
            [
              4714916.2759,
              2247638.2106
            ],
            [
              4714916.4573,
              2247633.1501
            ],
            [
              4714917.4165,
              2247628.1778999995
            ],
            [
              4714919.1304,
              2247623.4131000005
            ],
            [
              4714921.5581,
              2247618.9692
            ],
            [
              4714924.6415,
              2247614.9524000008
            ],
            [
              4714928.3072,
              2247611.458799999
            ],
            [
              4714932.4673,
              2247608.5716999993
            ],
            [
              4714937.0226,
              2247606.360200001
            ],
            [
              4714973.7629,
              2247598.9056
            ],
            [
              4714983.8051,
              2247596.4755000006
            ],
            [
              4714989.5449,
              2247594.2902000006
            ],
            [
              4714994.9999,
              2247591.467599999
            ],
            [
              4715000.0991,
              2247588.0442999993
            ],
            [
              4715004.777,
              2247584.0643000007
            ],
            [
              4715008.973,
              2247579.5791999996
            ],
            [
              4715012.6329,
              2247574.6469
            ],
            [
              4715015.7094,
              2247569.3311
            ],
            [
              4715018.1629,
              2247563.7005000003
            ],
            [
              4715019.9614,
              2247557.8279
            ],
            [
              4715021.0819,
              2247551.789000001
            ],
            [
              4715021.5097,
              2247545.6622
            ],
            [
              4715021.2396,
              2247539.5262
            ],
            [
              4715020.2749,
              2247533.4606999997
            ],
            [
              4715005.5868,
              2247478.2349999994
            ],
            [
              4714980.3744,
              2247380.7281
            ],
            [
              4714978.4175,
              2247372.6642000005
            ],
            [
              4714977.0801,
              2247364.4747
            ],
            [
              4714976.3701,
              2247356.2071
            ],
            [
              4714976.2916,
              2247347.909600001
            ],
            [
              4714976.8448,
              2247339.6301000006
            ],
            [
              4714978.0268,
              2247331.4167
            ],
            [
              4714979.8306,
              2247323.3171999995
            ],
            [
              4714982.2894,
              2247313.921
            ],
            [
              4714983.9915,
              2247305.4519999996
            ],
            [
              4714985.5657,
              2247294.9119000006
            ],
            [
              4714986.413,
              2247284.2884
            ],
            [
              4714986.5296,
              2247273.632099999
            ]
          ],
          [
            [
              4714986.5296,
              2247273.632099999
            ],
            [
              4714986.5216,
              2247269.7167000007
            ],
            [
              4714986.4936,
              2247256.0660999995
            ],
            [
              4714985.9208,
              2247239.8134000003
            ],
            [
              4714984.8245,
              2247221.191400001
            ],
            [
              4714982.4716,
              2247209.0270000007
            ],
            [
              4714978.8526,
              2247198.6641000006
            ],
            [
              4714975.0217,
              2247188.195699999
            ],
            [
              4714974.0493,
              2247184.6171000004
            ],
            [
              4714973.0761,
              2247144.5161000006
            ],
            [
              4714971.1605,
              2247065.5760999992
            ],
            [
              4714971.5785,
              2247063.174900001
            ],
            [
              4714972.4018,
              2247060.8808999993
            ],
            [
              4714973.6058,
              2247058.7619000003
            ],
            [
              4714975.1553,
              2247056.8805
            ],
            [
              4714977.0042,
              2247055.2925000004
            ],
            [
              4714979.0979,
              2247054.0448000003
            ],
            [
              4714981.3743,
              2247053.1743
            ],
            [
              4714983.7664,
              2247052.7068000007
            ],
            [
              4714986.2031,
              2247052.6559999995
            ],
            [
              4714988.6125,
              2247053.023600001
            ],
            [
              4714990.9233,
              2247053.7984999996
            ],
            [
              4714993.0671,
              2247054.9580000006
            ],
            [
              4714994.9805,
              2247056.467700001
            ],
            [
              4714996.6069,
              2247058.2829
            ],
            [
              4714997.8982,
              2247060.3499999996
            ],
            [
              4714998.8161,
              2247062.6076999996
            ],
            [
              4714999.3337,
              2247064.9893999994
            ],
            [
              4715002.6211,
              2247184.8762
            ],
            [
              4715001.7559,
              2247188.8103
            ],
            [
              4715000.5335,
              2247192.648600001
            ],
            [
              4714998.9642,
              2247196.3584000003
            ],
            [
              4714996.4258,
              2247206.3779000007
            ],
            [
              4714994.6442,
              2247216.5592
            ],
            [
              4714993.6297,
              2247226.8453
            ],
            [
              4714994.202,
              2247248.0079999994
            ],
            [
              4714993.9319,
              2247271.1831
            ],
            [
              4714993.8993,
              2247273.4464999996
            ]
          ],
          [
            [
              4714993.8993,
              2247273.4464999996
            ],
            [
              4714993.4911,
              2247275.6730000004
            ],
            [
              4714992.7183,
              2247277.8005999997
            ],
            [
              4714991.6027,
              2247279.770199999
            ],
            [
              4714990.1753,
              2247281.5270000007
            ],
            [
              4714988.4757,
              2247283.0220999997
            ],
            [
              4714986.5512,
              2247284.2139999997
            ],
            [
              4714943.0942,
              2247301.2339999992
            ],
            [
              4714932.0705,
              2247304.955
            ],
            [
              4714920.8702,
              2247308.1044999994
            ],
            [
              4714909.5227,
              2247310.6741000004
            ],
            [
              4714898.0582,
              2247312.6569
            ],
            [
              4714886.507,
              2247314.0480000004
            ],
            [
              4714829.7876,
              2247314.0581
            ],
            [
              4714798.0108,
              2247311.8478999995
            ],
            [
              4714771.8119,
              2247307.6687000003
            ],
            [
              4714740.5905,
              2247305.351500001
            ],
            [
              4714669.6886,
              2247304.0414000005
            ],
            [
              4714637.5444,
              2247303.3136
            ],
            [
              4714611.6235,
              2247305.7475000005
            ],
            [
              4714591.1292,
              2247309.7576
            ],
            [
              4714568.2547,
              2247314.169399999
            ],
            [
              4714559.3536,
              2247315.4218000006
            ],
            [
              4714550.3941,
              2247316.146400001
            ],
            [
              4714541.4074,
              2247316.3406000007
            ],
            [
              4714516.4223,
              2247315.7382999994
            ],
            [
              4714437.0969,
              2247313.826199999
            ],
            [
              4714422.4864,
              2247310.2051999997
            ],
            [
              4714413.9118,
              2247308.635500001
            ],
            [
              4714391.848,
              2247308.522
            ],
            [
              4714357.7194,
              2247307.6393
            ],
            [
              4714345.9748,
              2247308.2982
            ],
            [
              4714336.2958,
              2247310.0639999993
            ],
            [
              4714330.2684,
              2247312.1399000008
            ],
            [
              4714317.8863,
              2247311.5303000007
            ],
            [
              4714270.7418,
              2247310.6743
            ],
            [
              4714197.4035,
              2247308.1257000007
            ],
            [
              4714143.1147,
              2247306.490700001
            ],
            [
              4714101.8428,
              2247305.4639
            ],
            [
              4714047.2371,
              2247304.147
            ],
            [
              4713980.2493,
              2247302.2204
            ],
            [
              4713946.9158,
              2247302.129899999
            ],
            [
              4713927.2266,
              2247298.8367999997
            ],
            [
              4713921.6678,
              2247297.2608000003
            ],
            [
              4713897.3826,
              2247297.4691000003
            ],
            [
              4713851.9841,
              2247296.6096
            ],
            [
              4713838.5758,
              2247298.7797999997
            ],
            [
              4713825.1676,
              2247300.950200001
            ],
            [
              4713792.6269,
              2247300.3817
            ],
            [
              4713717.8609,
              2247298.3123000003
            ],
            [
              4713632.9365,
              2247296.4223999996
            ],
            [
              4713596.9008,
              2247294.432600001
            ],
            [
              4713565.4649,
              2247290.846000001
            ],
            [
              4713545.7782,
              2247288.822899999
            ],
            [
              4713521.6459,
              2247286.173800001
            ],
            [
              4713506.2475,
              2247285.4115999993
            ],
            [
              4713487.6755,
              2247285.132099999
            ],
            [
              4713471.167,
              2247284.8484000005
            ],
            [
              4713416.5619,
              2247283.8488999996
            ],
            [
              4713413.7898,
              2247283.7854999993
            ],
            [
              4713359.2576,
              2247282.5374999996
            ],
            [
              4713328.9377,
              2247281.3296000008
            ],
            [
              4713267.9811,
              2247279.232000001
            ],
            [
              4713185.5953,
              2247276.8607
            ],
            [
              4713117.6545,
              2247274.7773
            ],
            [
              4713013.6806,
              2247271.9739999995
            ],
            [
              4712967.6464,
              2247270.7982
            ],
            [
              4712878.4336,
              2247267.6471999995
            ],
            [
              4712829.6997,
              2247265.842
            ],
            [
              4712807.0014,
              2247265.8884999994
            ],
            [
              4712777.1579,
              2247264.8384000007
            ],
            [
              4712767.3163,
              2247264.6997999996
            ],
            [
              4712692.8669,
              2247262.3122000005
            ],
            [
              4712613.8117,
              2247258.6643000003
            ],
            [
              4712568.7273,
              2247256.2167000007
            ],
            [
              4712493.4813,
              2247252.4023
            ],
            [
              4712425.6959,
              2247248.7313
            ],
            [
              4712369.1825,
              2247246.1483999994
            ],
            [
              4712307.5898,
              2247243.5757999998
            ],
            [
              4712266.1574,
              2247241.7557999995
            ],
            [
              4712229.1695,
              2247239.9266
            ],
            [
              4712184.8812,
              2247238.747300001
            ],
            [
              4712124.2487,
              2247239.9824
            ],
            [
              4712081.2347,
              2247241.0227000006
            ],
            [
              4711993.2935,
              2247238.8214
            ],
            [
              4711950.4332,
              2247237.3216999993
            ],
            [
              4711932.3396,
              2247238.1524
            ],
            [
              4711906.6241,
              2247237.5701
            ],
            [
              4711805.0309,
              2247234.920499999
            ],
            [
              4711766.9325,
              2247233.4112
            ],
            [
              4711762.8055,
              2247233.419500001
            ],
            [
              4711721.8715,
              2247242.5507999994
            ],
            [
              4711659.362,
              2247257.4406000003
            ],
            [
              4711655.0773,
              2247257.9255999997
            ],
            [
              4711640.3128,
              2247256.685900001
            ],
            [
              4711551.4109,
              2247250.5183000006
            ],
            [
              4711491.5602,
              2247246.0374999996
            ],
            [
              4711382.3372,
              2247238.1654000003
            ],
            [
              4711343.7601,
              2247235.5459000003
            ],
            [
              4711339.3135,
              2247234.4439000003
            ],
            [
              4711338.0358,
              2247230.6369000003
            ],
            [
              4711338.337,
              2247222.6997999996
            ],
            [
              4711338.7822,
              2247207.4606999997
            ],
            [
              4711339.2386,
              2247197.7771000005
            ],
            [
              4711340.3403,
              2247193.1717000008
            ],
            [
              4711343.1874,
              2247188.2452000007
            ],
            [
              4711346.9888,
              2247184.269200001
            ],
            [
              4711352.3795,
              2247181.2423
            ],
            [
              4711362.3801,
              2247181.5393000003
            ],
            [
              4711378.5739,
              2247183.0934999995
            ],
            [
              4711385.717,
              2247183.2376000006
            ],
            [
              4711398.4178,
              2247184.3227999993
            ],
            [
              4711409.3727,
              2247185.5703
            ],
            [
              4711414.1369,
              2247186.671599999
            ],
            [
              4711418.4304,
              2247190.4724000003
            ],
            [
              4711421.2999,
              2247196.498299999
            ],
            [
              4711420.8467,
              2247207.769099999
            ],
            [
              4711418.9857,
              2247229.2016000003
            ],
            [
              4711420.2647,
              2247233.6435000002
            ],
            [
              4711424.8747,
              2247236.9674999993
            ],
            [
              4711466.3104,
              2247240.3748000003
            ],
            [
              4711555.212,
              2247246.3836000003
            ],
            [
              4711644.1154,
              2247253.3446999993
            ],
            [
              4711653.7997,
              2247254.1185999997
            ],
            [
              4711659.1955,
              2247253.6314000003
            ],
            [
              4711689.9746,
              2247246.4255
            ],
            [
              4711742.9638,
              2247233.3013000004
            ],
            [
              4711754.2282,
              2247230.5799000002
            ],
            [
              4711760.2571,
              2247229.1390000004
            ],
            [
              4711765.8102,
              2247228.0165
            ],
            [
              4711770.5714,
              2247227.6893000007
            ],
            [
              4711793.9029,
              2247226.689200001
            ],
            [
              4711805.1737,
              2247227.1424000002
            ],
            [
              4711886.6074,
              2247229.5156999994
            ],
            [
              4711931.0551,
              2247231.0121999998
            ],
            [
              4711941.6916,
              2247231.7841
            ],
            [
              4711951.5342,
              2247232.3989000004
            ],
            [
              4711967.2494,
              2247232.8429000005
            ],
            [
              4712022.0143,
              2247234.159600001
            ],
            [
              4712075.5094,
              2247235.637599999
            ],
            [
              4712095.0339,
              2247235.915100001
            ],
            [
              4712115.1923,
              2247235.7150999997
            ],
            [
              4712137.4135,
              2247235.193600001
            ],
            [
              4712172.9684,
              2247234.8034000006
            ],
            [
              4712192.3337,
              2247234.9224999994
            ],
            [
              4712208.9997,
              2247234.5710000005
            ],
            [
              4712231.22,
              2247233.5733000003
            ],
            [
              4712241.8539,
              2247233.0754000004
            ],
            [
              4712255.3462,
              2247233.2064999994
            ],
            [
              4712267.4114,
              2247233.9755000006
            ],
            [
              4712335.8324,
              2247237.9626
            ],
            [
              4712406.7944,
              2247242.579500001
            ],
            [
              4712442.036,
              2247244.2534999996
            ],
            [
              4712471.0871,
              2247245.9400999993
            ],
            [
              4712507.5988,
              2247247.770300001
            ],
            [
              4712529.8233,
              2247248.8358999994
            ],
            [
              4712541.253,
              2247249.4474
            ],
            [
              4712599.3554,
              2247252.8209000006
            ],
            [
              4712619.1981,
              2247253.5738999993
            ],
            [
              4712656.6603,
              2247254.4497999996
            ],
            [
              4712691.5828,
              2247255.3308000006
            ],
            [
              4712718.5678,
              2247255.7518000007
            ],
            [
              4712743.0138,
              2247256.4955
            ],
            [
              4712769.3652,
              2247257.5527
            ],
            [
              4712812.7024,
              2247259.368899999
            ],
            [
              4712832.0692,
              2247260.2817
            ],
            [
              4712883.819,
              2247262.0807000007
            ],
            [
              4712910.8053,
              2247263.136600001
            ],
            [
              4712963.349,
              2247265.092700001
            ],
            [
              4712987.3181,
              2247265.5198999997
            ],
            [
              4713013.5108,
              2247266.5775000006
            ],
            [
              4713045.5765,
              2247267.6229999997
            ],
            [
              4713093.5163,
              2247269.2710999995
            ],
            [
              4713108.9137,
              2247269.5571
            ],
            [
              4713152.5666,
              2247270.5789
            ],
            [
              4713177.6472,
              2247271.1625999995
            ],
            [
              4713227.0153,
              2247272.649
            ],
            [
              4713249.8739,
              2247273.3959
            ],
            [
              4713280.8282,
              2247274.2851
            ],
            [
              4713303.5281,
              2247275.0321999993
            ],
            [
              4713335.5927,
              2247275.6017000005
            ],
            [
              4713372.4195,
              2247276.3200000003
            ],
            [
              4713414.8032,
              2247277.6620000005
            ],
            [
              4713454.6453,
              2247278.0568000004
            ],
            [
              4713485.7581,
              2247278.9455999993
            ],
            [
              4713500.9949,
              2247278.2795
            ],
            [
              4713516.0714,
              2247276.9788000006
            ],
            [
              4713537.3357,
              2247274.2369
            ],
            [
              4713549.2372,
              2247272.6251999997
            ],
            [
              4713564.1574,
              2247272.4361000005
            ],
            [
              4713575.9037,
              2247272.570800001
            ],
            [
              4713590.3488,
              2247272.8586999997
            ],
            [
              4713624.3185,
              2247273.5829000007
            ],
            [
              4713654.3202,
              2247274.4739999995
            ],
            [
              4713695.1158,
              2247275.5018000007
            ],
            [
              4713736.8639,
              2247276.5275
            ],
            [
              4713784.326,
              2247277.3828
            ],
            [
              4713810.5172,
              2247277.8056000005
            ],
            [
              4713823.3743,
              2247277.7793000005
            ],
            [
              4713838.6159,
              2247279.4941000007
            ],
            [
              4713850.0501,
              2247282.3279
            ],
            [
              4713866.7183,
              2247283.0875000004
            ],
            [
              4713882.1151,
              2247283.0560999997
            ],
            [
              4713905.4486,
              2247283.1669999994
            ],
            [
              4713922.4343,
              2247283.926000001
            ],
            [
              4713938.9405,
              2247283.0985000003
            ],
            [
              4713951.32,
              2247282.4383000005
            ],
            [
              4713980.6864,
              2247283.1720000003
            ],
            [
              4714015.1326,
              2247284.0538999997
            ],
            [
              4714085.9294,
              2247285.655200001
            ],
            [
              4714108.629,
              2247286.2436999995
            ],
            [
              4714168.1545,
              2247287.2332000006
            ],
            [
              4714188.4719,
              2247287.1917000003
            ],
            [
              4714232.4408,
              2247287.5779999997
            ],
            [
              4714254.5044,
              2247287.6917000003
            ],
            [
              4714280.0607,
              2247288.1154999994
            ],
            [
              4714291.9658,
              2247288.25
            ],
            [
              4714324.6647,
              2247288.500600001
            ],
            [
              4714336.5718,
              2247289.746099999
            ],
            [
              4714345.3074,
              2247292.4265
            ],
            [
              4714355.6277,
              2247293.8341000006
            ],
            [
              4714364.8344,
              2247293.9739999995
            ],
            [
              4714391.184,
              2247294.2375000007
            ],
            [
              4714404.8354,
              2247294.5271000005
            ],
            [
              4714415.7883,
              2247294.8222000003
            ],
            [
              4714427.0593,
              2247295.4341
            ],
            [
              4714440.0699,
              2247292.867799999
            ],
            [
              4714455.9412,
              2247292.0418
            ],
            [
              4714468.4807,
              2247292.0161000006
            ],
            [
              4714489.1174,
              2247292.9263000004
            ],
            [
              4714505.9874,
              2247292.927100001
            ],
            [
              4714517.1193,
              2247293.2646999992
            ],
            [
              4714550.1168,
              2247294.2654999997
            ],
            [
              4714587.4213,
              2247295.7764
            ],
            [
              4714621.2332,
              2247296.9771999996
            ],
            [
              4714644.0914,
              2247297.5654000007
            ],
            [
              4714665.3624,
              2247298.1568
            ],
            [
              4714699.8084,
              2247299.0387999993
            ],
            [
              4714727.7467,
              2247299.9341
            ],
            [
              4714758.0658,
              2247300.8244000003
            ],
            [
              4714774.419,
              2247302.8545999993
            ],
            [
              4714808.0803,
              2247308.0238000005
            ],
            [
              4714840.6212,
              2247308.7509000003
            ],
            [
              4714863.3198,
              2247308.8632999994
            ],
            [
              4714868.3987,
              2247308.6941
            ],
            [
              4714879.9569,
              2247308.3735000007
            ],
            [
              4714891.4821,
              2247307.4461000003
            ],
            [
              4714902.9427,
              2247305.9144
            ],
            [
              4714914.307,
              2247303.7828
            ],
            [
              4714925.5437,
              2247301.057
            ],
            [
              4714936.6216,
              2247297.7446
            ],
            [
              4714964.2454,
              2247287.238500001
            ],
            [
              4714974.4222,
              2247283.1172
            ],
            [
              4714977.9941,
              2247281.5261000004
            ],
            [
              4714981.2591,
              2247279.3742999993
            ],
            [
              4714984.1298,
              2247276.7193
            ],
            [
              4714986.5296,
              2247273.632099999
            ]
          ]
        ]
      }
    },
    {
      "type": "Feature",
      "properties": {
        "objectid": 5,
        "nombre": "Niquía-La Estrella",
        "linea": "Línea A",
        "tipo": 1,
        "estado": 1,
        "label": "Niquía-La Estrella",
        "codigo_linea": 1,
        "fecha_actualizacion": null,
        "st_length(shape)": 25395.42900222292
      },
      "geometry": {
        "type": "LineString",
        "coordinates": [
          [
            4709335.2155,
            2238519.9306000005
          ],
          [
            4709441.1329,
            2238581.108100001
          ],
          [
            4709814.3653,
            2238796.6533000004
          ],
          [
            4709966.6162,
            2238890.0614
          ],
          [
            4710014.1306,
            2238914.6669999994
          ],
          [
            4710054.0567,
            2238931.1306999996
          ],
          [
            4710097.0442,
            2238944.960000001
          ],
          [
            4710253.9275,
            2238982.1567
          ],
          [
            4710307.3748,
            2238997.1078999992
          ],
          [
            4710374.3524,
            2239022.548800001
          ],
          [
            4710430.5611,
            2239050.2365000006
          ],
          [
            4710568.2037,
            2239126.1982000005
          ],
          [
            4710745.254,
            2239223.908
          ],
          [
            4710970.5816,
            2239344.2128
          ],
          [
            4711010.8573,
            2239367.1789999995
          ],
          [
            4711042.4401,
            2239387.7205
          ],
          [
            4711072.8133,
            2239410.080600001
          ],
          [
            4711183.6673,
            2239502.7678999994
          ],
          [
            4711219.284,
            2239530.6860000007
          ],
          [
            4711262.8025,
            2239560.0066
          ],
          [
            4711308.5444,
            2239585.7213000003
          ],
          [
            4711369.9989,
            2239613.182600001
          ],
          [
            4711487.1141,
            2239651.7630000003
          ],
          [
            4711538.0284,
            2239668.023499999
          ],
          [
            4711644.6209,
            2239705.6801999994
          ],
          [
            4711741.7697,
            2239739.8165000007
          ],
          [
            4711824.0921,
            2239781.044399999
          ],
          [
            4711856.7508,
            2239801.137
          ],
          [
            4711881.0228,
            2239818.7697
          ],
          [
            4711907.453,
            2239843.2671000008
          ],
          [
            4711930.5232,
            2239870.9055000003
          ],
          [
            4711948.4961,
            2239908.1883000005
          ],
          [
            4711963.2071,
            2239941.1906000003
          ],
          [
            4711982.0523,
            2240008.569
          ],
          [
            4712019.3579,
            2240180.7457
          ],
          [
            4712052.2962,
            2240340.8518000003
          ],
          [
            4712066.4319,
            2240410.116699999
          ],
          [
            4712084.7696,
            2240467.2773
          ],
          [
            4712101.9853,
            2240512.068600001
          ],
          [
            4712125.068,
            2240555.206599999
          ],
          [
            4712153.8155,
            2240593.6921999995
          ],
          [
            4712183.2101,
            2240623.8000000007
          ],
          [
            4712211.1938,
            2240646.4146999996
          ],
          [
            4712241.4127,
            2240666.0186
          ],
          [
            4712373.8102,
            2240761.8783
          ],
          [
            4712693.5029,
            2240991.1460999995
          ],
          [
            4712785.1466,
            2241056.0911
          ],
          [
            4712881.3143,
            2241123.030200001
          ],
          [
            4712951.3919,
            2241170.3172999993
          ],
          [
            4713008.2405,
            2241216.5577000007
          ],
          [
            4713049.0101,
            2241250.0152000003
          ],
          [
            4713088.4892,
            2241289.1154999994
          ],
          [
            4713135.959,
            2241339.2895
          ],
          [
            4713177.3802,
            2241388.7371999994
          ],
          [
            4713241.3777,
            2241472.9244
          ],
          [
            4713308.1631,
            2241578.170600001
          ],
          [
            4713366.5396,
            2241667.9792
          ],
          [
            4713494.4067,
            2241861.819
          ],
          [
            4713535.5324,
            2241926.8684
          ],
          [
            4713567.9903,
            2241970.0854
          ],
          [
            4713617.8916,
            2242024.3486
          ],
          [
            4713660.1621,
            2242066.2128999997
          ],
          [
            4713703.5906,
            2242101.3248999994
          ],
          [
            4713782.0368,
            2242155.7147000004
          ],
          [
            4713846.1432,
            2242203.2906
          ],
          [
            4713865.9968,
            2242218.8882
          ],
          [
            4713987.7866,
            2242302.0058999993
          ],
          [
            4714004.1392,
            2242316.585999999
          ],
          [
            4714071.9715,
            2242365.4504000004
          ],
          [
            4714120.3861,
            2242403.612400001
          ],
          [
            4714160.0381,
            2242439.6369000003
          ],
          [
            4714191.1618,
            2242474.4112
          ],
          [
            4714222.3489,
            2242522.2819999997
          ],
          [
            4714244.3948,
            2242567.4187000003
          ],
          [
            4714258.423,
            2242606.8540000003
          ],
          [
            4714270.867,
            2242647.0425000004
          ],
          [
            4714303.4176,
            2242790.9683999997
          ],
          [
            4714327.3079,
            2242889.2766999993
          ],
          [
            4714347.5652,
            2242974.9027999993
          ],
          [
            4714364.5594,
            2243025.4448000006
          ],
          [
            4714381.5262,
            2243068.2434
          ],
          [
            4714422.2755,
            2243188.4745000005
          ],
          [
            4714424.8346,
            2243196.3795999996
          ],
          [
            4714529.7018,
            2243483.9352
          ],
          [
            4714558.3999,
            2243567.771400001
          ],
          [
            4714577.9844,
            2243634.1944999993
          ],
          [
            4714597.2896,
            2243705.1338
          ],
          [
            4714612.0286,
            2243754.4792
          ],
          [
            4714802.3828,
            2245037.5511000007
          ],
          [
            4714827.2219,
            2245208.5901999995
          ],
          [
            4714840.091,
            2245301.5889
          ],
          [
            4714860.9381,
            2245442.0478000008
          ],
          [
            4714955.939,
            2246098.013800001
          ],
          [
            4714971.3413,
            2246205.0933999997
          ],
          [
            4714988.8087,
            2246315.1395999994
          ],
          [
            4715005.5098,
            2246430.8117999993
          ],
          [
            4715026.0692,
            2246578.2145000007
          ],
          [
            4715038.3412,
            2246653.559800001
          ],
          [
            4715110.297,
            2247188.0416
          ],
          [
            4715134.4058,
            2247365.8016999997
          ],
          [
            4715137.1785,
            2247391.9153000005
          ],
          [
            4715143.2778,
            2247421.9814
          ],
          [
            4715159.7676,
            2247480.439200001
          ],
          [
            4715192.9636,
            2247573.8725000005
          ],
          [
            4715226.89,
            2247662.970899999
          ],
          [
            4715249.8964,
            2247719.7749000005
          ],
          [
            4715275.9567,
            2247788.0812
          ],
          [
            4715349.2934,
            2247961.699100001
          ],
          [
            4715375.1796,
            2248028.7852999996
          ],
          [
            4715493.9963,
            2248336.7073999997
          ],
          [
            4715522.7986,
            2248410.649
          ],
          [
            4715541.8571,
            2248453.2193
          ],
          [
            4715568.3106,
            2248520.2271
          ],
          [
            4715599.7924,
            2248601.1007000003
          ],
          [
            4715622.5581,
            2248657.8739
          ],
          [
            4715646.0029,
            2248718.2819
          ],
          [
            4715685.065,
            2248812.680400001
          ],
          [
            4715715.2635,
            2248880.712099999
          ],
          [
            4715736.2737,
            2248931.073999999
          ],
          [
            4715761.9273,
            2248996.1547999997
          ],
          [
            4715787.9424,
            2249062.1526999995
          ],
          [
            4715813.5475,
            2249120.9419
          ],
          [
            4715846.4634,
            2249181.7634999994
          ],
          [
            4715870.3026,
            2249226.5819000006
          ],
          [
            4715898.9854,
            2249288.7761000004
          ],
          [
            4715926.3488,
            2249356.2325999998
          ],
          [
            4715959.598,
            2249438.1988999993
          ],
          [
            4715975.3484,
            2249484.240700001
          ],
          [
            4715981.9791,
            2249512.6117000002
          ],
          [
            4715984.1365,
            2249538.9759
          ],
          [
            4715987.9015,
            2249597.6811999995
          ],
          [
            4716000.9506,
            2249658.5942
          ],
          [
            4716011.2628,
            2249693.0338000003
          ],
          [
            4716063.4292,
            2249823.0293000005
          ],
          [
            4716134.4166,
            2249997.4114999995
          ],
          [
            4716159.622,
            2250061.7920999993
          ],
          [
            4716177.6872,
            2250103.9177
          ],
          [
            4716199.594,
            2250159.383199999
          ],
          [
            4716206.0003,
            2250175.4064000007
          ],
          [
            4716212.4067,
            2250191.4296000004
          ],
          [
            4716244.6253,
            2250262.4990999997
          ],
          [
            4716265.6819,
            2250304.3970999997
          ],
          [
            4716274.8508,
            2250325.3542
          ],
          [
            4716293.3613,
            2250367.6633
          ],
          [
            4716314.0195,
            2250415.7299000006
          ],
          [
            4716343.8141,
            2250490.775800001
          ],
          [
            4716443.7522,
            2250762.136499999
          ],
          [
            4716476.9294,
            2250849.1621000003
          ],
          [
            4716503.3518,
            2250918.4695999995
          ],
          [
            4716541.5429,
            2251024.7830999997
          ],
          [
            4716551.5855,
            2251071.8566999994
          ],
          [
            4716555.6021,
            2251113.585000001
          ],
          [
            4716554.028,
            2251158.433
          ],
          [
            4716546.9197,
            2251191.1239
          ],
          [
            4716536.5003,
            2251225.0637999997
          ],
          [
            4716523.6492,
            2251252.3126999997
          ],
          [
            4716504.7373,
            2251284.8279999997
          ],
          [
            4716482.9497,
            2251313.898499999
          ],
          [
            4716459.6427,
            2251337.9192999993
          ],
          [
            4716437.3672,
            2251358.0274
          ],
          [
            4716402.6098,
            2251381.6965999994
          ],
          [
            4716364.6363,
            2251399.5067
          ],
          [
            4716211.2976,
            2251451.4729999993
          ],
          [
            4716136.5561,
            2251477.2508000005
          ],
          [
            4715969.2906,
            2251533.227499999
          ],
          [
            4715897.0015,
            2251557.9935999997
          ],
          [
            4715858.6006,
            2251574.3187000006
          ],
          [
            4715837.5554,
            2251586.0074000005
          ],
          [
            4715816.5183,
            2251599.3509
          ],
          [
            4715791.8981,
            2251619.4910000004
          ],
          [
            4715766.6158,
            2251643.4266
          ],
          [
            4715744.5161,
            2251668.9341
          ],
          [
            4715729.5521,
            2251692.8193999995
          ],
          [
            4715715.3856,
            2251717.4944
          ],
          [
            4715702.8299,
            2251746.9241000004
          ],
          [
            4715691.9005,
            2251784.283
          ],
          [
            4715684.9824,
            2251830.3532999996
          ],
          [
            4715685.951,
            2251866.0666000005
          ],
          [
            4715689.3084,
            2251903.3554
          ],
          [
            4715696.6694,
            2251947.7685000002
          ],
          [
            4715708.8452,
            2252002.873299999
          ],
          [
            4715749.8352,
            2252188.0091999993
          ],
          [
            4715785.0608,
            2252335.1807000004
          ],
          [
            4715810.0019,
            2252436.7628000006
          ],
          [
            4715836.5881,
            2252545.0440999996
          ],
          [
            4715847.074,
            2252594.4528
          ],
          [
            4715862.5007,
            2252665.0193000007
          ],
          [
            4715876.3458,
            2252736.7842999995
          ],
          [
            4715883.4269,
            2252805.010500001
          ],
          [
            4715890.4322,
            2252938.719900001
          ],
          [
            4715899.7779,
            2252983.1230999995
          ],
          [
            4715911.4696,
            2253020.371099999
          ],
          [
            4715923.0952,
            2253044.1261
          ],
          [
            4715943.4963,
            2253076.966
          ],
          [
            4715965.0588,
            2253103.846999999
          ],
          [
            4715991.1339,
            2253128.7600999996
          ],
          [
            4716042.4208,
            2253176.8751999997
          ],
          [
            4716086.6389,
            2253213.182499999
          ],
          [
            4716112.9696,
            2253241.230799999
          ],
          [
            4716137.3413,
            2253274.448000001
          ],
          [
            4716152.5522,
            2253300.9634000007
          ],
          [
            4716168.2146,
            2253338.5888
          ],
          [
            4716179.5406,
            2253382.1883000005
          ],
          [
            4716189.6956,
            2253429.7622999996
          ],
          [
            4716206.4243,
            2253522.943499999
          ],
          [
            4716213.3461,
            2253558.6273
          ],
          [
            4716219.8262,
            2253585.1854999997
          ],
          [
            4716230.6952,
            2253616.4846
          ],
          [
            4716245.9062,
            2253642.9999
          ],
          [
            4716271.683,
            2253676.3797999993
          ],
          [
            4716340.5381,
            2253762.8176000006
          ],
          [
            4716409.3912,
            2253849.252800001
          ],
          [
            4716429.634,
            2253881.407400001
          ],
          [
            4716457.7158,
            2253942.783500001
          ],
          [
            4716487.2688,
            2254061.3007999994
          ],
          [
            4716497.7507,
            2254094.5858999994
          ],
          [
            4716509.4134,
            2254125.8807999995
          ],
          [
            4716529.0425,
            2254163.0899
          ],
          [
            4716554.6303,
            2254201.459899999
          ],
          [
            4716606.8949,
            2254257.558
          ],
          [
            4716665.1378,
            2254318.785700001
          ],
          [
            4716752.5069,
            2254411.6194
          ],
          [
            4716858.6159,
            2254522.219900001
          ],
          [
            4716891.7498,
            2254561.7433
          ],
          [
            4716916.1138,
            2254593.3727
          ],
          [
            4716950.1233,
            2254649.5601000004
          ],
          [
            4716996.6443,
            2254755.115
          ],
          [
            4717022.874,
            2254821.1075
          ],
          [
            4717041.9344,
            2254869.0621000007
          ],
          [
            4717049.1038,
            2254887.0999999996
          ],
          [
            4717065.4667,
            2254922.7336999997
          ],
          [
            4717107.6275,
            2255036.707699999
          ],
          [
            4717140.57,
            2255120.3211000003
          ],
          [
            4717154.3043,
            2255161.7094
          ],
          [
            4717166.6954,
            2255222.6806000005
          ],
          [
            4717174.4862,
            2255284.8260999992
          ],
          [
            4717173.306,
            2255337.5154
          ],
          [
            4717162.234,
            2255427.6787
          ],
          [
            4717151.7109,
            2255512.3695
          ],
          [
            4717141.2078,
            2255601.0907000005
          ],
          [
            4717131.7442,
            2255667.0636
          ],
          [
            4717123.1345,
            2255731.017000001
          ],
          [
            4717117.1837,
            2255808.7760000005
          ],
          [
            4717120.597,
            2255858.8517000005
          ],
          [
            4717128.2662,
            2255896.2393999994
          ],
          [
            4717137.6271,
            2255926.421599999
          ],
          [
            4717158.5714,
            2255970.3652999997
          ],
          [
            4717188.1536,
            2256014.554300001
          ],
          [
            4717226.409,
            2256066.185799999
          ],
          [
            4717282.9016,
            2256138.1674000006
          ],
          [
            4717325.2213,
            2256196.687999999
          ],
          [
            4717351.9148,
            2256238.876
          ],
          [
            4717369.6712,
            2256278.516899999
          ],
          [
            4717383.6909,
            2256319.3279999997
          ],
          [
            4717393.6844,
            2256361.022399999
          ],
          [
            4717399.4264,
            2256416.2685000002
          ],
          [
            4717397.304,
            2256503.9243
          ],
          [
            4717392.3678,
            2256591.4145
          ],
          [
            4717387.5837,
            2256676.2079000007
          ],
          [
            4717370.1668,
            2256840.848200001
          ],
          [
            4717362.0875,
            2257030.408
          ],
          [
            4717357.2243,
            2257113.556
          ],
          [
            4717351.6049,
            2257261.613
          ],
          [
            4717351.9942,
            2257299.6225000005
          ],
          [
            4717355.2055,
            2257347.2300000004
          ],
          [
            4717359.65,
            2257376.641899999
          ],
          [
            4717366.6413,
            2257413.5371000003
          ],
          [
            4717408.0002,
            2257672.0867999997
          ],
          [
            4717428.4031,
            2257785.488500001
          ],
          [
            4717440.7285,
            2257859.0637
          ],
          [
            4717446.5003,
            2257886.7097999994
          ],
          [
            4717453.2426,
            2257907.2602999993
          ],
          [
            4717474.911,
            2257961.4652999993
          ],
          [
            4717514.1885,
            2258039.4531999994
          ],
          [
            4717536.9304,
            2258074.649599999
          ],
          [
            4717627.4993,
            2258228.3851999994
          ],
          [
            4717637.0782,
            2258244.6448999997
          ],
          [
            4717675.773,
            2258293.0429999996
          ],
          [
            4717698.1142,
            2258316.7444
          ],
          [
            4717716.0528,
            2258332.926999999
          ],
          [
            4717864.7116,
            2258460.3784999996
          ],
          [
            4718081.9384,
            2258650.194599999
          ],
          [
            4718114.2617,
            2258686.1492
          ],
          [
            4718161.7061,
            2258744.7258
          ],
          [
            4718185.9675,
            2258777.1663000006
          ],
          [
            4718233.8158,
            2258834.7084999997
          ],
          [
            4718272.6221,
            2258871.227
          ],
          [
            4718288.3249,
            2258883.5988
          ],
          [
            4718307.2044,
            2258896.791200001
          ],
          [
            4718346.7618,
            2258919.8605000004
          ],
          [
            4718384.5188,
            2258937.8694
          ],
          [
            4718425.9299,
            2258953.206599999
          ],
          [
            4718470.1151,
            2258966.7302
          ],
          [
            4718622.4122,
            2259006.9778000005
          ],
          [
            4718690.3998,
            2259024.9449000005
          ],
          [
            4719004.9024,
            2259106.0851000007
          ]
        ]
      }
    },
    {
      "type": "Feature",
      "properties": {
        "objectid": 6,
        "nombre": "San Antonio-San Javier",
        "linea": "Línea B",
        "tipo": 1,
        "estado": 1,
        "label": "San Antonio-San Javier",
        "codigo_linea": 2,
        "fecha_actualizacion": null,
        "st_length(shape)": 5499.5768448239605
      },
      "geometry": {
        "type": "LineString",
        "coordinates": [
          [
            4715761.8331,
            2248996.0964
          ],
          [
            4715758.7332,
            2248997.2602999993
          ],
          [
            4715695.47,
            2249019.1581999995
          ],
          [
            4715439.5345,
            2249108.3443
          ],
          [
            4715331.4632,
            2249145.7236
          ],
          [
            4715229.2409,
            2249183.1852
          ],
          [
            4715161.1371,
            2249205.9023
          ],
          [
            4715080.6024,
            2249233.0889999997
          ],
          [
            4714975.0588,
            2249269.3044000007
          ],
          [
            4714927.4791,
            2249286.5348000005
          ],
          [
            4714908.2721,
            2249295.3785999995
          ],
          [
            4714888.0116,
            2249303.5275
          ],
          [
            4714870.2045,
            2249312.3643999994
          ],
          [
            4714855.8957,
            2249320.8342000004
          ],
          [
            4714826.6044,
            2249338.4355999995
          ],
          [
            4714802.7205,
            2249352.8324999996
          ],
          [
            4714787.0567,
            2249363.8060999997
          ],
          [
            4714776.5242,
            2249369.8575
          ],
          [
            4714766.1172,
            2249376.033
          ],
          [
            4714755.8358,
            2249382.3331000004
          ],
          [
            4714745.6181,
            2249388.8827
          ],
          [
            4714735.5262,
            2249395.5568000004
          ],
          [
            4714726.9929,
            2249401.473200001
          ],
          [
            4714717.1526,
            2249408.5209999997
          ],
          [
            4714707.3755,
            2249415.693600001
          ],
          [
            4714700.4635,
            2249420.8521
          ],
          [
            4714693.0544,
            2249426.6381
          ],
          [
            4714634.7137,
            2249468.5647
          ],
          [
            4714605.0801,
            2249492.5096000005
          ],
          [
            4714595.3093,
            2249498.5074000005
          ],
          [
            4714581.7106,
            2249509.0738999993
          ],
          [
            4714570.9036,
            2249517.8764999993
          ],
          [
            4714559.0462,
            2249526.6845999993
          ],
          [
            4714548.5856,
            2249534.785700001
          ],
          [
            4714533.2422,
            2249546.410700001
          ],
          [
            4714522.4298,
            2249554.1635
          ],
          [
            4714510.2261,
            2249563.6732
          ],
          [
            4714493.8223,
            2249573.203400001
          ],
          [
            4714480.2169,
            2249582.3697999995
          ],
          [
            4714465.9063,
            2249590.4898000006
          ],
          [
            4714446.3509,
            2249599.6853
          ],
          [
            4714428.5405,
            2249607.8224
          ],
          [
            4714403.0368,
            2249617.3968
          ],
          [
            4714372.9814,
            2249626.6436
          ],
          [
            4714343.6175,
            2249634.137
          ],
          [
            4714300.9105,
            2249644.2052999996
          ],
          [
            4714226.8484,
            2249661.3071999997
          ],
          [
            4714158.6417,
            2249670.3901000004
          ],
          [
            4714111.059,
            2249674.1224000007
          ],
          [
            4713923.1344,
            2249679.9394000005
          ],
          [
            4713771.9592,
            2249685.5770999994
          ],
          [
            4713710.6365,
            2249687.380000001
          ],
          [
            4713661.6662,
            2249688.3506000005
          ],
          [
            4713623.0394,
            2249688.8037
          ],
          [
            4713589.974,
            2249690.2880000006
          ],
          [
            4713579.1277,
            2249690.6054999996
          ],
          [
            4713566.6966,
            2249691.4597999994
          ],
          [
            4713551.8907,
            2249693.6488000005
          ],
          [
            4713543.2711,
            2249694.6908
          ],
          [
            4713530.4717,
            2249696.1345000006
          ],
          [
            4713523.5992,
            2249697.4909000006
          ],
          [
            4713516.4648,
            2249699.377800001
          ],
          [
            4713506.6845,
            2249701.2775999997
          ],
          [
            4713497.9677,
            2249704.2304999996
          ],
          [
            4713483.1747,
            2249709.065300001
          ],
          [
            4713477.363,
            2249710.9455999993
          ],
          [
            4713471.5528,
            2249713.0906000007
          ],
          [
            4713462.0461,
            2249716.8411999997
          ],
          [
            4713450.9597,
            2249722.1867999993
          ],
          [
            4713443.833,
            2249725.6612
          ],
          [
            4713435.657,
            2249730.9926999994
          ],
          [
            4713427.7429,
            2249735.7938
          ],
          [
            4713418.2414,
            2249740.6027000006
          ],
          [
            4713411.9097,
            2249744.3377
          ],
          [
            4713401.0957,
            2249751.2697
          ],
          [
            4713387.9173,
            2249761.6525999997
          ],
          [
            4713378.4365,
            2249770.694700001
          ],
          [
            4713364.4811,
            2249784.5210999995
          ],
          [
            4713354.4024,
            2249796.6670999993
          ],
          [
            4713345.2599,
            2249805.8365
          ],
          [
            4713335.1316,
            2249817.8856000006
          ],
          [
            4713329.9155,
            2249824.7858000007
          ],
          [
            4713326.8701,
            2249830.4772999994
          ],
          [
            4713320.8366,
            2249841.09
          ],
          [
            4713307.9912,
            2249865.4942000005
          ],
          [
            4713302.7462,
            2249875.0447000004
          ],
          [
            4713296.4609,
            2249888.3045000006
          ],
          [
            4713290.4518,
            2249903.9442999996
          ],
          [
            4713284.1963,
            2249923.2892000005
          ],
          [
            4713272.7177,
            2249956.682600001
          ],
          [
            4713245.4565,
            2250024.5688000005
          ],
          [
            4713243.2335,
            2250030.079500001
          ],
          [
            4713238.475,
            2250041.1023999993
          ],
          [
            4713235.9396,
            2250046.6148000006
          ],
          [
            4713230.6799,
            2250057.3902000003
          ],
          [
            4713225.107,
            2250068.0420999993
          ],
          [
            4713222.133,
            2250073.3067000005
          ],
          [
            4713219.1582,
            2250078.4460000005
          ],
          [
            4713216.0583,
            2250083.586100001
          ],
          [
            4713212.6473,
            2250088.977600001
          ],
          [
            4713208.2405,
            2250095.2489
          ],
          [
            4713204.639,
            2250100.0165
          ],
          [
            4713200.9123,
            2250104.784499999
          ],
          [
            4713197.1227,
            2250109.4279999994
          ],
          [
            4713193.2079,
            2250114.071900001
          ],
          [
            4713185.1892,
            2250122.9858999997
          ],
          [
            4713181.0852,
            2250127.2557999995
          ],
          [
            4713176.1692,
            2250131.6548999995
          ],
          [
            4713170.3833,
            2250137.0579000004
          ],
          [
            4713153.0745,
            2250150.5173000004
          ],
          [
            4713139.9317,
            2250159.5812999997
          ],
          [
            4713134.7597,
            2250162.7314999998
          ],
          [
            4713129.587,
            2250165.7567999996
          ],
          [
            4713119.0532,
            2250171.5582999997
          ],
          [
            4713103.9501,
            2250180.8139999993
          ],
          [
            4713093.6562,
            2250185.8914
          ],
          [
            4713075.4406,
            2250194.1822999995
          ],
          [
            4713054.0062,
            2250200.000499999
          ],
          [
            4713046.7689,
            2250202.5360000003
          ],
          [
            4713038.8422,
            2250204.6996999998
          ],
          [
            4713027.2354,
            2250208.3813000005
          ],
          [
            4713000.7691,
            2250215.135399999
          ],
          [
            4712925.071,
            2250230.6351999994
          ],
          [
            4712869.5656,
            2250242.283399999
          ],
          [
            4712733.4534,
            2250272.5812999997
          ],
          [
            4712666.7162,
            2250286.930299999
          ],
          [
            4712599.9789,
            2250301.279100001
          ],
          [
            4712482.0951,
            2250325.9318000004
          ],
          [
            4712373.9994,
            2250350.2722999994
          ],
          [
            4712323.238,
            2250358.1931999996
          ],
          [
            4712308.9573,
            2250359.5858999994
          ],
          [
            4712301.2883,
            2250360.4168999996
          ],
          [
            4712291.2332,
            2250360.2017
          ],
          [
            4712284.62,
            2250360.498400001
          ],
          [
            4712277.7423,
            2250360.796599999
          ],
          [
            4712267.6857,
            2250360.3166000005
          ],
          [
            4712257.6253,
            2250359.0428
          ],
          [
            4712248.0967,
            2250358.295600001
          ],
          [
            4712240.1555,
            2250357.5405
          ],
          [
            4712230.357,
            2250355.7364000008
          ],
          [
            4712221.351,
            2250353.6637999993
          ],
          [
            4712208.3713,
            2250350.552100001
          ],
          [
            4712196.7104,
            2250346.6403
          ],
          [
            4712166.5124,
            2250334.187999999
          ],
          [
            4712147.6443,
            2250324.9674999993
          ],
          [
            4712131.0909,
            2250315.7422
          ],
          [
            4712116.521,
            2250306.1821
          ],
          [
            4712101.2903,
            2250296.9541999996
          ],
          [
            4712086.0542,
            2250285.080600001
          ],
          [
            4712063.6178,
            2250266.9343
          ],
          [
            4711995.8388,
            2250214.0505999997
          ],
          [
            4711952.4924,
            2250182.7324
          ],
          [
            4711922.737,
            2250157.7421000004
          ],
          [
            4711907.5979,
            2250145.9097000007
          ],
          [
            4711896.1822,
            2250138.0277999993
          ],
          [
            4711883.9573,
            2250126.9749999996
          ],
          [
            4711871.2059,
            2250116.454
          ],
          [
            4711858.9901,
            2250107.2532
          ],
          [
            4711845.9792,
            2250097.7916
          ],
          [
            4711833.7686,
            2250089.6491
          ],
          [
            4711824.2089,
            2250082.5518999994
          ],
          [
            4711813.8556,
            2250075.4586999994
          ],
          [
            4711802.9702,
            2250067.8389
          ],
          [
            4711791.0255,
            2250059.9596999995
          ],
          [
            4711780.3151,
            2250053.7304999996
          ],
          [
            4711769.2922,
            2250049.0343999993
          ],
          [
            4711758.4594,
            2250044.8375000004
          ],
          [
            4711731.8618,
            2250033.5053000003
          ],
          [
            4711715.9459,
            2250028.7732999995
          ],
          [
            4711705.6882,
            2250026.523
          ],
          [
            4711692.4998,
            2250023.6599000003
          ],
          [
            4711680.1458,
            2250020.3741999995
          ],
          [
            4711662.7733,
            2250017.1132999994
          ],
          [
            4711640.3178,
            2250015.5404000003
          ],
          [
            4711624.8711,
            2250013.6160000004
          ],
          [
            4711609.3644,
            2250012.1918
          ],
          [
            4711597.2974,
            2250011.2507000007
          ],
          [
            4711579.9812,
            2250010.4603000004
          ],
          [
            4711477.2197,
            2250007.8377
          ],
          [
            4711181.8265,
            2249995.8246
          ],
          [
            4711150.0788,
            2249996.3764999993
          ],
          [
            4711139.7621,
            2249996.8236999996
          ],
          [
            4711128.6517,
            2249997.2749000005
          ],
          [
            4711120.7124,
            2249996.9167
          ],
          [
            4711107.2227,
            2249997.7763
          ],
          [
            4711094.9198,
            2249997.8364000004
          ],
          [
            4711080.2394,
            2249998.7017
          ],
          [
            4711063.1798,
            2249999.9756000005
          ],
          [
            4711052.0752,
            2250001.6174999997
          ],
          [
            4711028.3057,
            2250010.4648
          ],
          [
            4710998.6101,
            2250024.897399999
          ],
          [
            4710971.3056,
            2250041.3027
          ],
          [
            4710946.7713,
            2250056.1071000006
          ],
          [
            4710929.6684,
            2250066.8923000004
          ],
          [
            4710925.8358,
            2250069.3091
          ],
          [
            4710827.8906,
            2250132.353700001
          ]
        ]
      }
    },
    {
      "type": "Feature",
      "properties": {
        "objectid": 7,
        "nombre": "Santo Domingo-Arví",
        "linea": "Línea L",
        "tipo": 2,
        "estado": 1,
        "label": "Santo Domingo-Arví",
        "codigo_linea": 7,
        "fecha_actualizacion": null,
        "st_length(shape)": 4476.91714597348
      },
      "geometry": {
        "type": "LineString",
        "coordinates": [
          [
            4718870.4129,
            2254018.0716999993
          ],
          [
            4723167.2251,
            2252761.014799999
          ]
        ]
      }
    },
    {
      "type": "Feature",
      "properties": {
        "objectid": 8,
        "nombre": "Acevedo-Santo Domingo",
        "linea": "Línea K",
        "tipo": 2,
        "estado": 1,
        "label": "Acevedo-Santo Domingo",
        "codigo_linea": 5,
        "fecha_actualizacion": null,
        "st_length(shape)": 2013.5195824811685
      },
      "geometry": {
        "type": "LineString",
        "coordinates": [
          [
            4717053.1257,
            2254861.9126999993
          ],
          [
            4717760.4851,
            2254415.9969999995
          ],
          [
            4718884.6353,
            2254066.1209999993
          ]
        ]
      }
    },
    {
      "type": "Feature",
      "properties": {
        "objectid": 9,
        "nombre": "San Javier-La Aurora",
        "linea": "Línea J",
        "tipo": 2,
        "estado": 1,
        "label": "San Javier-La Aurora",
        "codigo_linea": 4,
        "fecha_actualizacion": null,
        "st_length(shape)": 2697.4074186513694
      },
      "geometry": {
        "type": "LineString",
        "coordinates": [
          [
            4710930.5494,
            2250074.7577
          ],
          [
            4710856.3573,
            2252771.1446
          ]
        ]
      }
    },
    {
      "type": "Feature",
      "properties": {
        "objectid": 10,
        "nombre": "Miraflores-13 Noviembre",
        "linea": "Línea M",
        "tipo": 2,
        "estado": 1,
        "label": "Miraflores-13 Noviembre",
        "codigo_linea": 6,
        "fecha_actualizacion": null,
        "st_length(shape)": 1074.249614772557
      },
      "geometry": {
        "type": "LineString",
        "coordinates": [
          [
            4718039.4403,
            2248381.2031999994
          ],
          [
            4718875.411,
            2249012.5045999996
          ],
          [
            4718896.7073,
            2249028.5867999997
          ]
        ]
      }
    },
    {
      "type": "Feature",
      "properties": {
        "objectid": 11,
        "nombre": "Alejandro Echavarría-La Sierra",
        "linea": "Línea H",
        "tipo": 2,
        "estado": 1,
        "label": "Oriente-Villa Sierra",
        "codigo_linea": 3,
        "fecha_actualizacion": null,
        "st_length(shape)": 1409.9706634748882
      },
      "geometry": {
        "type": "LineString",
        "coordinates": [
          [
            4719050.4086,
            2247451.3258999996
          ],
          [
            4719067.825,
            2247467.2009999994
          ],
          [
            4719421.9081,
            2247789.9486999996
          ],
          [
            4719446.7462,
            2247812.5886000004
          ],
          [
            4719480.3316,
            2247804.692500001
          ],
          [
            4720262.2464,
            2247620.8600999992
          ],
          [
            4720297.2493,
            2247612.6307999995
          ]
        ]
      }
    },
    {
      "type": "Feature",
      "properties": {
        "objectid": 12,
        "nombre": "San Antonio-Alejandro Echavarría",
        "linea": "Línea T",
        "tipo": 4,
        "estado": 1,
        "label": "San Antonio-Oriente",
        "codigo_linea": 8,
        "fecha_actualizacion": null,
        "st_length(shape)": 4211.334543097279
      },
      "geometry": {
        "type": "LineString",
        "coordinates": [
          [
            4715762.0421,
            2248996.2059000004
          ],
          [
            4715770.0731,
            2248993.4667000007
          ],
          [
            4715793.1633,
            2248985.4331
          ],
          [
            4715875.6053,
            2248955.067500001
          ],
          [
            4715875.9833,
            2248954.929199999
          ],
          [
            4715876.9465,
            2248954.623400001
          ],
          [
            4715877.9164,
            2248954.3011000007
          ],
          [
            4715878.8777,
            2248953.9685999993
          ],
          [
            4715879.8331,
            2248953.6283
          ],
          [
            4715880.7843,
            2248953.2816000003
          ],
          [
            4715881.73,
            2248952.9288
          ],
          [
            4715883.9122,
            2248952.1033999994
          ],
          [
            4715892.0191,
            2248949.0189999994
          ],
          [
            4715899.4948,
            2248946.1762000006
          ],
          [
            4715900.4221,
            2248945.8257
          ],
          [
            4715901.3443,
            2248945.4860999994
          ],
          [
            4715902.2631,
            2248945.1598000005
          ],
          [
            4715903.1798,
            2248944.8529000003
          ],
          [
            4715904.0951,
            2248944.568499999
          ],
          [
            4715905.0098,
            2248944.3110000007
          ],
          [
            4715905.9225,
            2248944.0857999995
          ],
          [
            4715906.8352,
            2248943.897500001
          ],
          [
            4715907.7592,
            2248943.747199999
          ],
          [
            4715908.2249,
            2248943.6876999997
          ],
          [
            4715908.6508,
            2248943.6438999996
          ],
          [
            4715909.5748,
            2248943.584899999
          ],
          [
            4715910.4907,
            2248943.5713
          ],
          [
            4715911.4059,
            2248943.6043999996
          ],
          [
            4715912.319,
            2248943.6823999994
          ],
          [
            4715913.2265,
            2248943.8062999994
          ],
          [
            4715914.1268,
            2248943.9747
          ],
          [
            4715915.0161,
            2248944.1883000005
          ],
          [
            4715915.8951,
            2248944.4470000006
          ],
          [
            4715916.7608,
            2248944.7486000005
          ],
          [
            4715917.609,
            2248945.092700001
          ],
          [
            4715918.4385,
            2248945.478700001
          ],
          [
            4715919.2485,
            2248945.906300001
          ],
          [
            4715920.0368,
            2248946.374
          ],
          [
            4715920.7992,
            2248946.8795999996
          ],
          [
            4715921.5365,
            2248947.423699999
          ],
          [
            4715922.2567,
            2248948.0128000006
          ],
          [
            4715922.4845,
            2248948.2119999994
          ],
          [
            4715922.9216,
            2248948.614600001
          ],
          [
            4715923.5838,
            2248949.2720999997
          ],
          [
            4715924.2186,
            2248949.9574999996
          ],
          [
            4715924.8324,
            2248950.6722999997
          ],
          [
            4715925.4298,
            2248951.4124999996
          ],
          [
            4715926.0117,
            2248952.1745999996
          ],
          [
            4715926.581,
            2248952.9561
          ],
          [
            4715927.1425,
            2248953.755000001
          ],
          [
            4715927.6999,
            2248954.5667000003
          ],
          [
            4715928.8142,
            2248956.217
          ],
          [
            4715934.7534,
            2248965.0376999993
          ],
          [
            4715936.0542,
            2248966.9702000003
          ],
          [
            4715943.8929,
            2248978.6100999992
          ],
          [
            4715958.4143,
            2249000.1750000007
          ],
          [
            4715973.4967,
            2249022.5723
          ],
          [
            4715975.1811,
            2249025.0593999997
          ],
          [
            4715976.8737,
            2249027.5440999996
          ],
          [
            4715978.5755,
            2249030.0222999994
          ],
          [
            4715979.7159,
            2249031.6699
          ],
          [
            4715980.86,
            2249033.3147
          ],
          [
            4715981.4348,
            2249034.1373999994
          ],
          [
            4715981.9137,
            2249034.821799999
          ],
          [
            4715982.0106,
            2249034.9580000006
          ],
          [
            4715983.1646,
            2249036.5979999993
          ],
          [
            4715984.3221,
            2249038.233100001
          ],
          [
            4715985.483,
            2249039.8653999995
          ],
          [
            4715987.2303,
            2249042.3095999993
          ],
          [
            4715991.3131,
            2249047.995100001
          ],
          [
            4715993.0568,
            2249050.4316000007
          ],
          [
            4715994.2141,
            2249052.0573999994
          ],
          [
            4715995.3646,
            2249053.684699999
          ],
          [
            4715995.9386,
            2249054.5001
          ],
          [
            4715996.5092,
            2249055.3159999996
          ],
          [
            4715997.6484,
            2249056.9539
          ],
          [
            4715998.2147,
            2249057.772399999
          ],
          [
            4715999.3433,
            2249059.4158999994
          ],
          [
            4716000.4646,
            2249061.0637999997
          ],
          [
            4716001.5799,
            2249062.7158000004
          ],
          [
            4716002.6884,
            2249064.3728
          ],
          [
            4716003.2402,
            2249065.2018999998
          ],
          [
            4716004.3384,
            2249066.8647000007
          ],
          [
            4716005.4301,
            2249068.5328
          ],
          [
            4716006.5158,
            2249070.2052999996
          ],
          [
            4716007.0557,
            2249071.042199999
          ],
          [
            4716007.5937,
            2249071.8804
          ],
          [
            4716008.6657,
            2249073.5610000007
          ],
          [
            4716009.7312,
            2249075.2457999997
          ],
          [
            4716010.7893,
            2249076.9353
          ],
          [
            4716011.3162,
            2249077.7814000007
          ],
          [
            4716011.8405,
            2249078.6274999995
          ],
          [
            4716012.3636,
            2249079.4758
          ],
          [
            4716013.4059,
            2249081.1756999996
          ],
          [
            4716014.4398,
            2249082.8801000006
          ],
          [
            4716015.4695,
            2249084.5886000004
          ],
          [
            4716015.9818,
            2249085.4431
          ],
          [
            4716018.0259,
            2249088.8757000007
          ],
          [
            4716019.5579,
            2249091.4583
          ],
          [
            4716020.0751,
            2249092.3225999996
          ],
          [
            4716020.6018,
            2249093.1907
          ],
          [
            4716021.1421,
            2249094.058599999
          ],
          [
            4716021.7007,
            2249094.9244999997
          ],
          [
            4716022.2804,
            2249095.7843999993
          ],
          [
            4716022.8839,
            2249096.635399999
          ],
          [
            4716023.5157,
            2249097.474300001
          ],
          [
            4716024.1774,
            2249098.2990000006
          ],
          [
            4716024.875,
            2249099.1041
          ],
          [
            4716025.6084,
            2249099.8847000003
          ],
          [
            4716026.3702,
            2249100.6264999993
          ],
          [
            4716026.5916,
            2249100.8291999996
          ],
          [
            4716027.1973,
            2249101.3564999998
          ],
          [
            4716028.0398,
            2249102.0296
          ],
          [
            4716028.9208,
            2249102.6624
          ],
          [
            4716029.8318,
            2249103.2496000007
          ],
          [
            4716030.7702,
            2249103.7908999994
          ],
          [
            4716031.7344,
            2249104.2851
          ],
          [
            4716032.7232,
            2249104.7300000004
          ],
          [
            4716033.7315,
            2249105.1248000003
          ],
          [
            4716034.7599,
            2249105.4701000005
          ],
          [
            4716035.8037,
            2249105.7621999998
          ],
          [
            4716036.8605,
            2249106.0021
          ],
          [
            4716037.9278,
            2249106.1885
          ],
          [
            4716039.0036,
            2249106.3220000006
          ],
          [
            4716040.085,
            2249106.4013
          ],
          [
            4716041.1681,
            2249106.4264
          ],
          [
            4716042.252,
            2249106.3972999994
          ],
          [
            4716043.3318,
            2249106.3139999993
          ],
          [
            4716044.4072,
            2249106.1776
          ],
          [
            4716045.4651,
            2249105.9886000007
          ],
          [
            4716046.5277,
            2249105.7441000007
          ],
          [
            4716047.5604,
            2249105.4559000004
          ],
          [
            4716048.5758,
            2249105.1264999993
          ],
          [
            4716049.5703,
            2249104.7611
          ],
          [
            4716050.5454,
            2249104.3659000006
          ],
          [
            4716051.5032,
            2249103.9441
          ],
          [
            4716052.4431,
            2249103.5022
          ],
          [
            4716053.3667,
            2249103.043400001
          ],
          [
            4716054.2772,
            2249102.571799999
          ],
          [
            4716055.174,
            2249102.0934999995
          ],
          [
            4716056.0627,
            2249101.6098999996
          ],
          [
            4716056.9583,
            2249101.1165999994
          ],
          [
            4716056.995,
            2249101.0952000003
          ],
          [
            4716060.4441,
            2249099.1961000003
          ],
          [
            4716062.1948,
            2249098.2349999994
          ],
          [
            4716063.9469,
            2249097.2783000004
          ],
          [
            4716065.7002,
            2249096.3268999998
          ],
          [
            4716066.5777,
            2249095.8532999996
          ],
          [
            4716068.3346,
            2249094.911699999
          ],
          [
            4716070.0952,
            2249093.9771999996
          ],
          [
            4716070.9762,
            2249093.5128000006
          ],
          [
            4716071.8585,
            2249093.0502000004
          ],
          [
            4716073.6283,
            2249092.1290000007
          ],
          [
            4716074.5116,
            2249091.6719000004
          ],
          [
            4716076.2866,
            2249090.761600001
          ],
          [
            4716077.1741,
            2249090.3089000005
          ],
          [
            4716079.8454,
            2249088.9564999994
          ],
          [
            4716090.5667,
            2249083.576300001
          ],
          [
            4716165.6473,
            2249045.9232
          ],
          [
            4716168.3279,
            2249044.5834999997
          ],
          [
            4716170.1145,
            2249043.6985
          ],
          [
            4716171.0062,
            2249043.2611999996
          ],
          [
            4716171.9001,
            2249042.827299999
          ],
          [
            4716172.7958,
            2249042.3955000006
          ],
          [
            4716173.6911,
            2249041.9683999997
          ],
          [
            4716174.5882,
            2249041.5468000006
          ],
          [
            4716175.4879,
            2249041.128900001
          ],
          [
            4716176.3891,
            2249040.7158000004
          ],
          [
            4716177.2927,
            2249040.3069
          ],
          [
            4716178.1985,
            2249039.903000001
          ],
          [
            4716179.1064,
            2249039.5023
          ],
          [
            4716180.0162,
            2249039.105900001
          ],
          [
            4716180.9297,
            2249038.7128999997
          ],
          [
            4716181.8447,
            2249038.3222000003
          ],
          [
            4716182.7615,
            2249037.9334999993
          ],
          [
            4716184.5998,
            2249037.1615999993
          ],
          [
            4716187.3661,
            2249036.009299999
          ],
          [
            4716189.6503,
            2249035.056399999
          ],
          [
            4716191.0634,
            2249034.4648
          ],
          [
            4716192.9113,
            2249033.6819
          ],
          [
            4716193.8354,
            2249033.286699999
          ],
          [
            4716194.7586,
            2249032.8889000006
          ],
          [
            4716195.6802,
            2249032.487299999
          ],
          [
            4716196.6029,
            2249032.0819000006
          ],
          [
            4716198.0865,
            2249031.4185000006
          ],
          [
            4716198.4436,
            2249031.2569999993
          ],
          [
            4716199.4587,
            2249030.7914000005
          ],
          [
            4716200.2733,
            2249030.4141000006
          ],
          [
            4716201.1892,
            2249029.9846
          ],
          [
            4716202.0964,
            2249029.553200001
          ],
          [
            4716203.0048,
            2249029.1174
          ],
          [
            4716203.9097,
            2249028.6773000006
          ],
          [
            4716204.8134,
            2249028.2347
          ],
          [
            4716205.9123,
            2249027.6909999996
          ],
          [
            4716206.6136,
            2249027.3424999993
          ],
          [
            4716207.5119,
            2249026.8922000006
          ],
          [
            4716209.3011,
            2249025.9903999995
          ],
          [
            4716231.5934,
            2249014.6699
          ],
          [
            4716241.0975,
            2249009.8389999997
          ],
          [
            4716281.5201,
            2248989.312000001
          ],
          [
            4716283.3055,
            2248988.4013
          ],
          [
            4716284.1994,
            2248987.9418
          ],
          [
            4716285.0916,
            2248987.4802
          ],
          [
            4716285.985,
            2248987.0143999998
          ],
          [
            4716286.8762,
            2248986.5430999994
          ],
          [
            4716287.7664,
            2248986.0672999993
          ],
          [
            4716288.6553,
            2248985.5841000006
          ],
          [
            4716289.5416,
            2248985.0942
          ],
          [
            4716290.4246,
            2248984.5976
          ],
          [
            4716291.3024,
            2248984.0944999997
          ],
          [
            4716292.1828,
            2248983.5777000003
          ],
          [
            4716293.0525,
            2248983.0562999994
          ],
          [
            4716293.9199,
            2248982.5264999997
          ],
          [
            4716294.7812,
            2248981.9867000002
          ],
          [
            4716295.6367,
            2248981.4409999996
          ],
          [
            4716296.4889,
            2248980.885
          ],
          [
            4716297.3322,
            2248980.3236
          ],
          [
            4716298.1713,
            2248979.7562000006
          ],
          [
            4716299.0051,
            2248979.182
          ],
          [
            4716299.8342,
            2248978.6028000005
          ],
          [
            4716300.6576,
            2248978.0198999997
          ],
          [
            4716301.4766,
            2248977.4345999993
          ],
          [
            4716302.2939,
            2248976.8452000003
          ],
          [
            4716303.917,
            2248975.6613999996
          ],
          [
            4716307.14,
            2248973.2894
          ],
          [
            4716307.9426,
            2248972.7010999992
          ],
          [
            4716308.7459,
            2248972.1163
          ],
          [
            4716309.5497,
            2248971.537799999
          ],
          [
            4716310.3564,
            2248970.9637
          ],
          [
            4716311.1633,
            2248970.3977000006
          ],
          [
            4716311.9744,
            2248969.840399999
          ],
          [
            4716312.789,
            2248969.2915000003
          ],
          [
            4716313.6102,
            2248968.7523999996
          ],
          [
            4716314.0239,
            2248968.4864000008
          ],
          [
            4716314.4299,
            2248968.228700001
          ],
          [
            4716315.2664,
            2248967.7101000007
          ],
          [
            4716315.6904,
            2248967.4532999992
          ],
          [
            4716316.0992,
            2248967.2092000004
          ],
          [
            4716316.9467,
            2248966.7128999997
          ],
          [
            4716317.8002,
            2248966.2269
          ],
          [
            4716318.6607,
            2248965.7479
          ],
          [
            4716319.5276,
            2248965.2744999994
          ],
          [
            4716320.3982,
            2248964.806500001
          ],
          [
            4716321.2733,
            2248964.3439000007
          ],
          [
            4716322.154,
            2248963.8837
          ],
          [
            4716342.5878,
            2248953.3409
          ],
          [
            4716438.5656,
            2248903.8357999995
          ],
          [
            4716473.224,
            2248885.958799999
          ],
          [
            4716473.7229,
            2248885.7014000006
          ],
          [
            4716492.7755,
            2248875.8746000007
          ],
          [
            4716528.3494,
            2248857.5262
          ],
          [
            4716530.5123,
            2248856.4179999996
          ],
          [
            4716531.4041,
            2248855.9652999993
          ],
          [
            4716532.7903,
            2248855.2687
          ],
          [
            4716534.1008,
            2248854.617900001
          ],
          [
            4716535.4627,
            2248853.9531999994
          ],
          [
            4716536.8141,
            2248853.3058
          ],
          [
            4716538.1495,
            2248852.6777
          ],
          [
            4716539.0481,
            2248852.262700001
          ],
          [
            4716540.4661,
            2248851.6181000005
          ],
          [
            4716541.5505,
            2248851.1341999993
          ],
          [
            4716542.3027,
            2248850.8026
          ],
          [
            4716543.2996,
            2248850.3697999995
          ],
          [
            4716544.1448,
            2248850.0076
          ],
          [
            4716545.0706,
            2248849.615700001
          ],
          [
            4716546.3246,
            2248849.0917000007
          ],
          [
            4716547.8522,
            2248848.4627
          ],
          [
            4716549.0876,
            2248847.9592000004
          ],
          [
            4716552.4596,
            2248846.599199999
          ],
          [
            4716552.4965,
            2248846.5847999994
          ],
          [
            4716554.6496,
            2248845.7196999993
          ],
          [
            4716556.5056,
            2248844.9700000007
          ],
          [
            4716558.3648,
            2248844.2130999994
          ],
          [
            4716559.291,
            2248843.8333
          ],
          [
            4716560.2205,
            2248843.4493000004
          ],
          [
            4716562.075,
            2248842.6744
          ],
          [
            4716563.0004,
            2248842.2831999995
          ],
          [
            4716563.9261,
            2248841.8874999993
          ],
          [
            4716564.8505,
            2248841.4891
          ],
          [
            4716566.413,
            2248840.8034000006
          ],
          [
            4716567.2252,
            2248840.4418
          ],
          [
            4716568.1304,
            2248840.0336000007
          ],
          [
            4716569.0364,
            2248839.6206
          ],
          [
            4716569.7186,
            2248839.3066000007
          ],
          [
            4716570.8397,
            2248838.7827000003
          ],
          [
            4716571.7357,
            2248838.3595000003
          ],
          [
            4716572.7293,
            2248837.8839
          ],
          [
            4716573.9979,
            2248837.2671000008
          ],
          [
            4716574.902,
            2248836.8221000005
          ],
          [
            4716575.8037,
            2248836.3738
          ],
          [
            4716577.0957,
            2248835.7244000006
          ],
          [
            4716577.9843,
            2248835.2742
          ],
          [
            4716579.3882,
            2248834.5556000005
          ],
          [
            4716581.1705,
            2248833.6339
          ],
          [
            4716583.8348,
            2248832.2423
          ],
          [
            4716594.2803,
            2248826.751700001
          ],
          [
            4716597.4688,
            2248825.0748999994
          ],
          [
            4716597.9984,
            2248824.797700001
          ],
          [
            4716601.8947,
            2248822.7480999995
          ],
          [
            4716609.5049,
            2248818.7486000005
          ],
          [
            4716613.4928,
            2248816.669500001
          ],
          [
            4716615.7001,
            2248815.491699999
          ],
          [
            4716621.8927,
            2248812.2348999996
          ],
          [
            4716628.9732,
            2248808.512599999
          ],
          [
            4716636.0355,
            2248804.801000001
          ],
          [
            4716637.8247,
            2248803.8592000008
          ],
          [
            4716638.9597,
            2248803.2628000006
          ],
          [
            4716644.3796,
            2248800.4097000007
          ],
          [
            4716647.2085,
            2248798.9077000003
          ],
          [
            4716648.7966,
            2248798.057
          ],
          [
            4716650.1863,
            2248797.3058
          ],
          [
            4716651.9737,
            2248796.332800001
          ],
          [
            4716652.3097,
            2248796.1493999995
          ],
          [
            4716654.612,
            2248794.8791000005
          ],
          [
            4716655.8084,
            2248794.2127
          ],
          [
            4716658.416,
            2248792.7463000007
          ],
          [
            4716659.0036,
            2248792.4124
          ],
          [
            4716660.1489,
            2248791.7596000005
          ],
          [
            4716662.8377,
            2248790.214299999
          ],
          [
            4716665.3299,
            2248788.7708
          ],
          [
            4716667.617,
            2248787.4405000005
          ],
          [
            4716667.6327,
            2248787.432600001
          ],
          [
            4716671.9811,
            2248784.9075000007
          ],
          [
            4716673.9675,
            2248783.762
          ],
          [
            4716675.7048,
            2248782.7683000006
          ],
          [
            4716676.3264,
            2248782.4145
          ],
          [
            4716678.315,
            2248781.2904000003
          ],
          [
            4716679.1872,
            2248780.8011000007
          ],
          [
            4716680.0628,
            2248780.312000001
          ],
          [
            4716681.8161,
            2248779.3402999993
          ],
          [
            4716684.1443,
            2248778.0639999993
          ],
          [
            4716685.8964,
            2248777.1136000007
          ],
          [
            4716687.9863,
            2248775.9931000005
          ],
          [
            4716689.7534,
            2248775.0548
          ],
          [
            4716691.5287,
            2248774.1213000007
          ],
          [
            4716693.3069,
            2248773.1949000005
          ],
          [
            4716695.9811,
            2248771.8154000007
          ],
          [
            4716703.6107,
            2248767.9152000006
          ],
          [
            4716723.2046,
            2248757.9121000003
          ],
          [
            4716759.7174,
            2248739.2687999997
          ],
          [
            4716770.4044,
            2248733.811899999
          ],
          [
            4716785.5442,
            2248726.0812
          ],
          [
            4716786.4355,
            2248725.626700001
          ],
          [
            4716802.4649,
            2248717.4421999995
          ],
          [
            4716822.9478,
            2248706.9839999992
          ],
          [
            4716838.9782,
            2248698.7991000004
          ],
          [
            4716855.0084,
            2248690.6141999997
          ],
          [
            4716895.9729,
            2248669.6983000003
          ],
          [
            4716897.7517,
            2248668.7942999993
          ],
          [
            4716898.6408,
            2248668.3450000007
          ],
          [
            4716899.5306,
            2248667.898600001
          ],
          [
            4716900.4213,
            2248667.4542999994
          ],
          [
            4716901.3117,
            2248667.0134999994
          ],
          [
            4716902.2039,
            2248666.5765000004
          ],
          [
            4716903.4188,
            2248665.988399999
          ],
          [
            4716903.9905,
            2248665.7159
          ],
          [
            4716904.8871,
            2248665.2919999994
          ],
          [
            4716905.7859,
            2248664.8729
          ],
          [
            4716906.6882,
            2248664.4574999996
          ],
          [
            4716907.5925,
            2248664.045499999
          ],
          [
            4716908.4984,
            2248663.6363999993
          ],
          [
            4716909.4068,
            2248663.2299000006
          ],
          [
            4716910.3169,
            2248662.8254000004
          ],
          [
            4716912.1418,
            2248662.0216000006
          ],
          [
            4716916.7212,
            2248660.0167999994
          ],
          [
            4716919.4709,
            2248658.805299999
          ],
          [
            4716921.3044,
            2248657.989499999
          ],
          [
            4716922.2209,
            2248657.5785000008
          ],
          [
            4716923.1362,
            2248657.164999999
          ],
          [
            4716924.0501,
            2248656.7488
          ],
          [
            4716925.2462,
            2248656.2005000003
          ],
          [
            4716925.8767,
            2248655.9087000005
          ],
          [
            4716926.7883,
            2248655.4838999994
          ],
          [
            4716927.6986,
            2248655.055400001
          ],
          [
            4716928.6064,
            2248654.624
          ],
          [
            4716929.545,
            2248654.1753000002
          ],
          [
            4716930.4189,
            2248653.753799999
          ],
          [
            4716931.3215,
            2248653.3145000003
          ],
          [
            4716932.2242,
            2248652.8731999993
          ],
          [
            4716933.1255,
            2248652.4287
          ],
          [
            4716934.9212,
            2248651.5364999995
          ],
          [
            4716935.8195,
            2248651.0874000005
          ],
          [
            4716939.3953,
            2248649.2860000003
          ],
          [
            4716970.6276,
            2248633.4946
          ],
          [
            4716975.4512,
            2248631.1107
          ],
          [
            4716992.0477,
            2248622.666099999
          ],
          [
            4717000.9704,
            2248618.1543000005
          ],
          [
            4717001.8645,
            2248617.7007999998
          ],
          [
            4717002.7593,
            2248617.2444
          ],
          [
            4717003.6539,
            2248616.784499999
          ],
          [
            4717004.5475,
            2248616.3211000003
          ],
          [
            4717005.4411,
            2248615.8527000006
          ],
          [
            4717006.3322,
            2248615.378900001
          ],
          [
            4717007.2217,
            2248614.8999000005
          ],
          [
            4717008.1079,
            2248614.4145
          ],
          [
            4717008.6171,
            2248614.1317999996
          ],
          [
            4717008.9975,
            2248613.918400001
          ],
          [
            4717009.8762,
            2248613.417300001
          ],
          [
            4717010.7562,
            2248612.9069
          ],
          [
            4717011.625,
            2248612.3933000006
          ],
          [
            4717012.4918,
            2248611.872199999
          ],
          [
            4717013.3544,
            2248611.3455
          ],
          [
            4717014.2122,
            2248610.8147
          ],
          [
            4717015.067,
            2248610.2805000003
          ],
          [
            4717015.918,
            2248609.7431000005
          ],
          [
            4717016.7656,
            2248609.2042999994
          ],
          [
            4717018.4542,
            2248608.1225000005
          ],
          [
            4717028.5466,
            2248601.6338
          ],
          [
            4717030.2259,
            2248600.5599000007
          ],
          [
            4717031.0665,
            2248600.027899999
          ],
          [
            4717031.9075,
            2248599.4978
          ],
          [
            4717032.7491,
            2248598.9734000005
          ],
          [
            4717033.5922,
            2248598.4540999997
          ],
          [
            4717034.4381,
            2248597.9404000007
          ],
          [
            4717035.2862,
            2248597.4317000005
          ],
          [
            4717036.1367,
            2248596.9310999997
          ],
          [
            4717036.5723,
            2248596.678200001
          ],
          [
            4717036.9884,
            2248596.4389999993
          ],
          [
            4717037.8482,
            2248595.950099999
          ],
          [
            4717038.7126,
            2248595.4681
          ],
          [
            4717039.5808,
            2248594.989
          ],
          [
            4717040.4515,
            2248594.5150000006
          ],
          [
            4717041.3251,
            2248594.045
          ],
          [
            4717042.2036,
            2248593.5760999992
          ],
          [
            4717043.0827,
            2248593.1094000004
          ],
          [
            4717054.5845,
            2248587.060900001
          ],
          [
            4717055.8084,
            2248586.417300001
          ],
          [
            4717205.0509,
            2248507.9674999993
          ],
          [
            4717253.7316,
            2248482.3784
          ],
          [
            4717259.9282,
            2248479.1218
          ],
          [
            4717302.4123,
            2248456.7893000003
          ],
          [
            4717508.515,
            2248348.1447
          ],
          [
            4717696.0482,
            2248249.288899999
          ],
          [
            4717696.9258,
            2248248.8072999995
          ],
          [
            4717697.8014,
            2248248.3267
          ],
          [
            4717698.6763,
            2248247.8464
          ],
          [
            4717698.682,
            2248247.8432
          ],
          [
            4717699.5538,
            2248247.3671000004
          ],
          [
            4717700.4123,
            2248246.9071999993
          ],
          [
            4717701.2839,
            2248246.4542999994
          ],
          [
            4717702.1469,
            2248246.024599999
          ],
          [
            4717703.0179,
            2248245.6141999997
          ],
          [
            4717703.8877,
            2248245.2339999992
          ],
          [
            4717704.7403,
            2248244.8926999997
          ],
          [
            4717705.5874,
            2248244.5890999995
          ],
          [
            4717705.6077,
            2248244.5823
          ],
          [
            4717705.6162,
            2248244.5796000008
          ],
          [
            4717706.5182,
            2248244.3000000007
          ],
          [
            4717706.9836,
            2248244.1742000002
          ],
          [
            4717707.3816,
            2248244.0757999998
          ],
          [
            4717708.3065,
            2248243.885
          ],
          [
            4717709.2312,
            2248243.7436999995
          ],
          [
            4717710.1154,
            2248243.651799999
          ],
          [
            4717711.037,
            2248243.6029000003
          ],
          [
            4717711.9566,
            2248243.600299999
          ],
          [
            4717712.8831,
            2248243.6447
          ],
          [
            4717713.7819,
            2248243.7325
          ],
          [
            4717714.6867,
            2248243.8669000007
          ],
          [
            4717715.5747,
            2248244.0440999996
          ],
          [
            4717716.4742,
            2248244.2707
          ],
          [
            4717717.32,
            2248244.5286999997
          ],
          [
            4717718.2161,
            2248244.8521999996
          ],
          [
            4717719.037,
            2248245.1962
          ],
          [
            4717719.875,
            2248245.5983000007
          ],
          [
            4717720.6946,
            2248246.0428
          ],
          [
            4717721.4791,
            2248246.5215000007
          ],
          [
            4717722.2426,
            2248247.0417
          ],
          [
            4717722.9562,
            2248247.5811
          ],
          [
            4717723.6445,
            2248248.1568
          ],
          [
            4717724.3186,
            2248248.7804000005
          ],
          [
            4717724.9651,
            2248249.4418
          ],
          [
            4717725.199,
            2248249.6973
          ],
          [
            4717725.5705,
            2248250.125499999
          ],
          [
            4717726.1453,
            2248250.8407000005
          ],
          [
            4717726.7116,
            2248251.6082000006
          ],
          [
            4717727.2427,
            2248252.3874999993
          ],
          [
            4717727.7497,
            2248253.1845999993
          ],
          [
            4717728.2417,
            2248254.005999999
          ],
          [
            4717728.7142,
            2248254.8356
          ],
          [
            4717728.7171,
            2248254.8411
          ],
          [
            4717729.1831,
            2248255.6920999996
          ],
          [
            4717729.1875,
            2248255.7003000006
          ],
          [
            4717729.6533,
            2248256.5766000003
          ],
          [
            4717730.1143,
            2248257.4557000007
          ],
          [
            4717730.5692,
            2248258.3313999996
          ],
          [
            4717738.4384,
            2248273.4493000004
          ],
          [
            4717743.4787,
            2248283.135
          ],
          [
            4717743.5011,
            2248283.1796000004
          ],
          [
            4717748.1096,
            2248292.0331999995
          ],
          [
            4717749.4983,
            2248294.7020999994
          ],
          [
            4717760.5754,
            2248315.9854000006
          ],
          [
            4717767.0389,
            2248328.4037999995
          ],
          [
            4717773.5005,
            2248340.8183999993
          ],
          [
            4717774.8871,
            2248343.4827999994
          ],
          [
            4717776.2722,
            2248346.1447
          ],
          [
            4717779.5026,
            2248352.3521
          ],
          [
            4717782.728,
            2248358.5484999996
          ],
          [
            4717782.7402,
            2248358.5724
          ],
          [
            4717784.6022,
            2248362.1482999995
          ],
          [
            4717785.9682,
            2248364.7749000005
          ],
          [
            4717790.1353,
            2248372.780200001
          ],
          [
            4717790.5828,
            2248373.642000001
          ],
          [
            4717793.818,
            2248379.8571000006
          ],
          [
            4717803.5294,
            2248398.5149000008
          ],
          [
            4717804.8955,
            2248401.1414
          ],
          [
            4717808.1243,
            2248407.3453
          ],
          [
            4717809.0615,
            2248409.1446
          ],
          [
            4717809.5105,
            2248410.0095000006
          ],
          [
            4717814.1374,
            2248418.897
          ],
          [
            4717814.5888,
            2248419.7663000003
          ],
          [
            4717820.5885,
            2248431.2937000003
          ],
          [
            4717821.0467,
            2248432.1728000008
          ],
          [
            4717821.534,
            2248433.0950000007
          ],
          [
            4717822.0206,
            2248433.9925999995
          ],
          [
            4717822.5208,
            2248434.8848
          ],
          [
            4717823.0506,
            2248435.7848000005
          ],
          [
            4717823.6075,
            2248436.679199999
          ],
          [
            4717824.1953,
            2248437.5623000003
          ],
          [
            4717824.7826,
            2248438.3816
          ],
          [
            4717825.4658,
            2248439.2588
          ],
          [
            4717826.1502,
            2248440.0588000007
          ],
          [
            4717826.8818,
            2248440.8355
          ],
          [
            4717826.9329,
            2248440.886
          ],
          [
            4717827.659,
            2248441.5823999997
          ],
          [
            4717827.7115,
            2248441.630000001
          ],
          [
            4717828.474,
            2248442.2927
          ],
          [
            4717828.5301,
            2248442.3389999997
          ],
          [
            4717829.3304,
            2248442.9657000005
          ],
          [
            4717829.3886,
            2248443.0084000006
          ],
          [
            4717830.259,
            2248443.6218
          ],
          [
            4717831.1195,
            2248444.1657
          ],
          [
            4717831.1811,
            2248444.2032999992
          ],
          [
            4717832.1178,
            2248444.731899999
          ],
          [
            4717833.0412,
            2248445.194
          ],
          [
            4717833.1067,
            2248445.224300001
          ],
          [
            4717834.084,
            2248445.6536999997
          ],
          [
            4717835.0373,
            2248446.016899999
          ],
          [
            4717835.1041,
            2248446.0407999996
          ],
          [
            4717836.0891,
            2248446.3617000002
          ],
          [
            4717837.1648,
            2248446.653000001
          ],
          [
            4717838.2366,
            2248446.8851999994
          ],
          [
            4717839.2474,
            2248447.0524000004
          ],
          [
            4717839.318,
            2248447.0617999993
          ],
          [
            4717840.3868,
            2248447.1838000007
          ],
          [
            4717841.4081,
            2248447.2492999993
          ],
          [
            4717841.4797,
            2248447.251599999
          ],
          [
            4717842.5517,
            2248447.2660000008
          ],
          [
            4717843.6212,
            2248447.227499999
          ],
          [
            4717844.6697,
            2248447.1378000006
          ],
          [
            4717845.7749,
            2248446.9870999996
          ],
          [
            4717846.7858,
            2248446.796599999
          ],
          [
            4717847.0468,
            2248446.7397000007
          ],
          [
            4717847.8616,
            2248446.5407999996
          ],
          [
            4717848.8829,
            2248446.2468999997
          ],
          [
            4717849.8887,
            2248445.9124
          ],
          [
            4717850.8837,
            2248445.5404000003
          ],
          [
            4717851.8555,
            2248445.1426999997
          ],
          [
            4717852.8454,
            2248444.7062
          ],
          [
            4717853.7479,
            2248444.2861
          ],
          [
            4717854.6942,
            2248443.8257999998
          ],
          [
            4717855.5887,
            2248443.380000001
          ],
          [
            4717886.7848,
            2248427.5133999996
          ],
          [
            4717893.0304,
            2248424.3368999995
          ],
          [
            4717894.8178,
            2248423.4277
          ],
          [
            4717894.8436,
            2248423.4136999995
          ],
          [
            4717896.5966,
            2248422.523
          ],
          [
            4717910.8482,
            2248415.274
          ],
          [
            4717911.7492,
            2248414.8160999995
          ],
          [
            4717913.5331,
            2248413.9088000003
          ],
          [
            4717915.3167,
            2248413.0014999993
          ],
          [
            4717915.3426,
            2248412.987299999
          ],
          [
            4717921.5311,
            2248409.8397000004
          ],
          [
            4717922.405,
            2248409.3949999996
          ],
          [
            4717958.9764,
            2248390.7936000004
          ],
          [
            4717959.8676,
            2248390.3406000007
          ],
          [
            4717962.5824,
            2248388.9590000007
          ],
          [
            4717964.3329,
            2248388.0694999993
          ],
          [
            4717966.1165,
            2248387.1623
          ],
          [
            4717967.8989,
            2248386.2557999995
          ],
          [
            4717969.6788,
            2248385.350400001
          ],
          [
            4717975.0194,
            2248382.6339
          ],
          [
            4717981.2666,
            2248379.456599999
          ],
          [
            4718015.2224,
            2248362.184800001
          ],
          [
            4718018.7034,
            2248360.4142000005
          ],
          [
            4718018.729,
            2248360.4002
          ],
          [
            4718019.5821,
            2248359.967
          ],
          [
            4718020.4615,
            2248359.5198
          ],
          [
            4718020.5005,
            2248359.499399999
          ],
          [
            4718022.267,
            2248358.601500001
          ],
          [
            4718024.0389,
            2248357.7005000003
          ],
          [
            4718090.0108,
            2248324.1435000002
          ],
          [
            4718091.7859,
            2248323.242799999
          ],
          [
            4718093.5649,
            2248322.3505000006
          ],
          [
            4718094.4536,
            2248321.9113
          ],
          [
            4718095.3434,
            2248321.4771999996
          ],
          [
            4718096.2342,
            2248321.049799999
          ],
          [
            4718097.1272,
            2248320.628900001
          ],
          [
            4718098.0223,
            2248320.216499999
          ],
          [
            4718098.919,
            2248319.812999999
          ],
          [
            4718099.8193,
            2248319.418299999
          ],
          [
            4718100.7243,
            2248319.0332999993
          ],
          [
            4718101.6335,
            2248318.6559999995
          ],
          [
            4718102.5441,
            2248318.2893000003
          ],
          [
            4718103.4598,
            2248317.9316000007
          ],
          [
            4718104.3797,
            2248317.5819000006
          ],
          [
            4718105.3017,
            2248317.2424
          ],
          [
            4718106.227,
            2248316.9125999995
          ],
          [
            4718107.1572,
            2248316.5911999997
          ],
          [
            4718108.0894,
            2248316.2787999995
          ],
          [
            4718109.0243,
            2248315.9767000005
          ],
          [
            4718109.9626,
            2248315.6841
          ],
          [
            4718110.9054,
            2248315.4000000004
          ],
          [
            4718111.8482,
            2248315.1251
          ],
          [
            4718112.7957,
            2248314.8608999997
          ],
          [
            4718113.7445,
            2248314.6043999996
          ],
          [
            4718114.6962,
            2248314.359099999
          ],
          [
            4718115.6514,
            2248314.122300001
          ],
          [
            4718116.6074,
            2248313.8956000004
          ],
          [
            4718117.5654,
            2248313.6787
          ],
          [
            4718118.5274,
            2248313.4712000005
          ],
          [
            4718119.4905,
            2248313.2728000004
          ],
          [
            4718120.4547,
            2248313.0844
          ],
          [
            4718121.422,
            2248312.9057
          ],
          [
            4718122.3902,
            2248312.7367000002
          ],
          [
            4718123.3605,
            2248312.5776000004
          ],
          [
            4718124.3318,
            2248312.4274000004
          ],
          [
            4718125.3073,
            2248312.2876999993
          ],
          [
            4718125.685,
            2248312.2359999996
          ],
          [
            4718126.279,
            2248312.1575000007
          ],
          [
            4718127.2579,
            2248312.0363999996
          ],
          [
            4718128.2378,
            2248311.9230000004
          ],
          [
            4718129.2203,
            2248311.816400001
          ],
          [
            4718130.2057,
            2248311.716499999
          ],
          [
            4718131.1918,
            2248311.6215000004
          ],
          [
            4718132.1813,
            2248311.531300001
          ],
          [
            4718133.1728,
            2248311.4439000003
          ],
          [
            4718137.1525,
            2248311.1060000006
          ],
          [
            4718155.0924,
            2248309.5961000007
          ],
          [
            4718156.0967,
            2248309.5076
          ],
          [
            4718157.1041,
            2248309.4125999995
          ],
          [
            4718158.1135,
            2248309.3093
          ],
          [
            4718159.1257,
            2248309.1953999996
          ],
          [
            4718160.1397,
            2248309.0687000006
          ],
          [
            4718161.1556,
            2248308.9272000007
          ],
          [
            4718162.1743,
            2248308.7677999996
          ],
          [
            4718163.1923,
            2248308.5880999994
          ],
          [
            4718164.2092,
            2248308.3871
          ],
          [
            4718165.2261,
            2248308.1603999995
          ],
          [
            4718166.2389,
            2248307.908
          ],
          [
            4718167.2496,
            2248307.6262
          ],
          [
            4718168.2458,
            2248307.3155000005
          ],
          [
            4718168.7397,
            2248307.1493999995
          ],
          [
            4718169.2568,
            2248306.9647000004
          ],
          [
            4718170.2359,
            2248306.5876
          ],
          [
            4718171.2073,
            2248306.1754
          ],
          [
            4718172.1651,
            2248305.7313
          ],
          [
            4718173.1079,
            2248305.2546999995
          ],
          [
            4718174.0288,
            2248304.7507000007
          ],
          [
            4718174.5607,
            2248304.4409999996
          ],
          [
            4718174.949,
            2248304.2061
          ],
          [
            4718175.8294,
            2248303.6465000007
          ],
          [
            4718176.6974,
            2248303.0569
          ],
          [
            4718177.5457,
            2248302.4453
          ],
          [
            4718178.3732,
            2248301.8147
          ],
          [
            4718179.1842,
            2248301.1676000003
          ],
          [
            4718179.9788,
            2248300.5045
          ],
          [
            4718180.7561,
            2248299.8292999994
          ],
          [
            4718181.5201,
            2248299.1446
          ],
          [
            4718182.2717,
            2248298.4503000006
          ],
          [
            4718183.0107,
            2248297.7501
          ],
          [
            4718183.7412,
            2248297.0449
          ],
          [
            4718184.4628,
            2248296.3357999995
          ],
          [
            4718185.1769,
            2248295.625600001
          ],
          [
            4718185.8873,
            2248294.916200001
          ],
          [
            4718188.7111,
            2248292.0821
          ],
          [
            4718189.4177,
            2248291.374399999
          ],
          [
            4718191.5353,
            2248289.2492999993
          ],
          [
            4718195.0644,
            2248285.7085999995
          ],
          [
            4718198.5937,
            2248282.1678
          ],
          [
            4718214.8305,
            2248265.8795999996
          ],
          [
            4718226.8312,
            2248253.8407000005
          ],
          [
            4718227.5376,
            2248253.1319999993
          ],
          [
            4718240.2435,
            2248240.3851999994
          ],
          [
            4718243.7732,
            2248236.8442
          ],
          [
            4718250.1267,
            2248230.4705
          ],
          [
            4718253.6559,
            2248226.9296000004
          ],
          [
            4718255.774,
            2248224.8069
          ],
          [
            4718256.4797,
            2248224.101399999
          ],
          [
            4718257.1861,
            2248223.3981999997
          ],
          [
            4718257.8932,
            2248222.6962
          ],
          [
            4718258.2748,
            2248222.3194999993
          ],
          [
            4718264.266209896,
            2248216.5071530086
          ],
          [
            4718270.706286063,
            2248211.1962407483
          ],
          [
            4718277.553185032,
            2248206.4212701092
          ],
          [
            4718284.762420056,
            2248202.213265779
          ],
          [
            4718292.287150166,
            2248198.599568661
          ],
          [
            4718300.078484506,
            2248195.603658235
          ],
          [
            4718308.0858,
            2248193.244999999
          ],
          [
            4718415.9911,
            2248166.2806
          ],
          [
            4718422.711301856,
            2248164.9249797324
          ],
          [
            4718429.238392501,
            2248162.8283378915
          ],
          [
            4718435.490933335,
            2248160.016834306
          ],
          [
            4718441.390911321,
            2248156.525548145
          ],
          [
            4718446.864712353,
            2248152.3980402336
          ],
          [
            4718451.84403974,
            2248147.6858095443
          ],
          [
            4718456.266766346,
            2248142.447650644
          ],
          [
            4718460.07770975,
            2248136.7489201133
          ],
          [
            4718463.229320761,
            2248130.660721091
          ],
          [
            4718465.682276683,
            2248124.2590161203
          ],
          [
            4718467.405971953,
            2248117.623679361
          ],
          [
            4718468.3789,
            2248110.8375000004
          ],
          [
            4718468.8378,
            2248106.9635000005
          ],
          [
            4718473.5689,
            2248084.9838999994
          ],
          [
            4718479.8272,
            2248047.4986000005
          ],
          [
            4718479.9316,
            2248046.5132999998
          ],
          [
            4718480.0429,
            2248045.5349000003
          ],
          [
            4718480.1635,
            2248044.564099999
          ],
          [
            4718480.2984,
            2248043.6039000005
          ],
          [
            4718480.4511,
            2248042.6511000004
          ],
          [
            4718480.6238,
            2248041.709899999
          ],
          [
            4718480.8216,
            2248040.7786999997
          ],
          [
            4718481.0454,
            2248039.8619999997
          ],
          [
            4718482.639445492,
            2248033.1610074956
          ],
          [
            4718484.873443732,
            2248026.6453698883
          ],
          [
            4718487.72649309,
            2248020.376048479
          ],
          [
            4718491.1719,
            2248014.411699999
          ],
          [
            4718534.9896,
            2247946.4071999993
          ],
          [
            4718535.4826,
            2247945.545499999
          ],
          [
            4718535.9804,
            2247944.6855999995
          ],
          [
            4718536.4806,
            2247943.8269999996
          ],
          [
            4718536.9848,
            2247942.9718999993
          ],
          [
            4718537.4928,
            2247942.1170000006
          ],
          [
            4718537.9343,
            2247941.3792000003
          ],
          [
            4718537.9991,
            2247941.2738000005
          ],
          [
            4718538.5177,
            2247940.4155
          ],
          [
            4718539.0349,
            2247939.5676000006
          ],
          [
            4718539.5562,
            2247938.7194
          ],
          [
            4718540.6054,
            2247937.0250000004
          ],
          [
            4718541.6629,
            2247935.3335999995
          ],
          [
            4718542.0603,
            2247934.7003000006
          ],
          [
            4718542.1924,
            2247934.4897000007
          ],
          [
            4718543.186,
            2247932.9092999995
          ],
          [
            4718543.2548,
            2247932.8016
          ],
          [
            4718543.7896,
            2247931.9503000006
          ],
          [
            4718549.1165,
            2247923.487299999
          ],
          [
            4718574.6799,
            2247882.8653999995
          ],
          [
            4718582.6683,
            2247870.171599999
          ],
          [
            4718591.1878,
            2247856.630999999
          ],
          [
            4718592.7875,
            2247854.091
          ],
          [
            4718594.918,
            2247850.705600001
          ],
          [
            4718595.4493,
            2247849.8595000003
          ],
          [
            4718597.5788,
            2247846.4773999993
          ],
          [
            4718598.6457,
            2247844.7927
          ],
          [
            4718599.1803,
            2247843.9568000007
          ],
          [
            4718599.7187,
            2247843.1242999993
          ],
          [
            4718600.2598,
            2247842.296599999
          ],
          [
            4718600.8064,
            2247841.4746000003
          ],
          [
            4718601.3582,
            2247840.658
          ],
          [
            4718601.9171,
            2247839.8484000005
          ],
          [
            4718602.4819,
            2247839.0453999992
          ],
          [
            4718603.056,
            2247838.251
          ],
          [
            4718603.6387,
            2247837.4640999995
          ],
          [
            4718604.2294,
            2247836.687999999
          ],
          [
            4718604.8312,
            2247835.9214999992
          ],
          [
            4718605.4433,
            2247835.1668
          ],
          [
            4718606.068,
            2247834.4228000008
          ],
          [
            4718606.7045,
            2247833.6909999996
          ],
          [
            4718607.2426,
            2247833.0942
          ],
          [
            4718607.3486,
            2247832.9788000006
          ],
          [
            4718608.014,
            2247832.2717000004
          ],
          [
            4718608.6915,
            2247831.5812
          ],
          [
            4718609.3814,
            2247830.9037999995
          ],
          [
            4718610.0872,
            2247830.2388000004
          ],
          [
            4718610.2424,
            2247830.096999999
          ],
          [
            4718610.8007,
            2247829.592700001
          ],
          [
            4718611.5315,
            2247828.9562999997
          ],
          [
            4718612.2746,
            2247828.3325999994
          ],
          [
            4718613.0306,
            2247827.719799999
          ],
          [
            4718613.7969,
            2247827.1174999997
          ],
          [
            4718614.5729,
            2247826.5262
          ],
          [
            4718615.359,
            2247825.943600001
          ],
          [
            4718616.1541,
            2247825.3702000007
          ],
          [
            4718616.9561,
            2247824.8048
          ],
          [
            4718617.7659,
            2247824.2470999993
          ],
          [
            4718618.5821,
            2247823.6952
          ],
          [
            4718619.4049,
            2247823.149
          ],
          [
            4718620.2332,
            2247822.6067999993
          ],
          [
            4718620.5007,
            2247822.4341
          ],
          [
            4718620.9159,
            2247822.1659999993
          ],
          [
            4718621.9018,
            2247821.534
          ],
          [
            4718623.5856,
            2247820.4693
          ],
          [
            4718632.895,
            2247814.617900001
          ],
          [
            4718636.2715,
            2247812.497300001
          ],
          [
            4718637.0775,
            2247811.9893999994
          ],
          [
            4718657.4348,
            2247799.1964
          ],
          [
            4718673.521,
            2247789.0874000005
          ],
          [
            4718685.333,
            2247781.6633
          ],
          [
            4718689.6058,
            2247778.9793999996
          ],
          [
            4718692.133,
            2247777.3914
          ],
          [
            4718692.1575,
            2247777.3763999995
          ],
          [
            4718693.8503,
            2247776.318499999
          ],
          [
            4718694.6633,
            2247775.8134000003
          ],
          [
            4718694.6946,
            2247775.794500001
          ],
          [
            4718695.5709,
            2247775.252699999
          ],
          [
            4718696.3896,
            2247774.751
          ],
          [
            4718697.2612,
            2247774.2205
          ],
          [
            4718698.1105,
            2247773.7090000007
          ],
          [
            4718698.9386,
            2247773.2149
          ],
          [
            4718699.7895,
            2247772.7138
          ],
          [
            4718700.6512,
            2247772.2114000004
          ],
          [
            4718701.5087,
            2247771.7167000007
          ],
          [
            4718702.3656,
            2247771.228700001
          ],
          [
            4718702.3696,
            2247771.226500001
          ],
          [
            4718703.2216,
            2247770.7465000004
          ],
          [
            4718703.233,
            2247770.7403999995
          ],
          [
            4718704.5054,
            2247770.0336000007
          ],
          [
            4718705.8271,
            2247769.3123000003
          ],
          [
            4718705.8399,
            2247769.3056000005
          ],
          [
            4718706.7056,
            2247768.8402999993
          ],
          [
            4718706.7162,
            2247768.8345999997
          ],
          [
            4718707.6176,
            2247768.3529000003
          ],
          [
            4718708.4989,
            2247767.886
          ],
          [
            4718709.3789,
            2247767.4232
          ],
          [
            4718711.1312,
            2247766.5086000003
          ],
          [
            4718715.0179,
            2247764.4934
          ],
          [
            4718715.4952,
            2247764.246099999
          ],
          [
            4718718.2087,
            2247762.840500001
          ],
          [
            4718727.0917,
            2247758.238
          ],
          [
            4718733.3075,
            2247755.0174000002
          ],
          [
            4718735.083,
            2247754.0967999995
          ],
          [
            4718741.2978,
            2247750.8769000005
          ],
          [
            4718748.3979,
            2247747.1977999993
          ],
          [
            4718757.2759,
            2247742.5977
          ],
          [
            4718758.1637,
            2247742.1372999996
          ],
          [
            4718764.3823,
            2247738.9154000003
          ],
          [
            4718776.1426,
            2247732.8214
          ],
          [
            4718781.526021901,
            2247730.798423745
          ],
          [
            4718787.129053565,
            2247729.502391163
          ],
          [
            4718792.854,
            2247728.9559000004
          ],
          [
            4718804.0599,
            2247727.9771999996
          ],
          [
            4718808.909802145,
            2247727.4065956576
          ],
          [
            4718813.653503203,
            2247726.247095584
          ],
          [
            4718818.219774104,
            2247724.5161102577
          ],
          [
            4718822.540049985,
            2247722.239631298
          ],
          [
            4718826.549459721,
            2247719.4518411863
          ],
          [
            4718830.1878,
            2247716.194599999
          ],
          [
            4718852.8087,
            2247688.9538000003
          ],
          [
            4718870.9465,
            2247666.9394000005
          ],
          [
            4718871.5502,
            2247666.130999999
          ],
          [
            4718872.1383,
            2247665.3388
          ],
          [
            4718872.7372,
            2247664.5211999994
          ],
          [
            4718873.3444,
            2247663.672700001
          ],
          [
            4718873.9232,
            2247662.8395000007
          ],
          [
            4718874.4827,
            2247662.0007000007
          ],
          [
            4718875.0428,
            2247661.1183
          ],
          [
            4718875.5917,
            2247660.2007999998
          ],
          [
            4718876.0914,
            2247659.3012000006
          ],
          [
            4718876.5747,
            2247658.3549000006
          ],
          [
            4718877.0194,
            2247657.390900001
          ],
          [
            4718877.0455,
            2247657.3310000002
          ],
          [
            4718877.4363,
            2247656.3771
          ],
          [
            4718877.623,
            2247655.8674
          ],
          [
            4718877.806,
            2247655.3309000004
          ],
          [
            4718878.102,
            2247654.3395000007
          ],
          [
            4718878.1208,
            2247654.2698999997
          ],
          [
            4718878.3752,
            2247653.2261999995
          ],
          [
            4718878.5682,
            2247652.224199999
          ],
          [
            4718878.58,
            2247652.1532000005
          ],
          [
            4718878.7284,
            2247651.0951000005
          ],
          [
            4718878.821,
            2247650.0698000006
          ],
          [
            4718878.8255,
            2247649.999
          ],
          [
            4718878.8672,
            2247648.9724000003
          ],
          [
            4718878.8577,
            2247647.902899999
          ],
          [
            4718878.855,
            2247647.8303999994
          ],
          [
            4718878.7938,
            2247646.8060999997
          ],
          [
            4718878.6778,
            2247645.7435999997
          ],
          [
            4718878.6677,
            2247645.6711999997
          ],
          [
            4718878.4951,
            2247644.6104000006
          ],
          [
            4718878.275,
            2247643.5755000003
          ],
          [
            4718877.9882,
            2247642.503900001
          ],
          [
            4718877.6745,
            2247641.5238000005
          ],
          [
            4718877.5073,
            2247641.0603
          ],
          [
            4718877.2747,
            2247640.4605
          ],
          [
            4718876.8502,
            2247639.4792
          ],
          [
            4718876.406,
            2247638.560900001
          ],
          [
            4718875.9003,
            2247637.610200001
          ],
          [
            4718875.3746,
            2247636.7025000006
          ],
          [
            4718874.823,
            2247635.8135
          ],
          [
            4718874.242,
            2247634.931399999
          ],
          [
            4718873.6563,
            2247634.085000001
          ],
          [
            4718873.056,
            2247633.249399999
          ],
          [
            4718872.4377,
            2247632.4163000006
          ],
          [
            4718871.8179,
            2247631.5983000007
          ],
          [
            4718869.997,
            2247629.2303
          ],
          [
            4718867.5576,
            2247626.0626999997
          ],
          [
            4718865.7249,
            2247623.6827000007
          ],
          [
            4718864.5022,
            2247622.096000001
          ],
          [
            4718847.5888,
            2247594.1745999996
          ],
          [
            4718845.5084921215,
            2247591.1392957172
          ],
          [
            4718843.94829263,
            2247587.8066495457
          ],
          [
            4718842.949557756,
            2247584.264999985
          ],
          [
            4718842.53876098,
            2247580.6082255915
          ],
          [
            4718842.726791297,
            2247576.9332565363
          ],
          [
            4718843.508664585,
            2247573.3375052772
          ],
          [
            4718844.863655717,
            2247569.9162844443
          ],
          [
            4718846.755847924,
            2247566.7602803875
          ],
          [
            4718849.135084841,
            2247563.9531493518
          ],
          [
            4718851.9383,
            2247561.5692999996
          ],
          [
            4718853.64,
            2247560.2695000004
          ],
          [
            4718853.6494,
            2247560.2624999993
          ],
          [
            4718854.4386,
            2247559.6609000005
          ],
          [
            4718854.4623,
            2247559.6417999994
          ],
          [
            4718856.8267,
            2247557.838199999
          ],
          [
            4718868.7376,
            2247548.743899999
          ],
          [
            4718869.5392,
            2247548.132200001
          ],
          [
            4718879.0712,
            2247540.8545999993
          ],
          [
            4718883.0491,
            2247537.8177000005
          ],
          [
            4718883.8423,
            2247537.2124000005
          ],
          [
            4718898.1817,
            2247526.2640000004
          ],
          [
            4718904.5054,
            2247521.437000001
          ],
          [
            4718912.4546,
            2247515.3681000005
          ],
          [
            4718913.2449,
            2247514.7645999994
          ],
          [
            4718926.7576,
            2247504.4481000006
          ],
          [
            4718927.5563,
            2247503.8386000004
          ],
          [
            4718929.9509,
            2247502.010500001
          ],
          [
            4718930.5559,
            2247501.5485999994
          ],
          [
            4718933.9108,
            2247498.987400001
          ],
          [
            4718941.0666,
            2247493.523600001
          ],
          [
            4718941.8594,
            2247492.9187000003
          ],
          [
            4718952.5923,
            2247484.7238999996
          ],
          [
            4718953.9175,
            2247483.708900001
          ],
          [
            4718955.2425,
            2247482.689200001
          ],
          [
            4718956.5652,
            2247481.662900001
          ],
          [
            4718957.2243,
            2247481.1460999995
          ],
          [
            4718991.3325,
            2247456.033500001
          ],
          [
            4719027.8709,
            2247428.0075000003
          ]
        ]
      }
    },
    {
      "type": "Feature",
      "properties": {
        "objectid": 642,
        "nombre": "Corredor de la 80 Caribe-La Palma ",
        "linea": "Línea O",
        "tipo": 1,
        "estado": 4,
        "label": "Caribe-La Palma",
        "codigo_linea": 12,
        "fecha_actualizacion": null,
        "st_length(shape)": 18149.056400218644
      },
      "geometry": {
        "type": "MultiLineString",
        "coordinates": [
          [
            [
              4713102.347,
              2251742.8039999995
            ],
            [
              4713080.9223,
              2251723.9179999996
            ],
            [
              4713015.4742,
              2251663.715
            ],
            [
              4713006.588466993,
              2251655.041301576
            ],
            [
              4712998.158107406,
              2251645.9243759606
            ],
            [
              4712990.2052,
              2251636.3881
            ],
            [
              4712985.003148113,
              2251628.24003483
            ],
            [
              4712980.327571884,
              2251619.7788707973
            ],
            [
              4712976.197243576,
              2251611.038579159
            ],
            [
              4712972.628746302,
              2251602.0542518576
            ],
            [
              4712969.636407444,
              2251592.86196063
            ],
            [
              4712967.232241131,
              2251583.4986121804
            ],
            [
              4712965.4259,
              2251574.0018000007
            ],
            [
              4712954.9988,
              2251523.1899999995
            ],
            [
              4712939.3909,
              2251457.7128
            ],
            [
              4712908.6159,
              2251318.9573999997
            ],
            [
              4712887.9988,
              2251228.4386
            ],
            [
              4712869.0838,
              2251147.8334
            ],
            [
              4712849.4832,
              2251062.2705000006
            ],
            [
              4712821.0114,
              2250939.9343
            ],
            [
              4712811.22,
              2250898.9717999995
            ],
            [
              4712809.37486209,
              2250892.1258581164
            ],
            [
              4712808.097765921,
              2250885.1515854266
            ],
            [
              4712807.39732701,
              2250878.096031621
            ],
            [
              4712807.278270644,
              2250871.006794726
            ],
            [
              4712807.7414,
              2250863.9317000005
            ],
            [
              4712808.351110464,
              2250857.7616693606
            ],
            [
              4712809.619157657,
              2250851.692642975
            ],
            [
              4712811.530908326,
              2250845.7946573584
            ],
            [
              4712814.064300884,
              2250840.1357752164
            ],
            [
              4712817.1901,
              2250834.781300001
            ],
            [
              4712818.905871917,
              2250830.038569552
            ],
            [
              4712819.925507969,
              2250825.0991659747
            ],
            [
              4712820.228032687,
              2250820.0647003455
            ],
            [
              4712819.807222673,
              2250815.038739312
            ],
            [
              4712818.671734633,
              2250810.12467457
            ],
            [
              4712816.84492729,
              2250805.423595937
            ],
            [
              4712814.364380862,
              2250801.032211782
            ],
            [
              4712811.281123977,
              2250797.0408595847
            ],
            [
              4712807.65858394,
              2250793.5316475565
            ],
            [
              4712803.571281932,
              2250790.5767655494
            ],
            [
              4712799.1033,
              2250788.2369999997
            ],
            [
              4712793.811331296,
              2250783.510111566
            ],
            [
              4712789.021621983,
              2250778.274933279
            ],
            [
              4712784.782748291,
              2250772.584559227
            ],
            [
              4712781.1377,
              2250766.4967
            ],
            [
              4712777.7739,
              2250754.9376
            ],
            [
              4712744.3085,
              2250606.934699999
            ],
            [
              4712704.0544,
              2250423.246200001
            ],
            [
              4712685.3416,
              2250341.5385
            ],
            [
              4712663.8635,
              2250252.455600001
            ],
            [
              4712629.3887,
              2250100.8194999993
            ],
            [
              4712610.1226,
              2250015.916200001
            ],
            [
              4712584.7111,
              2249906.9614000004
            ],
            [
              4712580.947326888,
              2249893.1948134215
            ],
            [
              4712576.467424624,
              2249879.6443385305
            ],
            [
              4712571.2837,
              2249866.3472000007
            ],
            [
              4712558.32352236,
              2249838.846782946
            ],
            [
              4712544.8887,
              2249811.575099999
            ],
            [
              4712532.324415102,
              2249794.5256329547
            ],
            [
              4712519.198603096,
              2249777.9046028806
            ],
            [
              4712505.52586247,
              2249761.7304956326
            ],
            [
              4712491.3214,
              2249746.021299999
            ],
            [
              4712473.606151174,
              2249732.113537856
            ],
            [
              4712455.4528037775,
              2249718.782676404
            ],
            [
              4712436.880137037,
              2249706.0425061174
            ],
            [
              4712417.907363957,
              2249693.9062064155
            ],
            [
              4712398.554111444,
              2249682.386332026
            ],
            [
              4712378.8404,
              2249671.4947999995
            ],
            [
              4712363.984082441,
              2249664.9486929206
            ],
            [
              4712349.401648548,
              2249657.813266438
            ],
            [
              4712335.116464018,
              2249650.099953774
            ],
            [
              4712321.1514182575,
              2249641.8211141075
            ],
            [
              4712307.52888771,
              2249632.9900127724
            ],
            [
              4712294.2707,
              2249623.6207999997
            ],
            [
              4712280.177612289,
              2249610.2544783186
            ],
            [
              4712266.558280972,
              2249596.4057422397
            ],
            [
              4712253.429209539,
              2249582.0913732406
            ],
            [
              4712240.8063074015,
              2249567.3287170385
            ],
            [
              4712228.704870608,
              2249552.1356625706
            ],
            [
              4712217.139563312,
              2249536.53062032
            ],
            [
              4712206.1244,
              2249520.5325000007
            ],
            [
              4712198.781484267,
              2249505.785106278
            ],
            [
              4712192.07586144,
              2249490.7372275037
            ],
            [
              4712186.019796984,
              2249475.4163882188
            ],
            [
              4712180.624368233,
              2249459.850612245
            ],
            [
              4712175.899444132,
              2249444.068371424
            ],
            [
              4712171.853667187,
              2249428.0985335414
            ],
            [
              4712168.494437652,
              2249411.970309522
            ],
            [
              4712165.8279,
              2249395.713199999
            ],
            [
              4712162.6208,
              2249348.4343999997
            ],
            [
              4712151.954,
              2249195.689099999
            ],
            [
              4712138.2431,
              2249029.0681
            ],
            [
              4712132.8487,
              2248940.1281000003
            ],
            [
              4712126.5684,
              2248873.0205000006
            ],
            [
              4712115.952,
              2248730.5275999997
            ],
            [
              4712112.1372,
              2248626.3663
            ],
            [
              4712112.333987859,
              2248620.224967797
            ],
            [
              4712113.0698,
              2248614.1247000005
            ],
            [
              4712115.349815815,
              2248608.6196846324
            ],
            [
              4712118.335404601,
              2248603.4631425827
            ],
            [
              4712121.974490716,
              2248598.7450159886
            ],
            [
              4712126.2036,
              2248594.5475999992
            ],
            [
              4712128.593986472,
              2248590.6314460984
            ],
            [
              4712130.385660674,
              2248586.4076903746
            ],
            [
              4712131.540059411,
              2248581.9672430526
            ],
            [
              4712132.032335923,
              2248577.4056783323
            ],
            [
              4712131.85189467,
              2248572.821177289
            ],
            [
              4712131.002619389,
              2248568.3124146694
            ],
            [
              4712129.502789502,
              2248563.97643506
            ],
            [
              4712127.384686673,
              2248559.9065641444
            ],
            [
              4712124.6939,
              2248556.1904000007
            ],
            [
              4712121.042136753,
              2248553.6943999925
            ],
            [
              4712117.82577767,
              2248550.657884703
            ],
            [
              4712115.124015041,
              2248547.1556183584
            ],
            [
              4712113.003370905,
              2248543.273832776
            ],
            [
              4712111.516059168,
              2248539.108104191
            ],
            [
              4712110.6987,
              2248534.761
            ],
            [
              4712101.6635,
              2248445.1772000007
            ],
            [
              4712095.4468,
              2248323.1680999994
            ],
            [
              4712088.3583,
              2248227.6975
            ],
            [
              4712081.947,
              2248143.4165000003
            ],
            [
              4712081.977462124,
              2248137.8896812624
            ],
            [
              4712082.623930644,
              2248132.4007167197
            ],
            [
              4712083.87834452,
              2248127.018050175
            ],
            [
              4712085.725062029,
              2248121.808799966
            ],
            [
              4712088.141055811,
              2248116.8379220404
            ],
            [
              4712091.0962,
              2248112.1674000006
            ],
            [
              4712095.037892978,
              2248108.784298872
            ],
            [
              4712098.511024851,
              2248104.9216997763
            ],
            [
              4712101.457740656,
              2248100.6439453713
            ],
            [
              4712103.828954396,
              2248096.0222939146
            ],
            [
              4712105.5851667095,
              2248091.133732256
            ],
            [
              4712106.69712285,
              2248086.0596933984
            ],
            [
              4712107.1463,
              2248080.8847000003
            ],
            [
              4712106.580513378,
              2248075.514561088
            ],
            [
              4712105.388118471,
              2248070.2479966637
            ],
            [
              4712103.585610333,
              2248065.157862004
            ],
            [
              4712101.197924047,
              2248060.314571733
            ],
            [
              4712098.258089788,
              2248055.7851257436
            ],
            [
              4712094.806775897,
              2248051.6321823457
            ],
            [
              4712090.891726291,
              2248047.9131914843
            ],
            [
              4712086.5671,
              2248044.6796000004
            ],
            [
              4712083.470085121,
              2248041.3690027897
            ],
            [
              4712080.8495487375,
              2248037.6697671777
            ],
            [
              4712078.753698894,
              2248033.6499452307
            ],
            [
              4712077.221091371,
              2248029.383486602
            ],
            [
              4712076.2799204,
              2248024.948878135
            ],
            [
              4712075.9475,
              2248020.4277
            ],
            [
              4712070.2679,
              2247963.147
            ],
            [
              4712069.155344768,
              2247951.198216982
            ],
            [
              4712068.810197604,
              2247939.2027149843
            ],
            [
              4712069.233875172,
              2247927.2097298647
            ],
            [
              4712070.424638477,
              2247915.268487153
            ],
            [
              4712072.3776,
              2247903.4279999994
            ],
            [
              4712076.040804349,
              2247892.7876637406
            ],
            [
              4712080.31757747,
              2247882.378771702
            ],
            [
              4712085.19339619,
              2247872.2366706566
            ],
            [
              4712090.651703086,
              2247862.395801404
            ],
            [
              4712096.6739627,
              2247852.889581812
            ],
            [
              4712103.239724495,
              2247843.7502933363
            ],
            [
              4712110.326692296,
              2247835.0089713996
            ],
            [
              4712117.9108,
              2247826.6953
            ],
            [
              4712126.100732058,
              2247816.7931436906
            ],
            [
              4712133.85685749,
              2247806.5476468755
            ],
            [
              4712141.1648,
              2247795.9778000005
            ],
            [
              4712146.336842765,
              2247787.153552522
            ],
            [
              4712150.820133576,
              2247777.9602139867
            ],
            [
              4712154.588505356,
              2247768.451442034
            ],
            [
              4712157.619963708,
              2247758.682735355
            ],
            [
              4712159.896815289,
              2247748.7111097705
            ],
            [
              4712161.405771075,
              2247738.5947654527
            ],
            [
              4712162.13802393,
              2247728.392747237
            ],
            [
              4712162.0893,
              2247718.1646
            ],
            [
              4712162.0353,
              2247707.0633000005
            ],
            [
              4712164.7759,
              2247530.3244000003
            ],
            [
              4712169.2306,
              2247381.8695
            ],
            [
              4712170.6986,
              2247302.8972999994
            ],
            [
              4712171.123836849,
              2247294.357765907
            ],
            [
              4712171.9916,
              2247285.8518000003
            ],
            [
              4712173.337671545,
              2247280.5234734053
            ],
            [
              4712175.418563915,
              2247275.4369362877
            ],
            [
              4712178.193047542,
              2247270.6929702773
            ],
            [
              4712181.606150454,
              2247266.3855695035
            ],
            [
              4712185.590247451,
              2247262.600078251
            ],
            [
              4712190.0664,
              2247259.4114999995
            ],
            [
              4712193.138329758,
              2247256.479445054
            ],
            [
              4712195.692866973,
              2247253.087095092
            ],
            [
              4712197.662079344,
              2247249.324662198
            ],
            [
              4712198.9936,
              2247245.292199999
            ],
            [
              4712200.161456329,
              2247239.968135541
            ],
            [
              4712200.6220914135,
              2247234.536987772
            ],
            [
              4712200.3675726475,
              2247229.09228659
            ],
            [
              4712199.402283103,
              2247223.7277952945
            ],
            [
              4712197.742846049,
              2247218.5358958896
            ],
            [
              4712195.417838683,
              2247213.6059981715
            ],
            [
              4712192.4673,
              2247209.023
            ],
            [
              4712187.672867613,
              2247205.64687195
            ],
            [
              4712182.4723331705,
              2247202.9377643433
            ],
            [
              4712176.957931223,
              2247200.943724804
            ],
            [
              4712171.227462949,
              2247199.700118803
            ],
            [
              4712165.382561592,
              2247199.2290024273
            ],
            [
              4712159.526889931,
              2247199.5387312043
            ],
            [
              4712153.764301765,
              2247200.623811911
            ],
            [
              4712148.197,
              2247202.465
            ],
            [
              4712143.848618623,
              2247205.358696744
            ],
            [
              4712139.974113766,
              2247208.8615689315
            ],
            [
              4712136.658078619,
              2247212.8971373364
            ],
            [
              4712133.972913141,
              2247217.377292222
            ],
            [
              4712131.9772433285,
              2247222.2042170656
            ],
            [
              4712130.714641221,
              2247227.2725242153
            ],
            [
              4712130.212673577,
              2247232.471555849
            ],
            [
              4712130.4823,
              2247237.6877999995
            ],
            [
              4712131.592291711,
              2247242.472994111
            ],
            [
              4712133.291023444,
              2247247.0821670066
            ],
            [
              4712135.551912778,
              2247251.44319254
            ],
            [
              4712138.339580429,
              2247255.487827672
            ],
            [
              4712141.610403879,
              2247259.1527803647
            ],
            [
              4712145.3132,
              2247262.3806999996
            ],
            [
              4712148.9434543485,
              2247265.34873592
            ],
            [
              4712152.055921614,
              2247268.8559472603
            ],
            [
              4712154.5715,
              2247272.8132000007
            ],
            [
              4712156.859250905,
              2247279.8485059654
            ],
            [
              4712158.500079528,
              2247287.062174633
            ],
            [
              4712159.48048487,
              2247294.3948507877
            ],
            [
              4712159.7924,
              2247301.7862
            ],
            [
              4712158.1978,
              2247365.6116000004
            ],
            [
              4712156.5703,
              2247422.6637999993
            ],
            [
              4712154.8878,
              2247490.1937000006
            ],
            [
              4712153.2819,
              2247551.6908
            ],
            [
              4712150.8014,
              2247629.1730000004
            ],
            [
              4712149.852,
              2247673.3102
            ],
            [
              4712149.741860419,
              2247689.773941351
            ],
            [
              4712148.963575592,
              2247706.219645432
            ],
            [
              4712147.518428207,
              2247722.620208198
            ],
            [
              4712145.4088,
              2247738.9486
            ],
            [
              4712143.533608576,
              2247748.8517926377
            ],
            [
              4712140.919438637,
              2247758.5860457076
            ],
            [
              4712137.581076936,
              2247768.096298515
            ],
            [
              4712133.537406537,
              2247777.3287573964
            ],
            [
              4712128.8113,
              2247786.2312000003
            ],
            [
              4712124.020203924,
              2247794.9717443204
            ],
            [
              4712118.639945403,
              2247803.3624853417
            ],
            [
              4712112.6959482115,
              2247811.3637736137
            ],
            [
              4712106.2163,
              2247818.9377999995
            ],
            [
              4712096.581494204,
              2247831.8443562686
            ],
            [
              4712087.425684077,
              2247845.095009776
            ],
            [
              4712078.761146598,
              2247858.6719927886
            ],
            [
              4712070.5995,
              2247872.5571
            ],
            [
              4712066.915535817,
              2247879.758627284
            ],
            [
              4712063.863476828,
              2247887.2498570397
            ],
            [
              4712061.465862705,
              2247894.975466002
            ],
            [
              4712059.7404,
              2247902.8784
            ],
            [
              4712058.045118637,
              2247913.697269053
            ],
            [
              4712057.0896988325,
              2247924.6063973173
            ],
            [
              4712056.878566594,
              2247935.5552479266
            ],
            [
              4712057.4127,
              2247946.4931000005
            ],
            [
              4712059.034293247,
              2247969.464150873
            ],
            [
              4712060.204710225,
              2247992.46260445
            ],
            [
              4712060.9235,
              2248015.4795999993
            ],
            [
              4712060.834787866,
              2248021.8310451377
            ],
            [
              4712060.017100855,
              2248028.1302604172
            ],
            [
              4712058.481263423,
              2248034.2938574655
            ],
            [
              4712056.2476068325,
              2248040.24024321
            ],
            [
              4712053.3457,
              2248045.8906999994
            ],
            [
              4712050.514202435,
              2248050.42900272
            ],
            [
              4712047.280303571,
              2248054.689926117
            ],
            [
              4712043.671,
              2248058.6379000004
            ],
            [
              4712041.483542436,
              2248062.3274760568
            ],
            [
              4712039.763754331,
              2248066.2568870746
            ],
            [
              4712038.53745741,
              2248070.367134991
            ],
            [
              4712037.823063884,
              2248074.5965065714
            ],
            [
              4712037.6313,
              2248078.8815
            ],
            [
              4712038.009372862,
              2248083.9297079183
            ],
            [
              4712039.13330765,
              2248088.865709627
            ],
            [
              4712040.978154184,
              2248093.579931041
            ],
            [
              4712043.502958796,
              2248097.967721367
            ],
            [
              4712046.651673461,
              2248101.9316762397
            ],
            [
              4712050.3544,
              2248105.3838
            ],
            [
              4712056.988368638,
              2248112.6811413635
            ],
            [
              4712063.4439,
              2248120.1368000004
            ],
            [
              4712066.462628163,
              2248126.5710503757
            ],
            [
              4712068.773102898,
              2248133.292211296
            ],
            [
              4712070.348614274,
              2248140.2225836907
            ],
            [
              4712071.170948803,
              2248147.2820499265
            ],
            [
              4712071.2306,
              2248154.3890000004
            ],
            [
              4712073.4865,
              2248188.7843999993
            ],
            [
              4712076.3546,
              2248234.4113
            ],
            [
              4712079.124539953,
              2248271.9596206187
            ],
            [
              4712081.6152,
              2248309.5275
            ],
            [
              4712084.8576322505,
              2248352.3539635157
            ],
            [
              4712087.4564,
              2248395.224300001
            ],
            [
              4712093.2862,
              2248478.5397999994
            ],
            [
              4712094.694117221,
              2248501.8110310473
            ],
            [
              4712095.8943,
              2248525.0939000007
            ],
            [
              4712096.1065418,
              2248529.3162808986
            ],
            [
              4712095.646811423,
              2248533.5189223313
            ],
            [
              4712094.526733242,
              2248537.5955596585
            ],
            [
              4712092.774628661,
              2248541.4431142802
            ],
            [
              4712090.4348,
              2248544.964299999
            ],
            [
              4712086.4766526865,
              2248548.851763157
            ],
            [
              4712082.993002521,
              2248553.1695729583
            ],
            [
              4712080.030293089,
              2248557.8601649017
            ],
            [
              4712077.6280228635,
              2248562.8610046036
            ],
            [
              4712075.81821861,
              2248568.105421494
            ],
            [
              4712074.625008413,
              2248573.523497664
            ],
            [
              4712074.0643,
              2248579.0429999996
            ],
            [
              4712075.3566419855,
              2248584.3448699005
            ],
            [
              4712077.346491531,
              2248589.4262546566
            ],
            [
              4712079.998092083,
              2248594.195844447
            ],
            [
              4712083.263795769,
              2248598.567932242
            ],
            [
              4712087.084919605,
              2248602.4639539155
            ],
            [
              4712091.3928,
              2248605.8138999995
            ],
            [
              4712093.365626907,
              2248608.2678067014
            ],
            [
              4712094.892988916,
              2248611.021144567
            ],
            [
              4712095.9305,
              2248613.993899999
            ],
            [
              4712097.673154782,
              2248628.628207002
            ],
            [
              4712098.93577266,
              2248643.3117209966
            ],
            [
              4712099.717,
              2248658.0286999997
            ],
            [
              4712106.6935,
              2248759.4627
            ],
            [
              4712110.448761489,
              2248806.454565309
            ],
            [
              4712113.6341,
              2248853.488500001
            ],
            [
              4712117.544951219,
              2248903.5497425897
            ],
            [
              4712121.6626,
              2248953.5944
            ],
            [
              4712127.805,
              2249046.698000001
            ],
            [
              4712131.185336619,
              2249086.216449722
            ],
            [
              4712134.0114,
              2249125.7784
            ],
            [
              4712139.5706,
              2249207.7722999994
            ],
            [
              4712142.472003457,
              2249253.5554118697
            ],
            [
              4712146.1023,
              2249299.2864999995
            ],
            [
              4712153.5356,
              2249385.769200001
            ],
            [
              4712154.882119541,
              2249399.941556143
            ],
            [
              4712156.823761474,
              2249414.0447054408
            ],
            [
              4712159.357086826,
              2249428.0536688627
            ],
            [
              4712162.4776086565,
              2249441.9436341976
            ],
            [
              4712166.1798,
              2249455.6899999995
            ],
            [
              4712171.6050573345,
              2249471.87042419
            ],
            [
              4712177.687098568,
              2249487.8155901837
            ],
            [
              4712184.415759563,
              2249503.498850857
            ],
            [
              4712191.779795566,
              2249518.893996777
            ],
            [
              4712199.7669,
              2249533.975299999
            ],
            [
              4712209.665453105,
              2249549.337287275
            ],
            [
              4712220.17074458,
              2249564.290910839
            ],
            [
              4712231.26594906,
              2249578.812220841
            ],
            [
              4712242.933296374,
              2249592.8779598307
            ],
            [
              4712255.1541,
              2249606.4656000007
            ],
            [
              4712265.934948207,
              2249616.3298995607
            ],
            [
              4712277.162989989,
              2249625.682020797
            ],
            [
              4712288.813915905,
              2249634.501715757
            ],
            [
              4712300.8625009395,
              2249642.7698892276
            ],
            [
              4712313.282659122,
              2249650.468640074
            ],
            [
              4712326.0475,
              2249657.5812999997
            ],
            [
              4712353.504434582,
              2249671.1134724864
            ],
            [
              4712380.781794106,
              2249685.004066651
            ],
            [
              4712407.8749,
              2249699.2507000007
            ],
            [
              4712427.3986558765,
              2249711.5701009366
            ],
            [
              4712446.560817754,
              2249724.444736276
            ],
            [
              4712465.3456,
              2249737.864
            ],
            [
              4712475.8942038305,
              2249747.2450268925
            ],
            [
              4712486.051787053,
              2249757.0480984217
            ],
            [
              4712495.801476895,
              2249767.2569306917
            ],
            [
              4712505.127078134,
              2249777.8545657997
            ],
            [
              4712514.0131,
              2249788.8234
            ],
            [
              4712532.347660337,
              2249820.0066707875
            ],
            [
              4712550.17,
              2249851.4855000004
            ],
            [
              4712556.359189424,
              2249864.0754863685
            ],
            [
              4712561.970502587,
              2249876.9334406015
            ],
            [
              4712566.9923713105,
              2249890.032854978
            ],
            [
              4712571.414442602,
              2249903.3467239863
            ],
            [
              4712575.2276,
              2249916.8476
            ],
            [
              4712588.6154,
              2249976.445800001
            ],
            [
              4712601.2004,
              2250034.195699999
            ],
            [
              4712611.1984,
              2250076.8771
            ],
            [
              4712623.0955,
              2250129.2063999996
            ],
            [
              4712628.9118,
              2250155.3718
            ],
            [
              4712650.8115,
              2250251.308599999
            ],
            [
              4712674.0627,
              2250353.0594999995
            ],
            [
              4712692.0376,
              2250430.8914
            ],
            [
              4712711.5078,
              2250516.9180999994
            ],
            [
              4712730.9717,
              2250601.6218
            ],
            [
              4712744.0855,
              2250659.2369
            ],
            [
              4712757.3066,
              2250717.0369000006
            ],
            [
              4712762.847423262,
              2250742.169941302
            ],
            [
              4712768.6696,
              2250767.2392999995
            ],
            [
              4712768.865171623,
              2250773.125627588
            ],
            [
              4712768.339173374,
              2250778.991667699
            ],
            [
              4712767.099506874,
              2250784.7492998256
            ],
            [
              4712765.164794573,
              2250790.312031983
            ],
            [
              4712762.5641,
              2250795.5963000003
            ],
            [
              4712759.169191928,
              2250800.7254574024
            ],
            [
              4712756.445532865,
              2250806.240467628
            ],
            [
              4712754.43627799,
              2250812.0539477672
            ],
            [
              4712753.173263064,
              2250818.073785786
            ],
            [
              4712752.6765,
              2250824.2046000008
            ],
            [
              4712753.978275521,
              2250828.9884352963
            ],
            [
              4712755.900043773,
              2250833.55861105
            ],
            [
              4712758.4081818955,
              2250837.8351684036
            ],
            [
              4712761.458808016,
              2250841.743285586
            ],
            [
              4712764.998549005,
              2250845.2145869806
            ],
            [
              4712768.9654742805,
              2250848.188339408
            ],
            [
              4712773.29017933,
              2250850.6125147063
            ],
            [
              4712777.897,
              2250852.444700001
            ],
            [
              4712781.708621282,
              2250854.4525500983
            ],
            [
              4712785.175775781,
              2250857.0096497242
            ],
            [
              4712788.219941741,
              2250860.058087427
            ],
            [
              4712790.772176961,
              2250863.528824264
            ],
            [
              4712792.774680158,
              2250867.3432573495
            ],
            [
              4712794.1821,
              2250871.414999999
            ],
            [
              4712796.9958,
              2250884.1012999993
            ],
            [
              4712815.717,
              2250967.0359000005
            ],
            [
              4712829.0175,
              2251024.9144
            ],
            [
              4712839.5586,
              2251070.4241000004
            ],
            [
              4712857.7295,
              2251150.3451000005
            ],
            [
              4712874.4443,
              2251224.7169000003
            ],
            [
              4712887.1646,
              2251278.6296999995
            ],
            [
              4712896.6795,
              2251319.857999999
            ],
            [
              4712911.8198,
              2251386.0354999993
            ],
            [
              4712927.3695,
              2251453.388699999
            ],
            [
              4712939.3738,
              2251505.8762
            ],
            [
              4712954.1404,
              2251571.3674
            ],
            [
              4712956.771618781,
              2251584.978725865
            ],
            [
              4712960.1602077,
              2251598.421529487
            ],
            [
              4712964.295552542,
              2251611.653703424
            ],
            [
              4712969.1647,
              2251624.6338
            ],
            [
              4712975.486175162,
              2251635.0715914024
            ],
            [
              4712982.471648204,
              2251645.0771750417
            ],
            [
              4712990.09167314,
              2251654.608374208
            ],
            [
              4712998.314129149,
              2251663.6250118734
            ],
            [
              4713007.104355967,
              2251672.0890800483
            ],
            [
              4713016.4253,
              2251679.9649
            ],
            [
              4713038.626037858,
              2251700.0510509685
            ],
            [
              4713060.5968,
              2251720.3884999994
            ],
            [
              4713078.078907853,
              2251736.392838481
            ],
            [
              4713095.2769,
              2251752.7020999994
            ]
          ],
          [
            [
              4713102.347,
              2251742.8039999995
            ],
            [
              4713095.2769,
              2251752.7020999994
            ]
          ],
          [
            [
              4713095.2769,
              2251752.7020999994
            ],
            [
              4713084.481641852,
              2251768.7998399455
            ],
            [
              4713074.2773,
              2251785.2785
            ],
            [
              4713059.02916327,
              2251809.6135793794
            ],
            [
              4713044.1955,
              2251834.2035000008
            ],
            [
              4713041.680292331,
              2251838.638165758
            ],
            [
              4713039.79275331,
              2251843.374168972
            ],
            [
              4713038.568086377,
              2251848.3231810858
            ],
            [
              4713038.029132112,
              2251853.392900831
            ],
            [
              4713038.185942251,
              2251858.48877569
            ],
            [
              4713039.035592215,
              2251863.51576534
            ],
            [
              4713040.562235657,
              2251868.380114197
            ],
            [
              4713042.7374,
              2251872.9911
            ],
            [
              4713047.982171517,
              2251879.8873429005
            ],
            [
              4713053.690868935,
              2251886.404747921
            ],
            [
              4713059.836209934,
              2251892.512167867
            ],
            [
              4713066.388825446,
              2251898.1804148937
            ],
            [
              4713073.3174,
              2251903.3824000005
            ],
            [
              4713079.494256627,
              2251908.1019800045
            ],
            [
              4713086.000283581,
              2251912.3563432326
            ],
            [
              4713092.800513197,
              2251916.1226239414
            ],
            [
              4713099.858396571,
              2251919.3805796625
            ],
            [
              4713107.136,
              2251922.1127000004
            ],
            [
              4713112.562958747,
              2251923.326132045
            ],
            [
              4713118.0903657805,
              2251923.936107507
            ],
            [
              4713123.651327732,
              2251923.935244388
            ],
            [
              4713129.17854515,
              2251923.3235531333
            ],
            [
              4713134.605126962,
              2251922.1084365067
            ],
            [
              4713139.8654,
              2251920.3046000004
            ],
            [
              4713149.013268004,
              2251916.341242642
            ],
            [
              4713157.900946757,
              2251911.8245118577
            ],
            [
              4713166.495,
              2251906.771400001
            ],
            [
              4713168.837499911,
              2251904.0738067236
            ],
            [
              4713170.714010938,
              2251901.033572902
            ],
            [
              4713172.075350391,
              2251897.7303819875
            ],
            [
              4713172.885838047,
              2251894.2508094446
            ],
            [
              4713173.124231309,
              2251890.6860536356
            ],
            [
              4713172.7842819765,
              2251887.1295455485
            ],
            [
              4713171.8749,
              2251883.6744999997
            ],
            [
              4713162.377310616,
              2251861.382949722
            ],
            [
              4713152.213,
              2251839.3873999994
            ],
            [
              4713141.523334417,
              2251819.6503386996
            ],
            [
              4713130.477120804,
              2251800.1105919294
            ],
            [
              4713119.078,
              2251780.774599999
            ],
            [
              4713109.387178681,
              2251768.7190289353
            ],
            [
              4713099.5155,
              2251756.8111000005
            ],
            [
              4713095.2769,
              2251752.7020999994
            ]
          ],
          [
            [
              4713419.5407,
              2251792.6733
            ],
            [
              4713413.000198177,
              2251789.2009120123
            ],
            [
              4713406.839522261,
              2251785.092175626
            ],
            [
              4713401.120374572,
              2251780.3882419374
            ],
            [
              4713395.9000353,
              2251775.136223248
            ],
            [
              4713391.230788813,
              2251769.3887212113
            ],
            [
              4713387.1594,
              2251763.2032999992
            ],
            [
              4713345.5698,
              2251705.5108000003
            ],
            [
              4713322.69190635,
              2251673.7960470566
            ],
            [
              4713299.4493,
              2251642.3476
            ],
            [
              4713287.371039731,
              2251624.7666843827
            ],
            [
              4713274.943683603,
              2251607.4307741174
            ],
            [
              4713262.1722,
              2251590.3467999995
            ],
            [
              4713259.839774229,
              2251587.4166206415
            ],
            [
              4713257.09937852,
              2251584.863898094
            ],
            [
              4713254.011367532,
              2251582.74485369
            ],
            [
              4713250.643751827,
              2251581.106157406
            ],
            [
              4713247.0707,
              2251579.9838999994
            ],
            [
              4713242.166584873,
              2251581.4756906796
            ],
            [
              4713237.466041975,
              2251583.520362066
            ],
            [
              4713233.03116827,
              2251586.090902835
            ],
            [
              4713228.9205510765,
              2251589.1533546154
            ],
            [
              4713225.18849409,
              2251592.6672605993
            ],
            [
              4713221.8843,
              2251596.5862000007
            ],
            [
              4713208.6628775345,
              2251614.2764072027
            ],
            [
              4713195.049849367,
              2251631.6670629396
            ],
            [
              4713181.052,
              2251648.749500001
            ],
            [
              4713164.5405850755,
              2251668.2775220727
            ],
            [
              4713148.2862,
              2251688.0199999996
            ],
            [
              4713127.768796022,
              2251711.6784943785
            ],
            [
              4713107.6517,
              2251735.6783000007
            ],
            [
              4713102.347,
              2251742.8039999995
            ]
          ],
          [
            [
              4713419.5407,
              2251792.6733
            ],
            [
              4713376.3678,
              2251813.0911999997
            ],
            [
              4713312.0248,
              2251843.5023999996
            ],
            [
              4713307.569182182,
              2251845.1527277585
            ],
            [
              4713303.4455,
              2251847.5131
            ],
            [
              4713301.282876409,
              2251851.604347332
            ],
            [
              4713299.677465234,
              2251855.944612357
            ],
            [
              4713298.657190901,
              2251860.4584007673
            ],
            [
              4713298.2398,
              2251865.0671999995
            ],
            [
              4713299.0014657155,
              2251873.8366512717
            ],
            [
              4713300.258107866,
              2251882.5489564077
            ],
            [
              4713302.0057,
              2251891.1762000006
            ],
            [
              4713304.031339323,
              2251899.968400417
            ],
            [
              4713306.672830837,
              2251908.595597262
            ],
            [
              4713309.916984279,
              2251917.014710711
            ],
            [
              4713313.7476,
              2251925.183700001
            ],
            [
              4713316.526631107,
              2251932.356240673
            ],
            [
              4713318.7796,
              2251939.710999999
            ],
            [
              4713317.731213713,
              2251941.67610255
            ],
            [
              4713316.396608558,
              2251943.4592376878
            ],
            [
              4713314.806732354,
              2251945.0190567463
            ],
            [
              4713312.998452335,
              2251946.319389479
            ],
            [
              4713311.013700247,
              2251947.3300828
            ],
            [
              4713308.8985,
              2251948.0276999995
            ],
            [
              4713284.4446,
              2251952.1161
            ],
            [
              4713277.177479353,
              2251952.675779937
            ],
            [
              4713269.88892485,
              2251952.6403202442
            ],
            [
              4713262.627593904,
              2251952.0099576474
            ],
            [
              4713255.4419621825,
              2251950.788900361
            ],
            [
              4713248.38,
              2251948.9853000008
            ],
            [
              4713241.837914496,
              2251946.3215747145
            ],
            [
              4713235.623276918,
              2251942.9641061863
            ],
            [
              4713229.809388715,
              2251938.952495648
            ],
            [
              4713224.46482451,
              2251934.334059917
            ],
            [
              4713219.652623265,
              2251929.1632732926
            ],
            [
              4713215.429544737,
              2251923.5011250353
            ],
            [
              4713211.8454,
              2251917.4144
            ],
            [
              4713189.1573,
              2251876.845899999
            ],
            [
              4713168.131,
              2251837.9230000004
            ],
            [
              4713138.0991,
              2251783.4999
            ],
            [
              4713131.498094511,
              2251773.895048102
            ],
            [
              4713124.287093429,
              2251764.7392894295
            ],
            [
              4713116.496558594,
              2251756.0713011716
            ],
            [
              4713108.1594,
              2251747.9277
            ],
            [
              4713102.347,
              2251742.8039999995
            ]
          ],
          [
            [
              4714794.019,
              2251931.8474000003
            ],
            [
              4714781.4138,
              2251927.3191
            ],
            [
              4714758.7448,
              2251919.520199999
            ],
            [
              4714751.252325455,
              2251916.959738379
            ],
            [
              4714743.56824267,
              2251915.049761866
            ],
            [
              4714735.748913219,
              2251913.8042798475
            ],
            [
              4714727.851690689,
              2251913.2324277433
            ],
            [
              4714719.9345,
              2251913.3384000007
            ],
            [
              4714671.6129,
              2251916.6510000005
            ],
            [
              4714647.710962393,
              2251918.7115322766
            ],
            [
              4714623.8466,
              2251921.1692999993
            ],
            [
              4714559.058,
              2251926.8695
            ],
            [
              4714536.985,
              2251928.625600001
            ],
            [
              4714488.113,
              2251931.7211000007
            ],
            [
              4714472.5129,
              2251931.6876
            ],
            [
              4714427.5808,
              2251931.6877999995
            ],
            [
              4714371.5391,
              2251928.8861
            ],
            [
              4714337.5839,
              2251927.0749999993
            ],
            [
              4714293.2951,
              2251923.8861
            ],
            [
              4714282.284878635,
              2251922.7840251224
            ],
            [
              4714271.355518422,
              2251921.0552599886
            ],
            [
              4714260.542660349,
              2251918.7054421566
            ],
            [
              4714249.881565486,
              2251915.742234456
            ],
            [
              4714239.407,
              2251912.1753000002
            ],
            [
              4714215.728319391,
              2251902.6762847863
            ],
            [
              4714192.1829,
              2251892.8516000006
            ],
            [
              4714116.5445,
              2251859.0557000004
            ],
            [
              4714102.640738061,
              2251852.3857801273
            ],
            [
              4714088.491418528,
              2251846.253962785
            ],
            [
              4714074.117357757,
              2251840.6692690495
            ],
            [
              4714059.539702741,
              2251835.6399150738
            ],
            [
              4714044.7799,
              2251831.1733
            ],
            [
              4714012.896118959,
              2251824.0018880935
            ],
            [
              4713980.8846,
              2251817.4241000004
            ],
            [
              4713971.780486047,
              2251816.1114776814
            ],
            [
              4713962.600510003,
              2251815.5319019165
            ],
            [
              4713953.403599698,
              2251815.6890931013
            ],
            [
              4713944.248791664,
              2251816.5820421977
            ],
            [
              4713935.1948521715,
              2251818.2050172146
            ],
            [
              4713926.2999,
              2251820.5475999992
            ],
            [
              4713886.074647135,
              2251838.637669923
            ],
            [
              4713846.0623,
              2251857.1939000003
            ],
            [
              4713832.318768028,
              2251864.0921544624
            ],
            [
              4713818.270511343,
              2251870.3465185226
            ],
            [
              4713803.947676679,
              2251875.9435706837
            ],
            [
              4713789.381,
              2251880.8713000007
            ],
            [
              4713780.591946052,
              2251882.815268381
            ],
            [
              4713771.683530393,
              2251884.1062419643
            ],
            [
              4713762.7042,
              2251884.7371999994
            ],
            [
              4713747.088929184,
              2251884.352812133
            ],
            [
              4713731.50403077,
              2251883.3062089933
            ],
            [
              4713715.977575433,
              2251881.599275665
            ],
            [
              4713700.537528585,
              2251879.2350865845
            ],
            [
              4713685.2117,
              2251876.2179000005
            ],
            [
              4713664.981560078,
              2251869.9763372294
            ],
            [
              4713644.878838028,
              2251863.3358377586
            ],
            [
              4713624.9114,
              2251856.2990000006
            ],
            [
              4713530.8279,
              2251824.9003
            ],
            [
              4713505.158540536,
              2251816.347711263
            ],
            [
              4713479.335708396,
              2251808.2703274232
            ],
            [
              4713453.3682,
              2251800.6709000003
            ],
            [
              4713436.9877,
              2251798.3341000006
            ],
            [
              4713431.022197273,
              2251796.931672374
            ],
            [
              4713425.193203262,
              2251795.040414891
            ],
            [
              4713419.5407,
              2251792.6733
            ]
          ],
          [
            [
              4714794.019,
              2251931.8474000003
            ],
            [
              4714786.8537,
              2251925.9591000006
            ],
            [
              4714778.1781915855,
              2251921.1360019622
            ],
            [
              4714769.142915966,
              2251917.0261947396
            ],
            [
              4714759.8064,
              2251913.656300001
            ],
            [
              4714753.470527152,
              2251911.1960138753
            ],
            [
              4714746.960310888,
              2251909.243226953
            ],
            [
              4714740.316330736,
              2251907.810111359
            ],
            [
              4714733.58,
              2251906.9056
            ],
            [
              4714714.697880232,
              2251907.123551408
            ],
            [
              4714695.824737189,
              2251907.7451794804
            ],
            [
              4714676.9692,
              2251908.770199999
            ],
            [
              4714655.315231813,
              2251910.2979268814
            ],
            [
              4714633.71266054,
              2251912.4326873156
            ],
            [
              4714612.1785,
              2251915.1728000008
            ],
            [
              4714571.62256078,
              2251919.4699180536
            ],
            [
              4714530.9908,
              2251922.9783999994
            ],
            [
              4714493.563351386,
              2251924.1112171556
            ],
            [
              4714456.1229,
              2251924.6678
            ],
            [
              4714372.7667,
              2251921.9009000007
            ],
            [
              4714308.4571,
              2251918.511600001
            ],
            [
              4714296.970528607,
              2251917.579795421
            ],
            [
              4714285.537428966,
              2251916.1327934326
            ],
            [
              4714274.180896994,
              2251914.1735171126
            ],
            [
              4714262.923873929,
              2251911.70592438
            ],
            [
              4714251.7891,
              2251908.7349999994
            ],
            [
              4714223.6937,
              2251898.5538999997
            ],
            [
              4714183.182543847,
              2251881.0499837627
            ],
            [
              4714142.8765793,
              2251863.0786154685
            ],
            [
              4714102.7812,
              2251844.6422000006
            ],
            [
              4714089.118898139,
              2251838.6485661054
            ],
            [
              4714075.177325486,
              2251833.3368157963
            ],
            [
              4714060.990490519,
              2251828.71990633
            ],
            [
              4714046.593,
              2251824.8091
            ],
            [
              4714020.6337,
              2251818.5862000007
            ],
            [
              4713986.4661,
              2251811.080600001
            ],
            [
              4713970.0482,
              2251808.250600001
            ],
            [
              4713962.767859617,
              2251807.744571611
            ],
            [
              4713955.470120015,
              2251807.793739776
            ],
            [
              4713948.1972589325,
              2251808.397819653
            ],
            [
              4713940.9914099835,
              2251809.5533116465
            ],
            [
              4713933.894318562,
              2251811.253521685
            ],
            [
              4713926.9471,
              2251813.4886000007
            ],
            [
              4713894.4705,
              2251827.1412000004
            ],
            [
              4713857.7775,
              2251844.2540000007
            ],
            [
              4713805.7664,
              2251866.9979
            ],
            [
              4713797.414873078,
              2251870.00030402
            ],
            [
              4713788.854004527,
              2251872.339953879
            ],
            [
              4713780.1363,
              2251874.0024999995
            ],
            [
              4713770.236130992,
              2251874.9455140466
            ],
            [
              4713760.297505619,
              2251875.3009681003
            ],
            [
              4713750.355263984,
              2251875.067616107
            ],
            [
              4713740.444258866,
              2251874.246276088
            ],
            [
              4713730.599233543,
              2251872.8398272716
            ],
            [
              4713720.8547,
              2251870.8532
            ],
            [
              4713687.7201,
              2251864.590399999
            ],
            [
              4713665.7622,
              2251858.6876
            ],
            [
              4713571.9614,
              2251830.3072999995
            ],
            [
              4713492.7227,
              2251803.9725
            ],
            [
              4713488.102789075,
              2251802.279032951
            ],
            [
              4713483.745036467,
              2251799.9939947007
            ],
            [
              4713479.7248,
              2251797.1569
            ],
            [
              4713476.884992575,
              2251794.136884538
            ],
            [
              4713474.479648159,
              2251790.760596956
            ],
            [
              4713472.552952856,
              2251787.0900595565
            ],
            [
              4713471.1403,
              2251783.1927000005
            ],
            [
              4713468.829862594,
              2251781.147842468
            ],
            [
              4713466.237950412,
              2251779.4740579613
            ],
            [
              4713463.4236256145,
              2251778.2094871746
            ],
            [
              4713460.451018504,
              2251777.3829460084
            ],
            [
              4713457.387866173,
              2251777.013268939
            ],
            [
              4713454.303968981,
              2251777.108879835
            ],
            [
              4713451.2696,
              2251777.6676000003
            ],
            [
              4713419.5407,
              2251792.6733
            ]
          ],
          [
            [
              4715483.7965,
              2252164.2972999997
            ],
            [
              4715487.4264,
              2252167.5720000006
            ]
          ],
          [
            [
              4715483.7965,
              2252164.2972999997
            ],
            [
              4715478.727182332,
              2252162.872417594
            ],
            [
              4715473.524954619,
              2252162.0568819973
            ],
            [
              4715468.262793039,
              2252161.862133437
            ],
            [
              4715463.014514517,
              2252162.2909038216
            ],
            [
              4715457.853741226,
              2252163.3371784147
            ],
            [
              4715452.852867827,
              2252164.986280212
            ],
            [
              4715448.082045927,
              2252167.2150758263
            ],
            [
              4715443.6082,
              2252169.9923
            ],
            [
              4715439.517844671,
              2252175.8221115717
            ],
            [
              4715436.058071767,
              2252182.046875111
            ],
            [
              4715433.266647261,
              2252188.598642727
            ],
            [
              4715431.174041612,
              2252195.4058970395
            ],
            [
              4715429.803097158,
              2252202.394331841
            ],
            [
              4715429.168778769,
              2252209.4876632057
            ],
            [
              4715429.278010498,
              2252216.6084621847
            ],
            [
              4715430.1296,
              2252223.6789999995
            ]
          ],
          [
            [
              4715483.7965,
              2252164.2972999997
            ],
            [
              4715480.309364978,
              2252160.5414272132
            ],
            [
              4715477.176294215,
              2252156.485498388
            ],
            [
              4715474.422979875,
              2252152.1627734154
            ],
            [
              4715472.072,
              2252147.6086999997
            ],
            [
              4715468.3850496765,
              2252135.272856715
            ],
            [
              4715465.391116066,
              2252122.7507565008
            ],
            [
              4715463.0995,
              2252110.0812999997
            ],
            [
              4715458.14046942,
              2252089.703261061
            ],
            [
              4715453.4519,
              2252069.2612999994
            ],
            [
              4715452.6561959395,
              2252065.675023194
            ],
            [
              4715452.469278586,
              2252062.0062920535
            ],
            [
              4715452.896375713,
              2252058.3577150265
            ],
            [
              4715453.925542108,
              2252054.8313368834
            ],
            [
              4715455.5279936595,
              2252051.52578469
            ],
            [
              4715457.658912402,
              2252048.5335093695
            ],
            [
              4715460.2587,
              2252045.9382000007
            ],
            [
              4715467.5665857475,
              2252042.2185823834
            ],
            [
              4715475.154353563,
              2252039.1094781854
            ],
            [
              4715482.971103608,
              2252036.6317437245
            ],
            [
              4715490.9644,
              2252034.801999999
            ],
            [
              4715495.31392889,
              2252033.875568827
            ],
            [
              4715499.749303797,
              2252033.552883654
            ],
            [
              4715504.187122346,
              2252033.840012221
            ],
            [
              4715508.543936212,
              2252034.7315553897
            ],
            [
              4715512.737820275,
              2252036.2107486664
            ],
            [
              4715516.689913132,
              2252038.2497774386
            ],
            [
              4715520.3259,
              2252040.8103
            ],
            [
              4715523.628063778,
              2252045.434370143
            ],
            [
              4715526.396527581,
              2252050.396417955
            ],
            [
              4715528.597072698,
              2252055.6351116374
            ],
            [
              4715530.2025,
              2252061.0856999997
            ],
            [
              4715533.35181374,
              2252077.0164149906
            ],
            [
              4715537.1691,
              2252092.8004
            ],
            [
              4715540.665852978,
              2252101.6141421283
            ],
            [
              4715544.823157942,
              2252110.1362397065
            ],
            [
              4715549.616906621,
              2252118.3172729723
            ],
            [
              4715555.0193,
              2252126.1097999997
            ],
            [
              4715560.097701494,
              2252131.5982430666
            ],
            [
              4715565.69233673,
              2252136.559414865
            ],
            [
              4715571.748722166,
              2252140.9450008557
            ],
            [
              4715578.20787749,
              2252144.712291864
            ],
            [
              4715585.0069,
              2252147.8246
            ],
            [
              4715594.33985683,
              2252149.8530225893
            ],
            [
              4715603.767357345,
              2252151.382994962
            ],
            [
              4715613.2628,
              2252152.4102
            ],
            [
              4715624.474954301,
              2252153.718979296
            ],
            [
              4715635.622415569,
              2252155.496453515
            ],
            [
              4715646.6856,
              2252157.739499999
            ],
            [
              4715650.5980406385,
              2252159.250201228
            ],
            [
              4715654.220514158,
              2252161.3637516876
            ],
            [
              4715657.460857928,
              2252164.0263786237
            ],
            [
              4715660.236631423,
              2252167.1703397315
            ],
            [
              4715662.477213675,
              2252170.7156466465
            ],
            [
              4715664.1256,
              2252174.5721000005
            ],
            [
              4715672.7561,
              2252209.5745
            ],
            [
              4715677.2449,
              2252228.8874999993
            ],
            [
              4715682.5082,
              2252249.2951999996
            ],
            [
              4715687.2179,
              2252268.8268999998
            ],
            [
              4715690.6837,
              2252281.1139
            ],
            [
              4715694.0439,
              2252294.2804000005
            ],
            [
              4715697.9921,
              2252315.353700001
            ],
            [
              4715702.7013,
              2252334.7754999995
            ],
            [
              4715706.7165,
              2252351.1591
            ],
            [
              4715719.5786,
              2252402.7919999994
            ],
            [
              4715727.3309,
              2252432.5189999994
            ],
            [
              4715735.4138,
              2252462.2443000004
            ],
            [
              4715751.9672,
              2252533.2685000002
            ],
            [
              4715756.7009,
              2252554.4114999995
            ],
            [
              4715761.465983851,
              2252567.471333389
            ],
            [
              4715766.795825738,
              2252580.3110396834
            ],
            [
              4715772.6802933505,
              2252592.906209917
            ],
            [
              4715779.1082,
              2252605.2328999992
            ],
            [
              4715783.444086033,
              2252616.696763858
            ],
            [
              4715788.353835998,
              2252627.9268323146
            ],
            [
              4715793.8249,
              2252638.8944000006
            ],
            [
              4715795.905244573,
              2252643.6103820526
            ],
            [
              4715797.40389964,
              2252648.542151841
            ],
            [
              4715798.299152394,
              2252653.6182569186
            ],
            [
              4715798.5780322375,
              2252658.7651536814
            ],
            [
              4715798.236498704,
              2252663.908272881
            ],
            [
              4715797.2795,
              2252668.973099999
            ],
            [
              4715794.251918704,
              2252673.485750707
            ],
            [
              4715790.713158164,
              2252677.6097583165
            ],
            [
              4715786.712632083,
              2252681.2875369927
            ],
            [
              4715782.306202053,
              2252684.4677318465
            ],
            [
              4715777.555397532,
              2252687.10593603
            ],
            [
              4715772.526556671,
              2252689.165310817
            ],
            [
              4715767.2899,
              2252690.6171000004
            ],
            [
              4715743.633780727,
              2252697.0319589963
            ],
            [
              4715720.061,
              2252703.7466
            ],
            [
              4715706.552848106,
              2252708.5435697036
            ],
            [
              4715692.899869988,
              2252712.9113236354
            ],
            [
              4715679.1157,
              2252716.8455
            ],
            [
              4715659.6215,
              2252720.579
            ],
            [
              4715599.1477,
              2252730.4662999995
            ],
            [
              4715589.956364483,
              2252732.3146629115
            ],
            [
              4715580.698459859,
              2252733.7939519305
            ],
            [
              4715571.3888,
              2252734.901799999
            ],
            [
              4715568.621165204,
              2252734.234711758
            ],
            [
              4715565.987086481,
              2252733.154693995
            ],
            [
              4715563.5477773035,
              2252731.6868452905
            ],
            [
              4715561.359924883,
              2252729.865277045
            ],
            [
              4715559.474372819,
              2252727.732320763
            ],
            [
              4715557.934939539,
              2252725.33754431
            ],
            [
              4715556.7774,
              2252722.7366000004
            ],
            [
              4715555.0833,
              2252714.4768000003
            ],
            [
              4715541.6928,
              2252614.002800001
            ],
            [
              4715534.4594,
              2252555.1697000004
            ],
            [
              4715530.0207,
              2252526.7492999993
            ],
            [
              4715526.9227,
              2252501.9603000004
            ],
            [
              4715524.8121,
              2252476.1743
            ],
            [
              4715524.0211,
              2252449.7204
            ],
            [
              4715520.1907,
              2252342.9157999996
            ],
            [
              4715519.336201325,
              2252330.979434468
            ],
            [
              4715519.087009646,
              2252319.015116953
            ],
            [
              4715519.443763883,
              2252307.053523559
            ],
            [
              4715520.40554933,
              2252295.125323408
            ],
            [
              4715521.9699,
              2252283.2611
            ]
          ],
          [
            [
              4715487.4264,
              2252167.5720000006
            ],
            [
              4715483.7965,
              2252164.2972999997
            ]
          ],
          [
            [
              4715487.4264,
              2252167.5720000006
            ],
            [
              4715488.8737,
              2252168.7290000003
            ],
            [
              4715493.5356,
              2252173.0831000004
            ]
          ],
          [
            [
              4715493.5356,
              2252173.0831000004
            ],
            [
              4715487.4264,
              2252167.5720000006
            ]
          ],
          [
            [
              4715493.5356,
              2252173.0831000004
            ],
            [
              4715505.6525,
              2252185.125499999
            ],
            [
              4715511.133915824,
              2252191.2981639206
            ],
            [
              4715516.095282316,
              2252197.8960834304
            ],
            [
              4715520.503743884,
              2252204.8755652118
            ],
            [
              4715524.33010643,
              2252212.190389133
            ],
            [
              4715527.549030682,
              2252219.792114331
            ],
            [
              4715530.1392,
              2252227.6304
            ],
            [
              4715531.12551888,
              2252235.386413136
            ],
            [
              4715531.384022855,
              2252243.2006143364
            ],
            [
              4715530.912457521,
              2252251.004856185
            ],
            [
              4715529.714935385,
              2252258.731078123
            ],
            [
              4715527.8019,
              2252266.311899999
            ],
            [
              4715526.3291392615,
              2252272.1165274945
            ],
            [
              4715524.38067623,
              2252277.779231475
            ],
            [
              4715521.9699,
              2252283.2611
            ]
          ],
          [
            [
              4715430.1296,
              2252223.6789999995
            ],
            [
              4715428.4677,
              2252216.812999999
            ],
            [
              4715412.9756,
              2252171.5176
            ],
            [
              4715410.1422049,
              2252165.7553006154
            ],
            [
              4715406.658616164,
              2252160.3611527216
            ],
            [
              4715402.572001834,
              2252155.4081934746
            ],
            [
              4715397.937694968,
              2252150.963486302
            ],
            [
              4715392.818444416,
              2252147.0872128634
            ],
            [
              4715387.283565204,
              2252143.831858183
            ],
            [
              4715381.408,
              2252141.2414999995
            ],
            [
              4715352.249979985,
              2252132.335656874
            ],
            [
              4715323.2042,
              2252123.0703
            ],
            [
              4715299.5854,
              2252114.5809000004
            ],
            [
              4715263.8856,
              2252101.6088999994
            ],
            [
              4715186.8442,
              2252072.8738
            ],
            [
              4715081.9625,
              2252034.7172
            ],
            [
              4714991.2834,
              2252002.8628000002
            ],
            [
              4714886.4033,
              2251965.0358000007
            ],
            [
              4714794.019,
              2251931.8474000003
            ]
          ],
          [
            [
              4715430.1296,
              2252223.6789999995
            ],
            [
              4715441.5908,
              2252266.7161999997
            ]
          ],
          [
            [
              4715441.5908,
              2252266.7161999997
            ],
            [
              4715435.648492976,
              2252245.2539795167
            ],
            [
              4715430.1296,
              2252223.6789999995
            ]
          ],
          [
            [
              4715441.5908,
              2252266.7161999997
            ],
            [
              4715463.6628,
              2252348.1535
            ],
            [
              4715468.7514,
              2252374.2556999996
            ],
            [
              4715467.981798965,
              2252378.708857581
            ],
            [
              4715466.4736443795,
              2252382.9689477147
            ],
            [
              4715464.269969144,
              2252386.914415198
            ],
            [
              4715461.433651786,
              2252390.432682107
            ],
            [
              4715458.045622314,
              2252393.4233600395
            ],
            [
              4715454.202553003,
              2252395.8011145415
            ],
            [
              4715450.0141,
              2252397.4980999995
            ],
            [
              4715446.66821284,
              2252397.3473759694
            ],
            [
              4715443.384614904,
              2252396.6873280806
            ],
            [
              4715440.240375697,
              2252395.533448353
            ],
            [
              4715437.309293825,
              2252393.912819559
            ],
            [
              4715434.660164872,
              2252391.863479566
            ],
            [
              4715432.355166685,
              2252389.433528542
            ],
            [
              4715430.4484,
              2252386.6799999997
            ],
            [
              4715420.863102922,
              2252362.2249887977
            ],
            [
              4715412.0178,
              2252337.4926999994
            ],
            [
              4715399.878928159,
              2252293.690814133
            ],
            [
              4715387.4463,
              2252249.9714
            ],
            [
              4715385.461861991,
              2252245.592163489
            ],
            [
              4715382.782561614,
              2252241.600039227
            ],
            [
              4715379.481732795,
              2252238.1042938507
            ],
            [
              4715375.649721032,
              2252235.200607834
            ],
            [
              4715371.391410597,
              2252232.9684566595
            ],
            [
              4715366.823353786,
              2252231.4689355325
            ],
            [
              4715362.070580828,
              2252230.7430871716
            ],
            [
              4715357.263177733,
              2252230.810778445
            ],
            [
              4715352.532725766,
              2252231.670156606
            ],
            [
              4715348.0087,
              2252233.297700001
            ],
            [
              4715302.704263117,
              2252257.449040388
            ],
            [
              4715257.6293,
              2252282.0260000005
            ],
            [
              4715232.569803661,
              2252296.437775936
            ],
            [
              4715207.16664389,
              2252310.234772568
            ],
            [
              4715181.4349,
              2252323.4088000003
            ],
            [
              4715176.904707726,
              2252324.7885055984
            ],
            [
              4715172.209988126,
              2252325.4096637433
            ],
            [
              4715167.476861243,
              2252325.2555874973
            ],
            [
              4715162.832478908,
              2252324.3304160004
            ],
            [
              4715158.401608894,
              2252322.659003277
            ],
            [
              4715154.303283131,
              2252320.286250549
            ],
            [
              4715150.6476,
              2252317.2759000007
            ],
            [
              4715129.961345054,
              2252295.9508645195
            ],
            [
              4715108.826133458,
              2252275.0707037756
            ],
            [
              4715087.251530418,
              2252254.644867548
            ],
            [
              4715065.2473,
              2252234.682600001
            ],
            [
              4715040.739676809,
              2252210.9457163657
            ],
            [
              4715015.787766216,
              2252187.6763073276
            ],
            [
              4714990.400483625,
              2252164.8826871263
            ],
            [
              4714964.5869,
              2252142.573000001
            ],
            [
              4714941.975130177,
              2252119.2164965845
            ],
            [
              4714919.909716989,
              2252095.3431657073
            ],
            [
              4714898.402469989,
              2252070.965784534
            ],
            [
              4714877.4649,
              2252046.0974000003
            ],
            [
              4714845.1539,
              2251998.962200001
            ],
            [
              4714834.531997941,
              2251983.132118131
            ],
            [
              4714823.517602191,
              2251967.572575027
            ],
            [
              4714812.1176,
              2251952.293299999
            ],
            [
              4714806.62883585,
              2251945.0089741442
            ],
            [
              4714800.583451628,
              2251938.1795331235
            ],
            [
              4714794.019,
              2251931.8474000003
            ]
          ],
          [
            [
              4715521.9699,
              2252283.2611
            ],
            [
              4715518.939569127,
              2252288.8137705266
            ],
            [
              4715515.435112555,
              2252294.0800632746
            ],
            [
              4715511.4834,
              2252299.0196
            ],
            [
              4715507.30239369,
              2252302.0995047307
            ],
            [
              4715502.751656576,
              2252304.6009880193
            ],
            [
              4715497.910717926,
              2252306.480333622
            ],
            [
              4715492.864178603,
              2252307.7046978553
            ],
            [
              4715487.700232575,
              2252308.2526835715
            ],
            [
              4715482.509125628,
              2252308.114714103
            ],
            [
              4715477.381578211,
              2252307.2932006205
            ],
            [
              4715472.4072,
              2252305.8025
            ],
            [
              4715466.798723972,
              2252303.05947502
            ],
            [
              4715461.559234541,
              2252299.6643402823
            ],
            [
              4715456.764193514,
              2252295.6659942553
            ],
            [
              4715452.482661529,
              2252291.122023166
            ],
            [
              4715448.776303402,
              2252286.097871613
            ],
            [
              4715445.6985,
              2252280.6658999994
            ],
            [
              4715441.5908,
              2252266.7161999997
            ]
          ]
        ]
      }
    },
    {
      "type": "Feature",
      "properties": {
        "objectid": 645,
        "nombre": "Corredor de la 80 La Palma-Aguacatala",
        "linea": "Línea O",
        "tipo": 1,
        "estado": 5,
        "label": "La Palma-Aguacatala",
        "codigo_linea": 13,
        "fecha_actualizacion": null,
        "st_length(shape)": 11911.096190220476
      },
      "geometry": {
        "type": "MultiLineString",
        "coordinates": [
          [
            [
              4714538.8677,
              2243210.1470999997
            ],
            [
              4714538.9064,
              2243210.1385999992
            ],
            [
              4714570.2334,
              2243203.2436999995
            ],
            [
              4714577.216748639,
              2243199.619766507
            ],
            [
              4714583.831285223,
              2243195.359724494
            ],
            [
              4714590.019236112,
              2243190.5007826355
            ],
            [
              4714595.726553609,
              2243185.085380604
            ],
            [
              4714600.903388037,
              2243179.160818386
            ],
            [
              4714605.504523142,
              2243172.778843149
            ],
            [
              4714609.489771024,
              2243165.995197264
            ],
            [
              4714612.824323156,
              2243158.8691314305
            ],
            [
              4714615.479054408,
              2243151.462887163
            ],
            [
              4714617.430777446,
              2243143.8411531504
            ],
            [
              4714618.662445247,
              2243136.070500243
            ],
            [
              4714619.1633,
              2243128.218800001
            ],
            [
              4714589.3255,
              2243003.602600001
            ],
            [
              4714577.891,
              2242960.8296000008
            ],
            [
              4714577.698416855,
              2242960.292918241
            ],
            [
              4714577.419492381,
              2242959.7956087636
            ],
            [
              4714577.061952184,
              2242959.35144597
            ],
            [
              4714576.635699359,
              2242958.9727322147
            ],
            [
              4714576.152540192,
              2242958.6699570534
            ],
            [
              4714575.625857152,
              2242958.451506706
            ],
            [
              4714575.070238225,
              2242958.3234317773
            ],
            [
              4714574.50107286,
              2242958.2892796667
            ],
            [
              4714573.934125713,
              2242958.349996315
            ],
            [
              4714573.3851,
              2242958.503900001
            ],
            [
              4714552.2378,
              2242962.442500001
            ],
            [
              4714546.338737451,
              2242963.942821329
            ],
            [
              4714540.616805998,
              2242966.018731612
            ],
            [
              4714535.128017099,
              2242968.6499099554
            ],
            [
              4714529.9261,
              2242971.8105999995
            ],
            [
              4714445.4627,
              2243013.6253999993
            ],
            [
              4714424.8758,
              2243024.0435000006
            ],
            [
              4714417.0888,
              2243027.7852
            ],
            [
              4714416.216103801,
              2243028.2987802695
            ],
            [
              4714415.441557499,
              2243028.951038942
            ],
            [
              4714414.786965421,
              2243029.7236142224
            ],
            [
              4714414.270755054,
              2243030.5947572687
            ],
            [
              4714413.907458285,
              2243031.53994445
            ],
            [
              4714413.707302315,
              2243032.5325677106
            ],
            [
              4714413.675921754,
              2243033.544683618
            ],
            [
              4714413.8142,
              2243034.5478000008
            ],
            [
              4714437.6835,
              2243101.1064
            ],
            [
              4714452.3696,
              2243138.2861
            ],
            [
              4714457.9953,
              2243152.6503
            ],
            [
              4714458.765,
              2243154.4769
            ],
            [
              4714459.9821,
              2243156.9372000005
            ],
            [
              4714462.8799,
              2243161.5165
            ],
            [
              4714468.590153332,
              2243168.7077108766
            ],
            [
              4714474.763246016,
              2243175.505757191
            ],
            [
              4714481.372178355,
              2243181.8809058415
            ],
            [
              4714488.38804439,
              2243187.8052733834
            ],
            [
              4714495.780158322,
              2243193.252947987
            ],
            [
              4714503.516188736,
              2243198.2001027674
            ],
            [
              4714511.5623,
              2243202.6251
            ],
            [
              4714512.8835,
              2243203.2874999996
            ],
            [
              4714517.562,
              2243205.4935999997
            ],
            [
              4714522.631230213,
              2243207.6175685003
            ],
            [
              4714527.9197454415,
              2243209.1142126867
            ],
            [
              4714533.350231825,
              2243209.961652819
            ],
            [
              4714538.8433,
              2243210.147500001
            ],
            [
              4714538.8677,
              2243210.1470999997
            ]
          ],
          [
            [
              4714538.8677,
              2243210.1470999997
            ],
            [
              4714538.8994,
              2243210.1459
            ],
            [
              4714544.740631062,
              2243209.822441063
            ],
            [
              4714550.5186,
              2243208.9060999993
            ],
            [
              4714574.3028,
              2243203.102600001
            ],
            [
              4714580.225850841,
              2243200.0527735394
            ],
            [
              4714585.8536064075,
              2243196.487336681
            ],
            [
              4714591.141300583,
              2243192.4346507797
            ],
            [
              4714596.046872277,
              2243187.9269530224
            ],
            [
              4714600.5313,
              2243183.0001
            ],
            [
              4714628.8411,
              2243155.6117000002
            ],
            [
              4714633.333401632,
              2243151.806479983
            ],
            [
              4714638.287940872,
              2243148.6263834042
            ],
            [
              4714643.618315663,
              2243146.126867869
            ],
            [
              4714649.231569766,
              2243144.3515223507
            ],
            [
              4714655.029813816,
              2243143.331307045
            ],
            [
              4714660.911932414,
              2243143.0840134555
            ],
            [
              4714666.775347479,
              2243143.613954127
            ],
            [
              4714672.517807095,
              2243144.9118874404
            ],
            [
              4714678.0391686885,
              2243146.955178777
            ],
            [
              4714683.243145405,
              2243149.708195243
            ],
            [
              4714688.038985258,
              2243153.122927069
            ],
            [
              4714692.343053742,
              2243157.1398248537
            ],
            [
              4714696.080292343,
              2243161.68883804
            ],
            [
              4714699.185527472,
              2243166.690636529
            ],
            [
              4714701.60460703,
              2243172.0579941124
            ],
            [
              4714703.295344763,
              2243177.6973096067
            ],
            [
              4714704.22825595,
              2243183.510239165
            ],
            [
              4714704.387071581,
              2243189.395411289
            ],
            [
              4714703.769022074,
              2243195.250194644
            ],
            [
              4714702.384885576,
              2243200.972487846
            ],
            [
              4714700.2588,
              2243206.4625000004
            ],
            [
              4714697.023197014,
              2243212.4784827232
            ],
            [
              4714693.114223922,
              2243218.080366707
            ],
            [
              4714688.58423125,
              2243223.1931292866
            ],
            [
              4714683.493886467,
              2243227.7482983065
            ],
            [
              4714677.9113615025,
              2243231.6848691264
            ],
            [
              4714671.911419757,
              2243234.9501216197
            ],
            [
              4714665.574414842,
              2243237.5003262223
            ],
            [
              4714658.985214456,
              2243239.3013295764
            ],
            [
              4714652.232063799,
              2243240.3290119274
            ],
            [
              4714645.405403759,
              2243240.5696101435
            ],
            [
              4714638.59665969,
              2243240.0199020365
            ],
            [
              4714631.897017008,
              2243238.6872495175
            ],
            [
              4714625.3962,
              2243236.5895000007
            ],
            [
              4714618.915783706,
              2243234.37492626
            ],
            [
              4714612.276608155,
              2243232.6952000344
            ],
            [
              4714605.522736166,
              2243231.5614693156
            ],
            [
              4714598.698991773,
              2243230.9812584366
            ],
            [
              4714591.850662742,
              2243230.958418136
            ],
            [
              4714585.0232,
              2243231.4931000005
            ],
            [
              4714560.381813503,
              2243236.7014387413
            ],
            [
              4714535.610786563,
              2243241.2534652427
            ],
            [
              4714510.727596557,
              2243245.14596779
            ],
            [
              4714485.7498,
              2243248.3762
            ],
            [
              4714479.8919,
              2243250.116800001
            ],
            [
              4714475.3345,
              2243251.470899999
            ],
            [
              4714398.6167,
              2243274.2666999996
            ],
            [
              4714390.1111,
              2243276.6753000002
            ],
            [
              4714381.4928,
              2243279.1597000007
            ],
            [
              4714331.9852,
              2243293.4312999994
            ],
            [
              4714301.6068,
              2243302.1885
            ],
            [
              4714260.1529422505,
              2243313.991856115
            ],
            [
              4714218.856761247,
              2243326.3355578487
            ],
            [
              4714177.7253,
              2243339.2174999993
            ],
            [
              4714160.727770926,
              2243346.3952960116
            ],
            [
              4714143.487708337,
              2243352.9692592067
            ],
            [
              4714126.026555488,
              2243358.931212864
            ],
            [
              4714108.3660306325,
              2243364.273741481
            ],
            [
              4714090.5281,
              2243368.9902
            ],
            [
              4714082.029684889,
              2243373.2277426743
            ],
            [
              4714073.894616236,
              2243378.1267716913
            ],
            [
              4714066.174275949,
              2243383.6563442927
            ],
            [
              4714058.917426471,
              2243389.781535143
            ],
            [
              4714052.16990279,
              2243396.4636569233
            ],
            [
              4714045.974322944,
              2243403.660504683
            ],
            [
              4714040.369818835,
              2243411.326622409
            ],
            [
              4714035.391789072,
              2243419.413590134
            ],
            [
              4714031.071675392,
              2243427.8703297595
            ],
            [
              4714027.436764065,
              2243436.6434276705
            ],
            [
              4714024.510013555,
              2243445.6774720997
            ],
            [
              4714022.309909512,
              2243454.9154031184
            ],
            [
              4714020.850348013,
              2243464.298873028
            ],
            [
              4714020.140547796,
              2243473.768614891
            ],
            [
              4714020.18499203,
              2243483.264816869
            ],
            [
              4714020.9834,
              2243492.727499999
            ],
            [
              4714036.6264,
              2243554.0549
            ],
            [
              4714047.0814,
              2243596.9494000003
            ],
            [
              4714058.4002,
              2243642.6437999997
            ],
            [
              4714071.0281,
              2243693.6225000005
            ],
            [
              4714076.0469,
              2243713.8838
            ],
            [
              4714083.0426,
              2243741.605799999
            ],
            [
              4714091.8266,
              2243776.4143000003
            ],
            [
              4714099.1303,
              2243805.2719
            ],
            [
              4714105.7942,
              2243831.7642
            ],
            [
              4714111.3081,
              2243853.6139
            ],
            [
              4714113.4671,
              2243862.1691999994
            ],
            [
              4714121.2677,
              2243892.7479999997
            ],
            [
              4714130.142023261,
              2243925.557198153
            ],
            [
              4714138.3464572225,
              2243958.5402901876
            ],
            [
              4714145.8776,
              2243991.683599999
            ],
            [
              4714147.40406498,
              2244000.520577148
            ],
            [
              4714148.236132725,
              2244009.4497385724
            ],
            [
              4714148.368726485,
              2244018.4166042097
            ],
            [
              4714147.8010372585,
              2244027.366463952
            ],
            [
              4714146.536528724,
              2244036.24471145
            ],
            [
              4714144.582916108,
              2244044.997177286
            ],
            [
              4714141.952119111,
              2244053.570459483
            ],
            [
              4714138.660189183,
              2244061.912249328
            ],
            [
              4714134.727211586,
              2244069.971650527
            ],
            [
              4714130.177182846,
              2244077.699489742
            ],
            [
              4714125.037864343,
              2244085.048616615
            ],
            [
              4714119.34061293,
              2244091.9741914505
            ],
            [
              4714113.120189609,
              2244098.4339587972
            ],
            [
              4714106.414547445,
              2244104.3885052647
            ],
            [
              4714099.2646,
              2244109.8015
            ],
            [
              4714093.475592114,
              2244113.584805004
            ],
            [
              4714087.4693,
              2244117.012700001
            ],
            [
              4714073.593413547,
              2244124.3724975954
            ],
            [
              4714059.5975,
              2244131.5013999995
            ],
            [
              4714052.7277,
              2244134.8948
            ],
            [
              4714033.159455086,
              2244144.186796447
            ],
            [
              4714013.384013454,
              2244153.0292686853
            ],
            [
              4713993.4117,
              2244161.4176000003
            ],
            [
              4713993.1183,
              2244161.5371000003
            ],
            [
              4713992.5677,
              2244161.8439000007
            ],
            [
              4713961.615977992,
              2244179.3048242605
            ],
            [
              4713930.8632,
              2244197.1138000004
            ],
            [
              4713907.2574,
              2244211.100299999
            ],
            [
              4713856.0389,
              2244239.9409
            ],
            [
              4713854.5166,
              2244240.8365
            ],
            [
              4713819.5073,
              2244261.289000001
            ],
            [
              4713813.3012,
              2244264.868899999
            ],
            [
              4713807.3511,
              2244268.3123000003
            ],
            [
              4713771.0093,
              2244289.3445999995
            ],
            [
              4713695.5196,
              2244333.0330999997
            ],
            [
              4713687.14714976,
              2244337.273025027
            ],
            [
              4713679.155581464,
              2244342.1933627636
            ],
            [
              4713671.600065588,
              2244347.760145237
            ],
            [
              4713664.532762281,
              2244353.9349416895
            ],
            [
              4713658.002461274,
              2244360.6751238853
            ],
            [
              4713652.05424506,
              2244367.9341604006
            ],
            [
              4713646.729177657,
              2244375.6619378575
            ],
            [
              4713642.064021124,
              2244383.8051068834
            ],
            [
              4713638.090981765,
              2244392.3074504146
            ],
            [
              4713634.837487799,
              2244401.1102717966
            ],
            [
              4713632.326,
              2244410.1527999993
            ],
            [
              4713622.202201245,
              2244449.305045181
            ],
            [
              4713612.7121,
              2244488.615700001
            ],
            [
              4713603.302556755,
              2244528.337671896
            ],
            [
              4713593.215875661,
              2244567.8931193063
            ],
            [
              4713582.455,
              2244607.2705000006
            ],
            [
              4713579.015061437,
              2244615.9231108343
            ],
            [
              4713574.893558968,
              2244624.272605966
            ],
            [
              4713570.116942608,
              2244632.2654019543
            ],
            [
              4713564.715866612,
              2244639.8502044985
            ],
            [
              4713558.724992745,
              2244646.978337624
            ],
            [
              4713552.182767836,
              2244653.604056062
            ],
            [
              4713545.131177054,
              2244659.6848388226
            ],
            [
              4713537.615474448,
              2244665.1816620775
            ],
            [
              4713529.683892542,
              2244670.059249598
            ],
            [
              4713521.38733279,
              2244674.286299141
            ],
            [
              4713512.779038916,
              2244677.835683335
            ],
            [
              4713503.914255222,
              2244680.6846237704
            ],
            [
              4713494.849872045,
              2244682.814837182
            ],
            [
              4713485.644060669,
              2244684.2126527834
            ],
            [
              4713476.3559,
              2244684.8691000007
            ],
            [
              4713411.7919,
              2244689.7434
            ],
            [
              4713409.6782,
              2244689.903000001
            ],
            [
              4713320.3965,
              2244697.4560000002
            ],
            [
              4713305.8859,
              2244698.601500001
            ],
            [
              4713295.515,
              2244699.4201999996
            ],
            [
              4713268.1199,
              2244701.8523999993
            ],
            [
              4713236.466782227,
              2244704.4584981827
            ],
            [
              4713204.85616066,
              2244707.537494226
            ],
            [
              4713173.2951,
              2244711.0887
            ],
            [
              4713165.665110777,
              2244713.118899182
            ],
            [
              4713158.215659146,
              2244715.7350250715
            ],
            [
              4713150.991665674,
              2244718.9213023004
            ],
            [
              4713144.036691402,
              2244722.6585174566
            ],
            [
              4713137.39267517,
              2244726.924134947
            ],
            [
              4713131.099680729,
              2244731.692432885
            ],
            [
              4713125.195655149,
              2244736.9346581963
            ],
            [
              4713119.7162,
              2244742.6192000005
            ],
            [
              4713096.752529412,
              2244771.462522024
            ],
            [
              4713074.2619,
              2244800.6762000006
            ],
            [
              4713070.9182,
              2244805.1050000004
            ],
            [
              4713050.0526931435,
              2244833.2611070247
            ],
            [
              4713029.625792893,
              2244861.737017639
            ],
            [
              4713009.6424,
              2244890.5259000007
            ],
            [
              4713001.707,
              2244904.8279999997
            ],
            [
              4712994.4616,
              2244919.4915999994
            ],
            [
              4712981.9256,
              2244943.739
            ],
            [
              4712950.6976,
              2245000.433599999
            ],
            [
              4712946.9961,
              2245007.6447
            ],
            [
              4712946.3899,
              2245008.8257
            ],
            [
              4712903.5987,
              2245092.1876999997
            ],
            [
              4712885.9387,
              2245126.591600001
            ],
            [
              4712884.4527,
              2245129.4865000006
            ],
            [
              4712846.8191,
              2245203.2457
            ],
            [
              4712831.3994,
              2245233.4671
            ],
            [
              4712800.4826,
              2245294.062000001
            ],
            [
              4712799.0474,
              2245296.875
            ],
            [
              4712783.7321,
              2245326.8922000006
            ],
            [
              4712782.2381,
              2245329.8203
            ],
            [
              4712774.2987,
              2245345.381100001
            ],
            [
              4712771.8981,
              2245350.174799999
            ],
            [
              4712768.0921,
              2245357.5458000004
            ],
            [
              4712759.125,
              2245375.1205
            ],
            [
              4712742.4563,
              2245407.7905
            ],
            [
              4712674.3563,
              2245541.6367000006
            ],
            [
              4712658.9691,
              2245571.675899999
            ],
            [
              4712644.7181,
              2245598.787799999
            ],
            [
              4712633.2463,
              2245620.144200001
            ],
            [
              4712620.4566,
              2245645.6395999994
            ],
            [
              4712611.9271,
              2245662.6426
            ],
            [
              4712610.4444,
              2245665.598099999
            ],
            [
              4712586.6808,
              2245712.0385
            ],
            [
              4712576.7149,
              2245731.4617999997
            ],
            [
              4712554.5094,
              2245775.8685
            ],
            [
              4712533.6323,
              2245819.1417999994
            ],
            [
              4712521.353,
              2245845.3379999995
            ],
            [
              4712511.4815,
              2245866.8222000003
            ],
            [
              4712505.651388705,
              2245876.648868285
            ],
            [
              4712500.4149,
              2245886.804300001
            ],
            [
              4712500.399,
              2245886.8376
            ],
            [
              4712496.9178,
              2245894.5452999994
            ],
            [
              4712492.694383455,
              2245905.368567321
            ],
            [
              4712489.131960281,
              2245916.427025801
            ],
            [
              4712486.243521414,
              2245927.6803490315
            ],
            [
              4712484.0396,
              2245939.0875000004
            ],
            [
              4712481.167406526,
              2245977.2048469866
            ],
            [
              4712478.780177835,
              2246015.3556369627
            ],
            [
              4712476.8783,
              2246053.5337000005
            ],
            [
              4712476.5605,
              2246058.7652000003
            ],
            [
              4712475.876,
              2246070.033500001
            ],
            [
              4712474.8439,
              2246087.023499999
            ],
            [
              4712472.7511,
              2246121.4727999996
            ],
            [
              4712471.8809,
              2246135.8642999995
            ],
            [
              4712470.49195099,
              2246155.639875875
            ],
            [
              4712468.8797,
              2246175.398499999
            ],
            [
              4712466.2759191925,
              2246207.232800463
            ],
            [
              4712464.362713686,
              2246239.1160563384
            ],
            [
              4712463.140982305,
              2246271.0332888775
            ],
            [
              4712462.6112990165,
              2246302.9695033706
            ],
            [
              4712462.773912668,
              2246334.9096961897
            ],
            [
              4712463.628746863,
              2246366.8388618384
            ],
            [
              4712465.1754,
              2246398.7420000006
            ],
            [
              4712466.5637814775,
              2246434.818278997
            ],
            [
              4712468.376231663,
              2246470.8757405505
            ],
            [
              4712470.6125,
              2246506.9093999993
            ],
            [
              4712469.463903684,
              2246515.680185388
            ],
            [
              4712467.587901732,
              2246524.32463832
            ],
            [
              4712464.997562795,
              2246532.7825395977
            ],
            [
              4712461.710931755,
              2246540.9949695813
            ],
            [
              4712457.750904022,
              2246548.9047186403
            ],
            [
              4712453.145066038,
              2246556.456685688
            ],
            [
              4712447.925503103,
              2246563.5982620264
            ],
            [
              4712442.128575865,
              2246570.2796978327
            ],
            [
              4712435.79466702,
              2246576.454448724
            ],
            [
              4712428.9679,
              2246582.079500001
            ],
            [
              4712414.3158,
              2246595.6183
            ],
            [
              4712388.6797,
              2246618.8781000003
            ],
            [
              4712372.1013,
              2246633.8062999994
            ],
            [
              4712334.2117,
              2246668.5398999993
            ],
            [
              4712317.373,
              2246683.9759
            ],
            [
              4712306.7726,
              2246693.6932999995
            ],
            [
              4712271.5267,
              2246726.0034
            ],
            [
              4712229.0839,
              2246764.9109000005
            ],
            [
              4712223.8284,
              2246770.352499999
            ],
            [
              4712215.696300006,
              2246779.6119597214
            ],
            [
              4712208.122,
              2246789.3330000006
            ],
            [
              4712204.967052527,
              2246793.0720122145
            ],
            [
              4712202.2481,
              2246797.1391000003
            ],
            [
              4712200.302300932,
              2246800.8222747496
            ],
            [
              4712198.71466144,
              2246804.673418878
            ],
            [
              4712197.4995,
              2246808.6578
            ],
            [
              4712194.1265,
              2246835.571799999
            ],
            [
              4712191.6219,
              2246855.5561999995
            ],
            [
              4712191.1955,
              2246858.9593
            ],
            [
              4712189.874,
              2246870.3511999995
            ],
            [
              4712186.9271,
              2246895.7547999993
            ],
            [
              4712186.9038,
              2246895.9558000006
            ],
            [
              4712185.0649,
              2246911.7468999997
            ],
            [
              4712180.5938,
              2246950.1426999997
            ],
            [
              4712180.3022,
              2246952.647
            ],
            [
              4712180.0971,
              2246954.4089
            ],
            [
              4712177.1733,
              2246983.0298999995
            ],
            [
              4712176.6649,
              2246988.6098999996
            ],
            [
              4712175.8757,
              2247020.8669000007
            ],
            [
              4712175.7445,
              2247031.8475
            ],
            [
              4712175.690040122,
              2247053.4498049305
            ],
            [
              4712175.9059,
              2247075.0511000007
            ],
            [
              4712175.3414,
              2247102.8101000004
            ],
            [
              4712174.8076,
              2247129.0599000007
            ],
            [
              4712173.7239,
              2247167.3769000005
            ],
            [
              4712173.575743699,
              2247171.714385392
            ],
            [
              4712173.7597,
              2247176.0505
            ],
            [
              4712174.4052,
              2247181.149
            ],
            [
              4712174.6356,
              2247182.3981
            ],
            [
              4712175.801192023,
              2247187.2154170154
            ],
            [
              4712177.38291862,
              2247191.912574556
            ],
            [
              4712179.3687,
              2247196.4537000004
            ],
            [
              4712179.5149,
              2247196.7496000007
            ],
            [
              4712181.341787819,
              2247200.1206367863
            ],
            [
              4712183.398,
              2247203.356899999
            ],
            [
              4712187.605,
              2247205.6056999993
            ],
            [
              4712190.093871444,
              2247207.2322211326
            ],
            [
              4712192.4673,
              2247209.023
            ],
            [
              4712195.108956379,
              2247213.058877108
            ],
            [
              4712197.2649,
              2247217.3738
            ],
            [
              4712198.597151412,
              2247220.916367842
            ],
            [
              4712199.6014,
              2247224.5655000005
            ],
            [
              4712200.4434,
              2247229.8220000006
            ],
            [
              4712200.6176,
              2247234.7478
            ],
            [
              4712200.2761,
              2247239.1571999993
            ],
            [
              4712199.7137,
              2247242.4244
            ],
            [
              4712198.9936,
              2247245.292199999
            ],
            [
              4712198.4569,
              2247247.193
            ],
            [
              4712196.79019831,
              2247251.1773316367
            ],
            [
              4712194.4879,
              2247254.8313999996
            ],
            [
              4712192.417634256,
              2247257.2570695574
            ],
            [
              4712190.0664,
              2247259.4114999995
            ],
            [
              4712189.88,
              2247259.5261000004
            ],
            [
              4712188.3994,
              2247260.4891999997
            ],
            [
              4712183.374959446,
              2247262.9395011594
            ],
            [
              4712178.098643663,
              2247264.785976295
            ],
            [
              4712172.642727371,
              2247266.003332479
            ],
            [
              4712167.081945447,
              2247266.5748944255
            ],
            [
              4712161.492469214,
              2247266.492832906
            ],
            [
              4712155.950863045,
              2247265.7582719964
            ],
            [
              4712150.533035594,
              2247264.3812736752
            ],
            [
              4712145.3132,
              2247262.3806999996
            ],
            [
              4712141.226854774,
              2247258.768378071
            ],
            [
              4712137.68043537,
              2247254.6247086306
            ],
            [
              4712134.7423556475,
              2247250.029627068
            ],
            [
              4712132.469294005,
              2247245.0717769503
            ],
            [
              4712130.9051,
              2247239.8467999995
            ],
            [
              4712130.4823,
              2247237.6877999995
            ],
            [
              4712130.2664,
              2247235.361300001
            ],
            [
              4712130.343903924,
              2247230.116688076
            ],
            [
              4712131.196619917,
              2247224.94128118
            ],
            [
              4712132.80577335,
              2247219.9490285497
            ],
            [
              4712135.1359347785,
              2247215.2498468314
            ],
            [
              4712138.1358,
              2247210.9472000003
            ],
            [
              4712141.126955196,
              2247207.7074668887
            ],
            [
              4712144.498173705,
              2247204.8653258285
            ],
            [
              4712148.197,
              2247202.465
            ],
            [
              4712152.384663311,
              2247198.6666103504
            ],
            [
              4712156.061709491,
              2247194.3720068377
            ],
            [
              4712159.169820076,
              2247189.649302472
            ],
            [
              4712161.6597,
              2247184.5734
            ],
            [
              4712163.490146809,
              2247175.651777318
            ],
            [
              4712164.7228963105,
              2247166.6281297477
            ],
            [
              4712165.352484437,
              2247157.542453901
            ],
            [
              4712165.376120589,
              2247148.4350213245
            ],
            [
              4712164.7937,
              2247139.3462000005
            ],
            [
              4712165.3967,
              2247108.2980000004
            ],
            [
              4712165.3309,
              2247103.1844999995
            ],
            [
              4712165.326781064,
              2247072.1924141143
            ],
            [
              4712165.999413162,
              2247041.207628
            ],
            [
              4712167.348475529,
              2247010.244917602
            ],
            [
              4712169.373324828,
              2246979.3190483367
            ],
            [
              4712172.072995457,
              2246948.444768054
            ],
            [
              4712175.4462,
              2246917.6368000004
            ],
            [
              4712179.555473313,
              2246871.402627948
            ],
            [
              4712183.0163,
              2246825.1153999995
            ],
            [
              4712183.609198054,
              2246818.888977971
            ],
            [
              4712184.742253259,
              2246812.7378768274
            ],
            [
              4712186.406850571,
              2246806.7088657003
            ],
            [
              4712188.590333432,
              2246800.847785427
            ],
            [
              4712191.2761,
              2246795.1992000006
            ],
            [
              4712194.4371091155,
              2246789.815988943
            ],
            [
              4712198.054208181,
              2246784.728009553
            ],
            [
              4712202.1,
              2246779.9738
            ],
            [
              4712211.8219,
              2246768.0726999994
            ],
            [
              4712212.0053,
              2246767.8483000007
            ],
            [
              4712263.2296,
              2246719.804300001
            ],
            [
              4712284.5488,
              2246699.808599999
            ],
            [
              4712301.616,
              2246683.8011000007
            ],
            [
              4712326.0384,
              2246660.8949999996
            ],
            [
              4712354.019393972,
              2246634.518678839
            ],
            [
              4712382.36243381,
              2246608.5317891757
            ],
            [
              4712411.0621,
              2246582.9393000007
            ],
            [
              4712418.103887184,
              2246577.4934350033
            ],
            [
              4712424.733441271,
              2246571.5526248813
            ],
            [
              4712430.916051246,
              2246565.1479745237
            ],
            [
              4712436.619346204,
              2246558.3130173963
            ],
            [
              4712441.813464835,
              2246551.0835399632
            ],
            [
              4712446.471211777,
              2246543.497394319
            ],
            [
              4712450.5682,
              2246535.5943
            ],
            [
              4712453.043198322,
              2246526.9843279202
            ],
            [
              4712454.853233056,
              2246518.2104456453
            ],
            [
              4712455.987725912,
              2246509.3239299124
            ],
            [
              4712456.440046631,
              2246500.3767157155
            ],
            [
              4712456.207551742,
              2246491.4210927873
            ],
            [
              4712455.2916,
              2246482.509400001
            ],
            [
              4712452.839105011,
              2246441.0646192324
            ],
            [
              4712451.1677338695,
              2246399.580994715
            ],
            [
              4712450.278079676,
              2246358.073247245
            ],
            [
              4712450.170458132,
              2246316.5561061804
            ],
            [
              4712450.844907428,
              2246275.0443042107
            ],
            [
              4712452.301188229,
              2246233.552572133
            ],
            [
              4712454.538783763,
              2246192.0956336204
            ],
            [
              4712457.5569,
              2246150.6882000007
            ],
            [
              4712460.852490274,
              2246102.54437885
            ],
            [
              4712463.408925996,
              2246054.3556554113
            ],
            [
              4712465.22560517,
              2246006.133377292
            ],
            [
              4712466.3021,
              2245957.8889000006
            ],
            [
              4712466.984638173,
              2245947.116431384
            ],
            [
              4712468.342152176,
              2245936.408065767
            ],
            [
              4712470.369285895,
              2245925.806053348
            ],
            [
              4712473.058041208,
              2245915.352224704
            ],
            [
              4712476.397809546,
              2245905.087825749
            ],
            [
              4712480.3754137475,
              2245895.053354997
            ],
            [
              4712484.975160047,
              2245885.288403772
            ],
            [
              4712490.1789,
              2245875.8314999994
            ],
            [
              4712490.6034,
              2245874.990599999
            ],
            [
              4712495.7328,
              2245864.8303999994
            ],
            [
              4712496.1705,
              2245863.9636000004
            ],
            [
              4712501.292,
              2245853.8116999995
            ],
            [
              4712517.343,
              2245821.9957
            ],
            [
              4712524.0751,
              2245808.6514999997
            ],
            [
              4712541.5627,
              2245773.9399999995
            ],
            [
              4712559.3954,
              2245738.811899999
            ],
            [
              4712568.0098,
              2245722.1092000008
            ],
            [
              4712582.9832,
              2245692.5507999994
            ],
            [
              4712594.5055,
              2245669.8049
            ],
            [
              4712603.840102529,
              2245650.522182297
            ],
            [
              4712613.516692661,
              2245631.408794062
            ],
            [
              4712623.5322,
              2245612.4707999993
            ],
            [
              4712625.1817,
              2245609.1532000005
            ],
            [
              4712636.5388,
              2245586.5737999994
            ],
            [
              4712650.6512,
              2245559.1435000002
            ],
            [
              4712670.773417797,
              2245521.1614864734
            ],
            [
              4712691.4254,
              2245483.4649
            ],
            [
              4712731.9569,
              2245400.1817000005
            ],
            [
              4712741.3301,
              2245380.9219000004
            ],
            [
              4712757.1968,
              2245348.319599999
            ],
            [
              4712769.820688119,
              2245322.3804304185
            ],
            [
              4712782.808,
              2245296.6213000007
            ],
            [
              4712797.0148,
              2245268.680400001
            ],
            [
              4712813.9958,
              2245235.2836000007
            ],
            [
              4712834.4527,
              2245195.0506999996
            ],
            [
              4712849.4911,
              2245165.4744000006
            ],
            [
              4712872.3222,
              2245120.5723
            ],
            [
              4712886.5558,
              2245092.5787000004
            ],
            [
              4712923.7161,
              2245019.4956
            ],
            [
              4712930.6196,
              2245005.9185000006
            ],
            [
              4712931.7051,
              2245003.7838000003
            ],
            [
              4712933.6818,
              2244999.8960999995
            ],
            [
              4712949.4067,
              2244969.704
            ],
            [
              4712955.429947069,
              2244956.932183905
            ],
            [
              4712961.6745,
              2244944.2671000008
            ],
            [
              4712967.7286,
              2244932.4931000005
            ],
            [
              4712971.4472,
              2244925.4868
            ],
            [
              4712977.815633706,
              2244913.8577040327
            ],
            [
              4712984.3732,
              2244902.3342000004
            ],
            [
              4712993.974097951,
              2244886.2111425614
            ],
            [
              4713003.945208288,
              2244870.314376183
            ],
            [
              4713014.2812,
              2244854.6524
            ],
            [
              4713017.6457,
              2244849.7196999993
            ],
            [
              4713018.0404,
              2244849.145199999
            ],
            [
              4713018.5196,
              2244848.5829000007
            ],
            [
              4713022.0511,
              2244844.4321999997
            ],
            [
              4713038.891,
              2244824.3850999996
            ],
            [
              4713064.3102,
              2244793.3089000005
            ],
            [
              4713084.353103722,
              2244768.080316568
            ],
            [
              4713104.0737,
              2244742.5989999995
            ],
            [
              4713106.0398,
              2244740.0195000004
            ],
            [
              4713112.685006107,
              2244732.7535013114
            ],
            [
              4713119.877122444,
              2244726.028401777
            ],
            [
              4713127.572257345,
              2244719.8852429786
            ],
            [
              4713135.723449346,
              2244714.3615150605
            ],
            [
              4713144.2809537845,
              2244709.490927937
            ],
            [
              4713153.192546376,
              2244705.3032055697
            ],
            [
              4713162.403841926,
              2244701.8239045683
            ],
            [
              4713171.858626225,
              2244699.074258228
            ],
            [
              4713181.499199118,
              2244697.0710469433
            ],
            [
              4713191.266726626,
              2244695.8264958076
            ],
            [
              4713201.1016,
              2244695.348200001
            ],
            [
              4713242.438475073,
              2244692.6155993687
            ],
            [
              4713283.7282,
              2244689.2446999997
            ],
            [
              4713307.5298,
              2244687.1626999993
            ],
            [
              4713307.9505,
              2244687.1259000003
            ],
            [
              4713345.6503,
              2244683.510399999
            ],
            [
              4713381.81042617,
              2244679.953272284
            ],
            [
              4713418.013657384,
              2244676.8655657126
            ],
            [
              4713454.2539,
              2244674.2478
            ],
            [
              4713463.691227169,
              2244673.9387848633
            ],
            [
              4713473.072657621,
              2244672.867618632
            ],
            [
              4713482.336741971,
              2244671.04131756
            ],
            [
              4713491.422799459,
              2244668.471844118
            ],
            [
              4713500.271315422,
              2244665.1760286363
            ],
            [
              4713508.824331121,
              2244661.1754590636
            ],
            [
              4713517.025823373,
              2244656.4963395656
            ],
            [
              4713524.822071514,
              2244651.1693188827
            ],
            [
              4713532.162009274,
              2244645.2292895783
            ],
            [
              4713538.997559261,
              2244638.7151594893
            ],
            [
              4713545.283947881,
              2244631.6695968756
            ],
            [
              4713550.979998609,
              2244624.1387509364
            ],
            [
              4713556.048401691,
              2244616.1719495305
            ],
            [
              4713560.455958538,
              2244607.8213760722
            ],
            [
              4713564.173799174,
              2244599.141727724
            ],
            [
              4713567.177571339,
              2244590.1898571253
            ],
            [
              4713569.4476,
              2244581.0243999995
            ],
            [
              4713572.3715,
              2244568.9696999993
            ],
            [
              4713584.2726,
              2244519.9431999996
            ],
            [
              4713592.95328295,
              2244483.5654379795
            ],
            [
              4713602.1837215675,
              2244447.3232687702
            ],
            [
              4713611.9618,
              2244411.2249999996
            ],
            [
              4713614.997061506,
              2244401.7591263447
            ],
            [
              4713618.77297189,
              2244392.563579747
            ],
            [
              4713623.265777331,
              2244383.696208337
            ],
            [
              4713628.447214105,
              2244375.212795732
            ],
            [
              4713634.284686386,
              2244367.166710111
            ],
            [
              4713640.741471305,
              2244359.6085684756
            ],
            [
              4713647.776949966,
              2244352.5859182305
            ],
            [
              4713655.346862979,
              2244346.142938064
            ],
            [
              4713663.403588889,
              2244340.3201600267
            ],
            [
              4713671.896443755,
              2244335.1542145484
            ],
            [
              4713680.772,
              2244330.6776
            ],
            [
              4713690.9877,
              2244324.862400001
            ],
            [
              4713790.3751,
              2244268.2875999995
            ],
            [
              4713804.2,
              2244260.4179999996
            ],
            [
              4713810.0402,
              2244257.0935999993
            ],
            [
              4713816.3435,
              2244253.4602000006
            ],
            [
              4713856.348247612,
              2244230.7812003563
            ],
            [
              4713896.045198927,
              2244207.5676501603
            ],
            [
              4713935.4272116115,
              2244183.823726028
            ],
            [
              4713974.4872,
              2244159.5537
            ],
            [
              4713994.295997962,
              2244148.539139957
            ],
            [
              4714014.470246773,
              2244138.2091499018
            ],
            [
              4714034.986297366,
              2244128.575839064
            ],
            [
              4714055.8201,
              2244119.6504999995
            ],
            [
              4714064.548153185,
              2244115.9899313003
            ],
            [
              4714073.006754783,
              2244111.7436700487
            ],
            [
              4714081.156657366,
              2244106.9314186545
            ],
            [
              4714088.960045855,
              2244101.575505688
            ],
            [
              4714096.380712972,
              2244095.700782278
            ],
            [
              4714103.384227248,
              2244089.334506806
            ],
            [
              4714109.9380927775,
              2244082.506218424
            ],
            [
              4714116.0119,
              2244075.2476000004
            ],
            [
              4714120.710306369,
              2244067.3925529094
            ],
            [
              4714124.738127433,
              2244059.173462651
            ],
            [
              4714128.067371597,
              2244050.647448313
            ],
            [
              4714130.674902067,
              2244041.8737619696
            ],
            [
              4714132.542597645,
              2244032.9133769097
            ],
            [
              4714133.657478664,
              2244023.828563895
            ],
            [
              4714134.011797188,
              2244014.6824584077
            ],
            [
              4714133.603090856,
              2244005.538621886
            ],
            [
              4714132.4342,
              2243996.4606
            ],
            [
              4714128.70328072,
              2243974.8475774755
            ],
            [
              4714124.309079196,
              2243953.359592593
            ],
            [
              4714119.255757018,
              2243932.016995837
            ],
            [
              4714113.5481,
              2243910.84
            ],
            [
              4714109.7705,
              2243895.8659000006
            ],
            [
              4714109.7216,
              2243895.6721
            ],
            [
              4714102.4267,
              2243866.7501999997
            ],
            [
              4714091.9919,
              2243826.6472999994
            ],
            [
              4714080.259749304,
              2243783.651317173
            ],
            [
              4714069.1532,
              2243740.489499999
            ],
            [
              4714036.7396,
              2243612.9934
            ],
            [
              4714036.4169,
              2243611.66
            ],
            [
              4714033.4174,
              2243599.3439000007
            ],
            [
              4714030.8578,
              2243588.830600001
            ],
            [
              4714016.1674,
              2243531.2533
            ],
            [
              4714011.592286947,
              2243514.3036018712
            ],
            [
              4714007.486657818,
              2243497.2341046454
            ],
            [
              4714003.853639774,
              2243480.0578097603
            ],
            [
              4714000.696,
              2243462.787799999
            ],
            [
              4714000.286937117,
              2243453.976559983
            ],
            [
              4714000.5916380305,
              2243445.1610940048
            ],
            [
              4714001.608107531,
              2243436.399126599
            ],
            [
              4714003.329689677,
              2243427.748031988
            ],
            [
              4714005.745111379,
              2243419.2644583853
            ],
            [
              4714008.838556219,
              2243411.003957064
            ],
            [
              4714012.589768018,
              2243403.020618595
            ],
            [
              4714016.974183471,
              2243395.366718662
            ],
            [
              4714021.9630929995,
              2243388.092375751
            ],
            [
              4714027.523828732,
              2243381.2452229727
            ],
            [
              4714033.619978428,
              2243374.8700961545
            ],
            [
              4714040.211623901,
              2243369.0087402514
            ],
            [
              4714047.25560241,
              2243363.699535996
            ],
            [
              4714054.705789294,
              2243358.977248579
            ],
            [
              4714062.5134,
              2243354.8728
            ],
            [
              4714083.032913675,
              2243348.381577759
            ],
            [
              4714103.6264,
              2243342.1290000007
            ],
            [
              4714106.2056,
              2243341.3639
            ],
            [
              4714128.173378895,
              2243335.014679703
            ],
            [
              4714150.2178,
              2243328.936899999
            ],
            [
              4714161.761721944,
              2243328.9707827982
            ],
            [
              4714173.297808818,
              2243328.5441898126
            ],
            [
              4714184.8077,
              2243327.6578
            ],
            [
              4714226.0137,
              2243315.384400001
            ],
            [
              4714257.7435,
              2243305.933599999
            ],
            [
              4714330.7232,
              2243284.1965999994
            ],
            [
              4714377.6194,
              2243270.2283999994
            ],
            [
              4714417.951273835,
              2243258.3972198036
            ],
            [
              4714458.081644175,
              2243245.899610101
            ],
            [
              4714497.9995,
              2243232.739
            ],
            [
              4714503.796017092,
              2243227.3878859933
            ],
            [
              4714510.079668635,
              2243222.618215691
            ],
            [
              4714516.792359934,
              2243218.4740864667
            ],
            [
              4714523.872029665,
              2243214.9938123366
            ],
            [
              4714531.253223647,
              2243212.2095697285
            ],
            [
              4714538.8677,
              2243210.1470999997
            ]
          ]
        ]
      }
    },
    {
      "type": "Feature",
      "properties": {
        "objectid": 961,
        "nombre": "Picacho",
        "linea": "Línea P",
        "tipo": 2,
        "estado": 1,
        "label": "Picacho",
        "codigo_linea": 11,
        "fecha_actualizacion": null,
        "st_length(shape)": 2699.6308144236064
      },
      "geometry": {
        "type": "LineString",
        "coordinates": [
          [
            4716997.4031,
            2254782.2095
          ],
          [
            4716056.7518,
            2255044.9453
          ],
          [
            4715103.1289,
            2255311.3050999995
          ],
          [
            4714397.2928,
            2255508.4552999996
          ]
        ]
      }
    }
  ],
  "crs": {
    "type": "name",
    "properties": {
      "name": "EPSG:9377"
    }
  }
}