{
  "type": "FeatureCollection",
  "features": [
    {
      "type": "Feature",
      "properties": {
        "objectid": 1,
        "corredor": "Carrera 52 (Carabobo) Tramo Norte",
        "municipio": "Medellín",
        "comuna": "4",
        "nom_comuna": "Aranjuez",
        "estado": "Construida",
        "anio_construido": "2007",
        "ente_constructor": "SIF",
        "ubicacion": "Via Arteria",
        "tipo": "Ciclorruta",
        "nombre_ciclorruta": "SA 04 01 Carrera 52 (carabobo) Tramo Norte",
        "tipologia_redciclista": "Bidireccional en andén",
        "longitud": 3591.58902669,
        "st_length(shape)": 3591.5890266873157
      },
      "geometry": {
        "type": "MultiLineString",
        "coordinates": [
          [
            [
              4715885.0672,
              2249601.5886000004
            ],
            [
              4715889.4175,
              2249610.7149
            ],
            [
              4715935.6122,
              2249839.767999999
            ],
            [
              4715950.259,
              2249912.3932000007
            ],
            [
              4715967.255,
              2249997.215500001
            ],
            [
              4715968.3008,
              2250002.434800001
            ],
            [
              4715981.4812,
              2250076.2828
            ],
            [
              4715989.8305,
              2250116.2786
            ],
            [
              4716000.5189,
              2250168.1742000002
            ],
            [
              4716006.2009,
              2250197.5934999995
            ],
            [
              4716024.8149,
              2250302.029100001
            ],
            [
              4716025.6101,
              2250309.325200001
            ],
            [
              4716039.6651,
              2250390.314099999
            ],
            [
              4716062.8016,
              2250513.6120999996
            ],
            [
              4716065.6,
              2250527.3366
            ],
            [
              4716078.881,
              2250614.1073000003
            ],
            [
              4716102.3614,
              2250720.8883999996
            ],
            [
              4716103.6518,
              2250728.7838000003
            ],
            [
              4716127.6987,
              2250875.9093999993
            ],
            [
              4716134.1976,
              2250905.7841999996
            ],
            [
              4716160.5577,
              2251063.604800001
            ],
            [
              4716185.1657,
              2251194.7699999996
            ],
            [
              4716195.8544,
              2251240.370100001
            ],
            [
              4716215.6428,
              2251349.7324
            ],
            [
              4716230.6304,
              2251433.8277000003
            ],
            [
              4716232.9068,
              2251449.494999999
            ],
            [
              4716235.4337,
              2251466.8862999994
            ],
            [
              4716272.3928,
              2251627.7093
            ],
            [
              4716299.8857,
              2251749.7994999997
            ],
            [
              4716299.7561,
              2251749.814099999
            ],
            [
              4716217.9166,
              2251759.0495999996
            ],
            [
              4716224.645,
              2251776.9354999997
            ],
            [
              4716224.919,
              2251783.887700001
            ],
            [
              4716225.4033,
              2251796.1779999994
            ],
            [
              4716250.2876,
              2251816.0766000003
            ],
            [
              4716274.7786,
              2251825.946799999
            ],
            [
              4716301.2972,
              2251856.9766000006
            ],
            [
              4716314.0883,
              2251931.5086000003
            ],
            [
              4716334.1155,
              2252021.9427000005
            ],
            [
              4716349.7498,
              2252098.8938999996
            ],
            [
              4716355.3601,
              2252125.4694
            ],
            [
              4716360.9818,
              2252157.600400001
            ],
            [
              4716367.8085,
              2252196.8717
            ],
            [
              4716374.9684,
              2252255.6965999994
            ],
            [
              4716373.3641,
              2252267.0973000005
            ],
            [
              4716342.6702,
              2252259.8367
            ],
            [
              4716334.7357,
              2252266.8440000005
            ],
            [
              4716314.7807,
              2252260.1944999993
            ],
            [
              4716313.3067,
              2252253.012
            ],
            [
              4716291.7345,
              2252255.1086
            ],
            [
              4716250.627,
              2252268.4727999996
            ],
            [
              4716187.8443,
              2252375.851500001
            ],
            [
              4716163.3954,
              2252445.8772
            ],
            [
              4716150.6875,
              2252472.5967999995
            ],
            [
              4716157.6937,
              2252479.4202999994
            ],
            [
              4716139.9371,
              2252514.792199999
            ],
            [
              4716130.8068,
              2252531.9974000007
            ],
            [
              4716127.9358,
              2252537.5184000004
            ]
          ],
          [
            [
              4716127.9358,
              2252537.5184000004
            ],
            [
              4716117.3176,
              2252557.9375
            ]
          ],
          [
            [
              4716127.9358,
              2252537.5184000004
            ],
            [
              4716110.445,
              2252526.8827
            ],
            [
              4716088.5847,
              2252537.9404000007
            ],
            [
              4716042.9321,
              2252572.3430000003
            ],
            [
              4716024.0097,
              2252595.6641000006
            ],
            [
              4716024.3257,
              2252617.3665999994
            ],
            [
              4715985.0948,
              2252701.6066999994
            ],
            [
              4716006.3273,
              2252710.1503999997
            ],
            [
              4716038.5494,
              2252722.1711
            ]
          ]
        ]
      }
    },
    {
      "type": "Feature",
      "properties": {
        "objectid": 2,
        "corredor": "Parque Norte",
        "municipio": "Medellín",
        "comuna": "4",
        "nom_comuna": "Aranjuez",
        "estado": "Construida",
        "anio_construido": "2007",
        "ente_constructor": "SIF",
        "ubicacion": "Via Arteria",
        "tipo": "Ciclorruta",
        "nombre_ciclorruta": "SA 04 02 Parque Norte",
        "tipologia_redciclista": "Bidireccional en andén",
        "longitud": 434.77959798,
        "st_length(shape)": 434.7795979776305
      },
      "geometry": {
        "type": "LineString",
        "coordinates": [
          [
            4715901.3729,
            2252053.2765999995
          ],
          [
            4715932.6425,
            2252065.0692
          ],
          [
            4715962.3775,
            2252057.2914000005
          ],
          [
            4716225.4033,
            2251796.1779999994
          ]
        ]
      }
    },
    {
      "type": "Feature",
      "properties": {
        "objectid": 3,
        "corredor": "Anillo Jardín Botánico",
        "municipio": "Medellín",
        "comuna": "4",
        "nom_comuna": "Aranjuez",
        "estado": "Construida",
        "anio_construido": "2007",
        "ente_constructor": "SIF",
        "ubicacion": "Via Arteria",
        "tipo": "Ciclorruta",
        "nombre_ciclorruta": "SA 04 03 Anillo Jardín Botánico",
        "tipologia_redciclista": "Bidireccional en andén",
        "longitud": 1254.49495893,
        "st_length(shape)": 1254.494958934311
      },
      "geometry": {
        "type": "LineString",
        "coordinates": [
          [
            4716299.7561,
            2251749.814099999
          ],
          [
            4716316.9173,
            2251841.965
          ],
          [
            4716538.9234,
            2251792.8739
          ],
          [
            4716574.1659,
            2251786.1304
          ],
          [
            4716590.1825,
            2251710.8808999993
          ],
          [
            4716611.9538,
            2251620.3609999996
          ],
          [
            4716621.6354,
            2251568.4897000007
          ],
          [
            4716619.8468,
            2251470.6108
          ],
          [
            4716627.0965,
            2251377.2114000004
          ],
          [
            4716630.4781,
            2251321.7792000007
          ],
          [
            4716622.1226,
            2251310.6482999995
          ],
          [
            4716609.0939,
            2251317.1273999996
          ],
          [
            4716549.4755,
            2251341.1272
          ],
          [
            4716457.9968,
            2251367.7700999994
          ],
          [
            4716376.0559,
            2251401.2716000006
          ],
          [
            4716232.9068,
            2251449.494999999
          ]
        ]
      }
    },
    {
      "type": "Feature",
      "properties": {
        "objectid": 4,
        "corredor": "Puente de la Madre Laura Tramo 2",
        "municipio": "Medellín",
        "comuna": "5",
        "nom_comuna": "Castilla",
        "estado": "Construida",
        "anio_construido": "2015",
        "ente_constructor": "SIF",
        "ubicacion": "Via Arteria",
        "tipo": "Ciclorruta",
        "nombre_ciclorruta": "SA 04 06 Puente de la Madre Laura",
        "tipologia_redciclista": "Unidireccional en andén",
        "longitud": 1375.71728255,
        "st_length(shape)": 1375.7172825471052
      },
      "geometry": {
        "type": "MultiLineString",
        "coordinates": [
          [
            [
              4716529.2161,
              2253174.2251999993
            ],
            [
              4716528.5607,
              2253183.8061999995
            ],
            [
              4716530.5918,
              2253206.553099999
            ],
            [
              4716527.4399,
              2253211.1560999993
            ],
            [
              4716529.4246,
              2253219.7880000006
            ],
            [
              4716525.0136,
              2253235.987400001
            ],
            [
              4716518.7421,
              2253273.619000001
            ],
            [
              4716511.8457,
              2253277.6411000006
            ],
            [
              4716507.4835,
              2253279.039000001
            ],
            [
              4716502.2594,
              2253279.3804
            ],
            [
              4716498.2601,
              2253278.8593000006
            ],
            [
              4716493.9647,
              2253276.9123
            ],
            [
              4716477.3635,
              2253265.609099999
            ],
            [
              4716459.851,
              2253257.5119000003
            ],
            [
              4716441.6388,
              2253252.0469000004
            ],
            [
              4716424.0646,
              2253248.061899999
            ],
            [
              4716408.2389,
              2253247.180400001
            ],
            [
              4716399.35,
              2253247.1193000004
            ],
            [
              4716398.164,
              2253249.291099999
            ],
            [
              4716395.1384,
              2253257.3660000004
            ],
            [
              4716387.7789,
              2253265.5461999997
            ],
            [
              4716383.4235,
              2253270.184699999
            ],
            [
              4716373.7869,
              2253279.5961000007
            ],
            [
              4716370.629,
              2253287.6712999996
            ],
            [
              4716369.5969,
              2253300.3717
            ],
            [
              4716370.9424,
              2253311.3476
            ],
            [
              4716373.3464,
              2253322.5858999994
            ],
            [
              4716378.453,
              2253335.8292999994
            ],
            [
              4716371.4762,
              2253339.3356999997
            ],
            [
              4716362.6994,
              2253342.3167000003
            ],
            [
              4716357.8627,
              2253331.6919
            ],
            [
              4716354.5117,
              2253323.1274999995
            ],
            [
              4716349.5667,
              2253311.232999999
            ],
            [
              4716345.2669,
              2253304.4165000003
            ],
            [
              4716338.4273,
              2253297.4465999994
            ],
            [
              4716331.5911,
              2253292.2226
            ],
            [
              4716318.4029,
              2253285.5832
            ],
            [
              4716310.1471,
              2253284.6478000004
            ],
            [
              4716299.9876,
              2253284.1927000005
            ],
            [
              4716291.4367,
              2253286.482000001
            ],
            [
              4716287.0475,
              2253288.8356999997
            ],
            [
              4716275.7857,
              2253292.668400001
            ],
            [
              4716266.4195,
              2253292.0527999997
            ],
            [
              4716248.9632,
              2253293.9935
            ],
            [
              4716240.8737,
              2253296.7084999997
            ],
            [
              4716228.5034,
              2253301.8134000003
            ],
            [
              4716209.3139,
              2253309.9481000006
            ],
            [
              4716195.8346,
              2253316.0076
            ],
            [
              4716174.4246,
              2253324.9405000005
            ],
            [
              4716134.9369,
              2253342.3234
            ],
            [
              4716118.4466,
              2253350.7700999994
            ],
            [
              4716106.8728,
              2253357.3016999997
            ],
            [
              4716088.1806,
              2253369.8006999996
            ],
            [
              4716066.9363,
              2253387.8599999994
            ],
            [
              4716063.3006,
              2253391.7959000003
            ],
            [
              4716060.62,
              2253402.0792999994
            ],
            [
              4716060.8516,
              2253406.3944000006
            ]
          ],
          [
            [
              4716060.8516,
              2253406.3944000006
            ],
            [
              4716063.9555,
              2253405.6926000006
            ],
            [
              4716065.7626,
              2253413.0945999995
            ],
            [
              4716066.7966,
              2253416.2694000006
            ],
            [
              4716070.0014,
              2253419.8211000003
            ],
            [
              4716073.9186,
              2253422.2401
            ],
            [
              4716078.6542,
              2253423.8713000007
            ],
            [
              4716083.3807,
              2253424.4031000007
            ],
            [
              4716087.8418,
              2253424.158
            ],
            [
              4716088.871,
              2253424.854699999
            ],
            [
              4716088.7087,
              2253426.276900001
            ],
            [
              4716087.6185,
              2253426.8413999993
            ],
            [
              4716084.1134,
              2253427.0931
            ],
            [
              4716081.8811,
              2253427.3949999996
            ],
            [
              4716075.7456,
              2253426.204500001
            ],
            [
              4716070.9086,
              2253424.2411
            ],
            [
              4716064.6298,
              2253417.8161999993
            ],
            [
              4716062.4259,
              2253413.5337000005
            ],
            [
              4716061.0502,
              2253410.0911
            ],
            [
              4716060.8783,
              2253406.892000001
            ],
            [
              4716060.8516,
              2253406.3944000006
            ]
          ],
          [
            [
              4716060.8516,
              2253406.3944000006
            ],
            [
              4716047.4198,
              2253409.4310999997
            ],
            [
              4716049.8242,
              2253420.7752
            ],
            [
              4716051.9761,
              2253425.2150999997
            ],
            [
              4716056.665,
              2253428.3006999996
            ],
            [
              4716061.1172,
              2253432.101
            ],
            [
              4716063.1051,
              2253433.9222999997
            ],
            [
              4716062.9295,
              2253435.9208000004
            ],
            [
              4716061.8796,
              2253439.8912000004
            ],
            [
              4716058.6036,
              2253442.0672999993
            ],
            [
              4716054.9535,
              2253443.2338999994
            ],
            [
              4716048.8912,
              2253440.3676999994
            ],
            [
              4716043.6717,
              2253439.2005000003
            ],
            [
              4716038.0465,
              2253441.183700001
            ],
            [
              4716035.5145,
              2253443.2578999996
            ],
            [
              4716032.333,
              2253444.2238
            ],
            [
              4716026.0199,
              2253446.2348999996
            ],
            [
              4716022.8949,
              2253447.2590999994
            ],
            [
              4716020.0756,
              2253450.0831000004
            ],
            [
              4716018.3868,
              2253454.8873999994
            ],
            [
              4716016.2522,
              2253458.8598999996
            ],
            [
              4716002.3799,
              2253464.1405999996
            ],
            [
              4715994.4556,
              2253470.1094000004
            ],
            [
              4715980.7222,
              2253481.2487000003
            ],
            [
              4715956.0578,
              2253493.1843999997
            ],
            [
              4715941.6325,
              2253501.1626999993
            ],
            [
              4715936.5704,
              2253494.6994000003
            ],
            [
              4715944.7613,
              2253489.7884
            ],
            [
              4715955.7399,
              2253483.337200001
            ],
            [
              4715960.6752,
              2253480.886600001
            ],
            [
              4715971.9759,
              2253473.0079999994
            ],
            [
              4715980.8842,
              2253466.7973999996
            ],
            [
              4715982.8456,
              2253465.4244
            ],
            [
              4715983.9531,
              2253463.491800001
            ],
            [
              4715983.4732,
              2253461.8913000003
            ],
            [
              4715982.3208,
              2253461.0999999996
            ],
            [
              4715981.0124,
              2253461.6515999995
            ],
            [
              4715977.1028,
              2253464.4110000003
            ],
            [
              4715935.6768,
              2253491.1630000006
            ],
            [
              4715892.5438,
              2253511.1459
            ],
            [
              4715849.6169,
              2253528.4828999992
            ],
            [
              4715825.5089,
              2253537.5273
            ],
            [
              4715812.6184,
              2253543.3105999995
            ],
            [
              4715802.3195,
              2253548.208900001
            ],
            [
              4715794.5362,
              2253553.2524999995
            ],
            [
              4715787.1754,
              2253559.4377999995
            ],
            [
              4715782.3944,
              2253564.4177
            ],
            [
              4715768.3578,
              2253584.6422000006
            ],
            [
              4715756.8336,
              2253610.1728000008
            ],
            [
              4715746.8183,
              2253620.5637999997
            ],
            [
              4715730.3129,
              2253634.855799999
            ]
          ]
        ]
      }
    },
    {
      "type": "Feature",
      "properties": {
        "objectid": 5,
        "corredor": "Parque Circuito Pedregal",
        "municipio": "Medellín",
        "comuna": "6",
        "nom_comuna": "Doce Octubre",
        "estado": "Construida",
        "anio_construido": "2007",
        "ente_constructor": "SIF",
        "ubicacion": "Parque lineal",
        "tipo": "Ciclorruta",
        "nombre_ciclorruta": "SA 06 01 Parque Circuito Pedregal",
        "tipologia_redciclista": "Bidireccional en andén",
        "longitud": 550.62366257,
        "st_length(shape)": 550.623662571804
      },
      "geometry": {
        "type": "LineString",
        "coordinates": [
          [
            4715638.3083,
            2255298.850299999
          ],
          [
            4715639.0823,
            2255289.3249999993
          ],
          [
            4715640.8847,
            2255278.2103000004
          ],
          [
            4715642.2147,
            2255268.9219000004
          ],
          [
            4715640.5434,
            2255266.7030999996
          ],
          [
            4715638.4762,
            2255264.882099999
          ],
          [
            4715634.9687,
            2255265.2127
          ],
          [
            4715630.6278,
            2255269.1045999993
          ],
          [
            4715625.5643,
            2255276.734099999
          ],
          [
            4715616.6935,
            2255291.455499999
          ],
          [
            4715600.6566,
            2255291.2302
          ],
          [
            4715579.5329,
            2255273.8642999995
          ],
          [
            4715566.8156,
            2255267.534600001
          ],
          [
            4715539.7875,
            2255248.7303
          ],
          [
            4715531.1899,
            2255240.229699999
          ],
          [
            4715521.0365,
            2255242.7904000003
          ],
          [
            4715516.4929,
            2255243.573999999
          ],
          [
            4715500.8298,
            2255232.2766999993
          ],
          [
            4715484.103,
            2255222.3378
          ],
          [
            4715477.4868,
            2255221.1610000003
          ],
          [
            4715467.1637,
            2255218.4046
          ],
          [
            4715461.9174,
            2255217.8871999998
          ],
          [
            4715457.4206,
            2255218.1610000003
          ],
          [
            4715455.3063,
            2255219.1575000007
          ],
          [
            4715454.5141,
            2255219.886600001
          ],
          [
            4715454.5831,
            2255221.2753999997
          ],
          [
            4715454.9163,
            2255222.4650999997
          ],
          [
            4715456.439,
            2255223.1895000003
          ],
          [
            4715461.9703,
            2255223.6735999994
          ],
          [
            4715470.9364,
            2255223.9612000007
          ],
          [
            4715480.7148,
            2255231.8770000003
          ],
          [
            4715495.7269,
            2255239.7717000004
          ],
          [
            4715515.1889,
            2255248.3292999994
          ],
          [
            4715526.0356,
            2255248.439200001
          ],
          [
            4715542.7256,
            2255259.780200001
          ],
          [
            4715561.4943,
            2255274.147500001
          ],
          [
            4715570.0128,
            2255278.5067
          ],
          [
            4715576.6361,
            2255283.1227
          ],
          [
            4715587.6312,
            2255291.0363999996
          ],
          [
            4715596.2421,
            2255297.3676999994
          ],
          [
            4715599.8181,
            2255299.6088999994
          ],
          [
            4715608.7777,
            2255301.7047000006
          ],
          [
            4715607.9855,
            2255320.6231999993
          ],
          [
            4715609.2316,
            2255323.0285
          ],
          [
            4715612.0918,
            2255322.9257999994
          ],
          [
            4715614.6284,
            2255323.0174000002
          ],
          [
            4715616.9483,
            2255320.2470999993
          ],
          [
            4715617.9754,
            2255304.0929000005
          ],
          [
            4715620.5029,
            2255300.4301999994
          ],
          [
            4715624.7056,
            2255299.8564
          ],
          [
            4715633.2231,
            2255321.3836000003
          ],
          [
            4715636.3756,
            2255323.6954999994
          ],
          [
            4715639.0743,
            2255323.8486
          ],
          [
            4715641.6901,
            2255322.2558999993
          ],
          [
            4715642.8746,
            2255319.396299999
          ],
          [
            4715641.8282,
            2255312.335000001
          ],
          [
            4715639.8263,
            2255303.6885
          ],
          [
            4715638.3083,
            2255298.850299999
          ]
        ]
      }
    },
    {
      "type": "Feature",
      "properties": {
        "objectid": 6,
        "corredor": "Quebrada La Quintana Tramo 1",
        "municipio": "Medellín",
        "comuna": "7",
        "nom_comuna": "Robledo",
        "estado": "Construida",
        "anio_construido": "2007",
        "ente_constructor": "SIF",
        "ubicacion": "Vía de Servicio",
        "tipo": "Ciclorruta",
        "nombre_ciclorruta": "SA 05 02 Quebrada La Quintana Tramo 1",
        "tipologia_redciclista": "Bidireccional en andén",
        "longitud": 929.35708893,
        "st_length(shape)": 929.3570889306469
      },
      "geometry": {
        "type": "LineString",
        "coordinates": [
          [
            4715101.8976,
            2252895.6379000004
          ],
          [
            4715065.3388,
            2252917.8296000008
          ],
          [
            4715050.6804,
            2252930.4009000007
          ],
          [
            4715048.4133,
            2252942.0263
          ],
          [
            4715047.9319,
            2252956.6294
          ],
          [
            4715043.0429,
            2252975.236199999
          ],
          [
            4715043.5188,
            2252981.9813
          ],
          [
            4715039.3415,
            2252987.7535999995
          ],
          [
            4715029.404,
            2252992.5588000007
          ],
          [
            4715009.8532,
            2252995.2465000004
          ],
          [
            4714984.3077,
            2253000.0611000005
          ],
          [
            4714967.3189,
            2252997.7150999997
          ],
          [
            4714959.0387,
            2252996.8291999996
          ],
          [
            4714948.5919,
            2252999.1822999995
          ],
          [
            4714931.7925,
            2253011.7565
          ],
          [
            4714920.705,
            2253023.2079000007
          ],
          [
            4714910.5738,
            2253036.562000001
          ],
          [
            4714902.7249,
            2253045.1371999998
          ],
          [
            4714900.3584,
            2253052.294399999
          ],
          [
            4714897.8329,
            2253056.3663
          ],
          [
            4714894.5525,
            2253059.999500001
          ],
          [
            4714889.5862,
            2253062.8998000007
          ],
          [
            4714882.2032,
            2253062.7481999993
          ],
          [
            4714875.5252,
            2253057.4385
          ],
          [
            4714871.4132,
            2253049.528000001
          ],
          [
            4714870.3678,
            2253037.3148999996
          ],
          [
            4714868.8295,
            2253019.343699999
          ],
          [
            4714865.1516,
            2253014.1630000006
          ],
          [
            4714858.6281,
            2253015.522500001
          ],
          [
            4714856.1104,
            2253021.1761000007
          ],
          [
            4714857.0711,
            2253040.8355
          ],
          [
            4714857.2182,
            2253043.8461000007
          ],
          [
            4714857.2504,
            2253050.3719999995
          ],
          [
            4714855.6918,
            2253053.5533000007
          ],
          [
            4714852.9822,
            2253054.551000001
          ],
          [
            4714850.5353,
            2253054.622199999
          ],
          [
            4714848.2093,
            2253053.4453999996
          ],
          [
            4714847.7093,
            2253051.5284
          ],
          [
            4714845.8009,
            2253044.6503999997
          ],
          [
            4714843.1657,
            2253029.0842000004
          ],
          [
            4714841.7522,
            2253019.2924000006
          ],
          [
            4714843.3573,
            2253009.705499999
          ],
          [
            4714844.2461,
            2253007.7195999995
          ],
          [
            4714844.5283,
            2253000.2786
          ],
          [
            4714841.7649,
            2252991.157400001
          ],
          [
            4714839.641,
            2252987.5571999997
          ],
          [
            4714837.7493,
            2252985.5171000008
          ],
          [
            4714832.7541,
            2252983.3717
          ],
          [
            4714827.7926,
            2252982.786699999
          ],
          [
            4714822.1715,
            2252983.0297
          ],
          [
            4714820.0555,
            2252983.2325999998
          ],
          [
            4714812.915,
            2252984.3715000004
          ],
          [
            4714791.6008,
            2252987.2290000003
          ],
          [
            4714785.7077,
            2252987.6095000003
          ],
          [
            4714769.4438,
            2252990.9976000004
          ],
          [
            4714763.3614,
            2252992.2646999992
          ],
          [
            4714759.6032,
            2252993.0475999992
          ],
          [
            4714739.983,
            2253002.9143000003
          ],
          [
            4714733.5473,
            2253006.150800001
          ],
          [
            4714723.7791,
            2253016.624500001
          ],
          [
            4714714.0988,
            2253027.2322000004
          ],
          [
            4714704.3702,
            2253038.6207999997
          ],
          [
            4714698.71,
            2253045.2468999997
          ],
          [
            4714683.7793,
            2253063.2749000005
          ],
          [
            4714675.8868,
            2253071.7567999996
          ],
          [
            4714666.4354,
            2253081.1764
          ],
          [
            4714660.1274,
            2253087.3517000005
          ],
          [
            4714652.6616,
            2253094.6103000008
          ],
          [
            4714646.1464,
            2253100.9448000006
          ],
          [
            4714639.3142,
            2253108.782400001
          ],
          [
            4714634.3442,
            2253114.9713000003
          ],
          [
            4714629.6159,
            2253119.9078
          ],
          [
            4714611.2423,
            2253126.4803
          ],
          [
            4714608.8868,
            2253126.9738
          ],
          [
            4714600.4256,
            2253128.7465000004
          ],
          [
            4714595.7302,
            2253129.7303
          ],
          [
            4714591.0752,
            2253130.705600001
          ],
          [
            4714582.1174,
            2253126.525699999
          ],
          [
            4714573.7458,
            2253122.7705000006
          ],
          [
            4714567.8693,
            2253120.2125000004
          ],
          [
            4714561.3772,
            2253127.9098000005
          ],
          [
            4714560.8203,
            2253136.1642000005
          ],
          [
            4714548.3878,
            2253144.4882999994
          ],
          [
            4714545.4024,
            2253145.5237000007
          ],
          [
            4714529.9782,
            2253150.902899999
          ],
          [
            4714511.5047,
            2253160.0045
          ],
          [
            4714502.7918,
            2253167.7095
          ],
          [
            4714490.3214,
            2253168.3684
          ],
          [
            4714481.423,
            2253168.4123
          ],
          [
            4714477.8359,
            2253163.7069000006
          ]
        ]
      }
    },
    {
      "type": "Feature",
      "properties": {
        "objectid": 7,
        "corredor": "Circuito La Playita",
        "municipio": "Medellín",
        "comuna": "5",
        "nom_comuna": "Castilla",
        "estado": "Construida",
        "anio_construido": "2007",
        "ente_constructor": "SIF",
        "ubicacion": "Parque lineal",
        "tipo": "Ciclorruta",
        "nombre_ciclorruta": "SA 05 03 Circuito La Playita",
        "tipologia_redciclista": "Bidireccional en andén",
        "longitud": 253.98710868,
        "st_length(shape)": 253.98710867878205
      },
      "geometry": {
        "type": "LineString",
        "coordinates": [
          [
            4716994.9494,
            2255919.4422999993
          ],
          [
            4717011.0083,
            2255913.456700001
          ],
          [
            4717036.384,
            2255903.4175000004
          ],
          [
            4717053.3669,
            2255896.5041000005
          ],
          [
            4717055.2055,
            2255896.5002999995
          ],
          [
            4717057.4038,
            2255897.7523999996
          ],
          [
            4717058.6007,
            2255900.8584000003
          ],
          [
            4717058.8705,
            2255903.3709999993
          ],
          [
            4717057.4855,
            2255905.2918
          ],
          [
            4717055.0658,
            2255905.7069000006
          ],
          [
            4717049.3535,
            2255906.671
          ],
          [
            4717042.5587,
            2255910.6402000003
          ],
          [
            4717031.2878,
            2255914.2350999992
          ],
          [
            4717017.0233,
            2255916.7386000007
          ],
          [
            4717008.5167,
            2255920.0711000003
          ],
          [
            4717002.4087,
            2255925.339400001
          ],
          [
            4716995.4397,
            2255932.6553000007
          ],
          [
            4716989.738,
            2255938.6988999993
          ],
          [
            4716986.7321,
            2255943.467
          ],
          [
            4716979.4306,
            2255952.4766000006
          ],
          [
            4716970.7665,
            2255958.7731999997
          ],
          [
            4716962.1666,
            2255957.7326999996
          ],
          [
            4716958.7769,
            2255955.0746
          ],
          [
            4716955.6628,
            2255946.8998000007
          ],
          [
            4716955.3889,
            2255942.4031000007
          ],
          [
            4716956.4425,
            2255940.1522000004
          ],
          [
            4716959.215,
            2255937.633300001
          ],
          [
            4716964.7626,
            2255933.7859000005
          ],
          [
            4716972.1624,
            2255930.1992000006
          ],
          [
            4716979.7116,
            2255925.8626000006
          ],
          [
            4716988.434,
            2255922.1938000005
          ],
          [
            4716994.9363,
            2255919.482000001
          ]
        ]
      }
    },
    {
      "type": "Feature",
      "properties": {
        "objectid": 8,
        "corredor": "Parque Juanes de la Paz",
        "municipio": "Medellín",
        "comuna": "5",
        "nom_comuna": "Castilla",
        "estado": "Construida",
        "anio_construido": "2007",
        "ente_constructor": "SIF",
        "ubicacion": "Via Arteria",
        "tipo": "Ciclorruta",
        "nombre_ciclorruta": "SA 05 04 Parque Juanes de la Paz",
        "tipologia_redciclista": "Bidireccional en andén",
        "longitud": 2815.15158417,
        "st_length(shape)": 2815.151584166455
      },
      "geometry": {
        "type": "MultiLineString",
        "coordinates": [
          [
            [
              4716035.7437,
              2253350.0132
            ],
            [
              4716038.6568,
              2253349.735200001
            ],
            [
              4716041.4731,
              2253349.2136000004
            ],
            [
              4716046.5096,
              2253347.6159000006
            ],
            [
              4716060.6886,
              2253340.6643000003
            ],
            [
              4716082.6171,
              2253326.8406000007
            ],
            [
              4716103.0961,
              2253315.4228000008
            ],
            [
              4716124.1079,
              2253305.855799999
            ],
            [
              4716160.0546,
              2253290.4378999993
            ],
            [
              4716183.3143,
              2253280.4693
            ],
            [
              4716208.6886,
              2253269.7029
            ],
            [
              4716230.4939,
              2253260.0019000005
            ],
            [
              4716240.5344,
              2253254.0288999993
            ],
            [
              4716254.2682,
              2253243.0218
            ],
            [
              4716262.981,
              2253234.670600001
            ],
            [
              4716270.1148,
              2253230.2908999994
            ],
            [
              4716277.5155,
              2253227.1010999996
            ],
            [
              4716289.8118,
              2253224.5625
            ],
            [
              4716304.0992,
              2253225.4590000007
            ],
            [
              4716314.0145,
              2253222.9253000002
            ],
            [
              4716320.7235,
              2253217.2083
            ],
            [
              4716325.2342,
              2253211.4935
            ],
            [
              4716331.0377,
              2253203.4460000005
            ],
            [
              4716334.8584,
              2253192.789999999
            ],
            [
              4716335.3122,
              2253181.9956
            ],
            [
              4716331.3237,
              2253171.3683
            ],
            [
              4716328.282,
              2253163.2641000003
            ],
            [
              4716313.9851,
              2253154.1032
            ],
            [
              4716321.4223,
              2253141.1756999996
            ],
            [
              4716342.2998,
              2253155.4527000003
            ],
            [
              4716347.8063,
              2253159.9065000005
            ],
            [
              4716352.4303,
              2253170.0556000005
            ],
            [
              4716353.0358,
              2253178.075200001
            ],
            [
              4716354.6849,
              2253185.7651000004
            ],
            [
              4716356.2872,
              2253193.0633000005
            ],
            [
              4716360.4293,
              2253200.3563
            ],
            [
              4716370.9604,
              2253207.7948000003
            ],
            [
              4716380.9313,
              2253213.0122999996
            ],
            [
              4716393.4818,
              2253218.272500001
            ],
            [
              4716400.5295,
              2253217.010500001
            ],
            [
              4716408.4618,
              2253214.9836
            ],
            [
              4716420.4121,
              2253211.467
            ],
            [
              4716428.1256,
              2253209.7235000003
            ],
            [
              4716434.6928,
              2253209.1095000003
            ],
            [
              4716447.5177,
              2253210.2795
            ],
            [
              4716466.3895,
              2253215.261
            ],
            [
              4716474.7813,
              2253215.6603999995
            ],
            [
              4716490.9287,
              2253216.467
            ],
            [
              4716514.2642,
              2253217.1432000007
            ],
            [
              4716527.4399,
              2253211.1560999993
            ]
          ],
          [
            [
              4716035.7437,
              2253350.0132
            ],
            [
              4716035.7926,
              2253347.0364999995
            ],
            [
              4716036.2493,
              2253344.2437999994
            ],
            [
              4716037.5011,
              2253341.675899999
            ],
            [
              4716037.5634,
              2253339.8238999993
            ],
            [
              4716036.8339,
              2253338.8334
            ],
            [
              4716035.3769,
              2253337.9104999993
            ],
            [
              4716033.2608,
              2253338.0471
            ],
            [
              4716031.5403,
              2253337.5878
            ],
            [
              4716029.1573,
              2253336.5343999993
            ],
            [
              4716025.6434,
              2253332.375
            ],
            [
              4716021.6018,
              2253328.8781000003
            ],
            [
              4716019.2164,
              2253326.7006
            ],
            [
              4716015.9041,
              2253324.061899999
            ],
            [
              4716007.5701,
              2253323.6822999995
            ],
            [
              4715999.1061,
              2253324.4272000007
            ],
            [
              4715993.6832,
              2253324.6368000004
            ],
            [
              4715991.5022,
              2253325.3687999994
            ],
            [
              4715992.1703,
              2253328.6082000006
            ],
            [
              4715995.2226,
              2253333.4298
            ],
            [
              4716000.0236,
              2253338.8362000007
            ],
            [
              4716009.6484,
              2253345.3445999995
            ],
            [
              4716018.1387,
              2253348.587099999
            ],
            [
              4716023.8026,
              2253349.8453
            ],
            [
              4716032.7057,
              2253350.303099999
            ],
            [
              4716035.7437,
              2253350.0132
            ]
          ],
          [
            [
              4716001.9828,
              2253381.3017999995
            ],
            [
              4716001.5169,
              2253376.9941000007
            ],
            [
              4715999.1211,
              2253369.7902000006
            ],
            [
              4715994.3411,
              2253361.003799999
            ],
            [
              4715991.0252,
              2253361.9169999994
            ],
            [
              4715993.8798,
              2253370.645199999
            ],
            [
              4715997.0929,
              2253380.469799999
            ],
            [
              4716001.9828,
              2253381.3017999995
            ]
          ],
          [
            [
              4716001.9828,
              2253381.3017999995
            ],
            [
              4716013.8314,
              2253383.3179
            ],
            [
              4716020.7069,
              2253381.9810000006
            ],
            [
              4716026.1242,
              2253379.059800001
            ],
            [
              4716032.3274,
              2253372.4332999997
            ],
            [
              4716035.5247,
              2253363.3575999998
            ],
            [
              4716035.7437,
              2253350.0132
            ]
          ],
          [
            [
              4715771.2372,
              2253520.0480000004
            ],
            [
              4715763.3807,
              2253501.0779999997
            ],
            [
              4715756.2267,
              2253486.7337999996
            ],
            [
              4715747.4578,
              2253481.5781999994
            ],
            [
              4715738.0651,
              2253484.6108
            ],
            [
              4715734.4839,
              2253486.9354999997
            ],
            [
              4715732.3763,
              2253491.2387000006
            ],
            [
              4715731.1366,
              2253499.3762
            ],
            [
              4715730.8199,
              2253506.1888999995
            ],
            [
              4715733.2107,
              2253510.945800001
            ],
            [
              4715735.475,
              2253513.8114
            ],
            [
              4715742.1484,
              2253515.424799999
            ],
            [
              4715754.653,
              2253517.7138
            ],
            [
              4715771.2372,
              2253520.0480000004
            ]
          ],
          [
            [
              4715771.2372,
              2253520.0480000004
            ],
            [
              4715774.103,
              2253520.4514000006
            ],
            [
              4715794.0782,
              2253521.3362000007
            ],
            [
              4715821.2525,
              2253517.4441
            ],
            [
              4715847.7547,
              2253508.7379
            ],
            [
              4715861.4343,
              2253503.1417999994
            ],
            [
              4715865.0678,
              2253501.1502
            ],
            [
              4715865.1948,
              2253498.6367000006
            ],
            [
              4715865.1108,
              2253489.9729999993
            ],
            [
              4715881.3727,
              2253486.169500001
            ],
            [
              4715909.3282,
              2253476.2575000003
            ],
            [
              4715923.9972,
              2253469.7458999995
            ],
            [
              4715943.129,
              2253457.6095000003
            ],
            [
              4715949.179,
              2253452.460000001
            ],
            [
              4715963.5192,
              2253440.2540000007
            ],
            [
              4715976.4228,
              2253427.5084000006
            ],
            [
              4715992.3921,
              2253410.0814999994
            ],
            [
              4715997.9987,
              2253402.7949
            ],
            [
              4716001.7494,
              2253393.527899999
            ],
            [
              4716002.4608,
              2253385.7223000005
            ],
            [
              4716001.9828,
              2253381.3017999995
            ]
          ],
          [
            [
              4715730.3129,
              2253634.855799999
            ],
            [
              4715747.2832,
              2253671.1665000003
            ],
            [
              4715758.7401,
              2253705.289000001
            ],
            [
              4715776.2289,
              2253750.6641000006
            ],
            [
              4715794.3113,
              2253804.2216
            ],
            [
              4715816.0049,
              2253871.919500001
            ],
            [
              4715823.8886,
              2253899.644099999
            ],
            [
              4715834.725,
              2253942.6185
            ],
            [
              4715847.5096,
              2253999.1886
            ],
            [
              4715861.7722,
              2254063.7151999995
            ],
            [
              4715884.1382,
              2254110.6149000004
            ],
            [
              4715909.4662,
              2254152.1907
            ],
            [
              4715950.0735,
              2254217.4727
            ],
            [
              4715997.4859,
              2254263.291200001
            ],
            [
              4716009.9387,
              2254272.524700001
            ],
            [
              4716015.4977,
              2254274.2326999996
            ],
            [
              4716018.2733,
              2254273.1689
            ],
            [
              4716016.8319,
              2254266.6982000005
            ],
            [
              4715997.6282,
              2254210.1598000005
            ],
            [
              4715979.2156,
              2254156.935900001
            ],
            [
              4715952.9134,
              2254074.7706000004
            ],
            [
              4715924.5388,
              2253988.7350999992
            ],
            [
              4715916.1736,
              2253973.2763
            ],
            [
              4715899.7024,
              2253939.7127
            ],
            [
              4715894.0553,
              2253921.6425
            ],
            [
              4715875.171,
              2253865.173800001
            ],
            [
              4715863.0987,
              2253829.0748999994
            ],
            [
              4715853.5362,
              2253800.2180000003
            ],
            [
              4715847.6501,
              2253778.3134000003
            ],
            [
              4715836.074,
              2253745.136600001
            ],
            [
              4715825.0207,
              2253709.0485999994
            ],
            [
              4715814.8458,
              2253677.8321
            ],
            [
              4715799.9595,
              2253624.8933000006
            ],
            [
              4715782.3944,
              2253564.4177
            ],
            [
              4715781.8336,
              2253562.4870999996
            ],
            [
              4715776.5215,
              2253540.0591
            ],
            [
              4715772.3412,
              2253522.7138
            ],
            [
              4715771.2372,
              2253520.0480000004
            ]
          ]
        ]
      }
    },
    {
      "type": "Feature",
      "properties": {
        "objectid": 9,
        "corredor": "Unidad Deportiva Castilla",
        "municipio": "Medellín",
        "comuna": "5",
        "nom_comuna": "Castilla",
        "estado": "Construida",
        "anio_construido": "2007",
        "ente_constructor": "SIF",
        "ubicacion": "Parque lineal",
        "tipo": "Ciclorruta",
        "nombre_ciclorruta": "SA 05 05 Unidad Deportiva Castilla",
        "tipologia_redciclista": "Bidireccional en andén",
        "longitud": 636.29114977,
        "st_length(shape)": 636.2911497705649
      },
      "geometry": {
        "type": "LineString",
        "coordinates": [
          [
            4715619.9782,
            2254654.5818000007
          ],
          [
            4715614.2931,
            2254662.6899999995
          ],
          [
            4715611.9187,
            2254665.8695
          ],
          [
            4715605.571,
            2254666.5439999998
          ],
          [
            4715602.1275,
            2254664.434699999
          ],
          [
            4715602.5167,
            2254660.7302
          ],
          [
            4715606.6138,
            2254659.1345000006
          ],
          [
            4715619.9782,
            2254654.5818000007
          ],
          [
            4715576.5397,
            2254554.352499999
          ],
          [
            4715565.7931,
            2254529.6284999996
          ],
          [
            4715548.6044,
            2254527.0382000003
          ],
          [
            4715533.3405,
            2254524.738
          ],
          [
            4715524.8259,
            2254515.0186
          ],
          [
            4715526.151,
            2254502.1339999996
          ],
          [
            4715521.3261,
            2254471.5886000004
          ],
          [
            4715520.8981,
            2254456.5101999994
          ],
          [
            4715523.7674,
            2254446.1028000005
          ],
          [
            4715539.1336,
            2254442.4875000007
          ],
          [
            4715546.316,
            2254466.7750000004
          ],
          [
            4715551.9312,
            2254495.7315999996
          ],
          [
            4715554.7451,
            2254513.185900001
          ],
          [
            4715548.6044,
            2254527.0382000003
          ],
          [
            4715547.1397,
            2254530.3422999997
          ],
          [
            4715534.9146,
            2254552.1240999997
          ],
          [
            4715541.0667,
            2254582.2114000004
          ],
          [
            4715553.6059,
            2254607.5822
          ],
          [
            4715574.2336,
            2254655.4229000006
          ],
          [
            4715574.7206,
            2254660.6598000005
          ],
          [
            4715568.4469,
            2254662.7052999996
          ],
          [
            4715555.3359,
            2254667.8117999993
          ],
          [
            4715534.3995,
            2254675.4740999993
          ],
          [
            4715533.9871,
            2254680.7657999992
          ],
          [
            4715538.3495,
            2254681.8922000006
          ],
          [
            4715548.3754,
            2254679.2546999995
          ],
          [
            4715554.7193,
            2254676.7018999998
          ],
          [
            4715561.9023,
            2254670.5494999997
          ],
          [
            4715564.6461,
            2254666.9460000005
          ],
          [
            4715568.4469,
            2254662.7052999996
          ]
        ]
      }
    },
    {
      "type": "Feature",
      "properties": {
        "objectid": 10,
        "corredor": "Av. Cra. 65 Tramo Puente Madre Laura",
        "municipio": "Medellín",
        "comuna": "5",
        "nom_comuna": "Castilla",
        "estado": "Construida",
        "anio_construido": "2016",
        "ente_constructor": "SIF",
        "ubicacion": "Via Arteria",
        "tipo": "Ciclorruta",
        "nombre_ciclorruta": "SA 05 07 Carrera 65 Tramo Puente Madre Laura",
        "tipologia_redciclista": "Bidireccional en andén",
        "longitud": 428.7256698,
        "st_length(shape)": 428.7256697963574
      },
      "geometry": {
        "type": "LineString",
        "coordinates": [
          [
            4715730.3129,
            2253634.855799999
          ],
          [
            4715727.905,
            2253628.6163
          ],
          [
            4715720.3959,
            2253595.5747999996
          ],
          [
            4715723.5577,
            2253550.3851999994
          ],
          [
            4715725.8593,
            2253523.2741
          ],
          [
            4715727.9066,
            2253511.9816999994
          ],
          [
            4715729.7944,
            2253490.7350999992
          ],
          [
            4715737.3334,
            2253448.333900001
          ],
          [
            4715735.3973,
            2253414.7178000007
          ],
          [
            4715710.66,
            2253335.7523
          ],
          [
            4715685.0851,
            2253266.5249000005
          ],
          [
            4715667.9227,
            2253220.0418999996
          ]
        ]
      }
    },
    {
      "type": "Feature",
      "properties": {
        "objectid": 11,
        "corredor": "Av. San Juan Tramo 2",
        "municipio": "Medellín",
        "comuna": "10",
        "nom_comuna": "La Candelaria",
        "estado": "Construida",
        "anio_construido": "2014",
        "ente_constructor": "SIF",
        "ubicacion": "Via Arteria",
        "tipo": "Ciclorruta",
        "nombre_ciclorruta": "SA 10 02 Av. San Juan Tramo 2",
        "tipologia_redciclista": "Bidireccional en andén",
        "longitud": 1832.72045972,
        "st_length(shape)": 1832.7204597157252
      },
      "geometry": {
        "type": "MultiLineString",
        "coordinates": [
          [
            [
              4715439.3536,
              2248827.7485000007
            ],
            [
              4715510.0253,
              2248802.3724000007
            ],
            [
              4715547.8296,
              2248789.5966999996
            ],
            [
              4715628.7046,
              2248752.1296999995
            ],
            [
              4715638.5154,
              2248748.0078999996
            ],
            [
              4715643.0606,
              2248746.0983000007
            ],
            [
              4715660.9452,
              2248735.3970999997
            ],
            [
              4715669.0874,
              2248730.899700001
            ],
            [
              4715734.8417,
              2248704.8812000006
            ],
            [
              4715746.709,
              2248700.1853
            ],
            [
              4715759.6004,
              2248696.4571
            ],
            [
              4715765.3423,
              2248706.0494999997
            ],
            [
              4715769.9199,
              2248712.905099999
            ],
            [
              4715779.6725,
              2248727.8057000004
            ],
            [
              4715792.567,
              2248746.072899999
            ],
            [
              4715806.0981,
              2248765.1984
            ],
            [
              4715823.6366,
              2248788.069700001
            ],
            [
              4715812.427,
              2248795.8834000006
            ],
            [
              4715821.5808,
              2248808.9596999995
            ],
            [
              4715826.8856,
              2248815.6948000006
            ],
            [
              4715845.9944,
              2248845.6819
            ],
            [
              4715866.8223,
              2248875.4009000007
            ],
            [
              4715883.0099,
              2248899.8384000007
            ],
            [
              4715901.639,
              2248925.7178000007
            ]
          ],
          [
            [
              4715439.3536,
              2248827.7485000007
            ],
            [
              4715373.6797,
              2248847.2479999997
            ],
            [
              4715297.6117,
              2248876.0875000004
            ],
            [
              4715239.982,
              2248896.5758999996
            ],
            [
              4715231.6547,
              2248899.5029000007
            ],
            [
              4715223.6721,
              2248906.4003
            ],
            [
              4715209.007,
              2248929.0133999996
            ],
            [
              4715181.5689,
              2248965.5774000008
            ],
            [
              4715181.3266,
              2248976.4244
            ],
            [
              4715173.9349,
              2248984.1114000008
            ],
            [
              4715162.6484,
              2248984.0353999995
            ],
            [
              4715151.0094,
              2248984.588300001
            ],
            [
              4715150.8191,
              2248974.276799999
            ],
            [
              4715139.7426,
              2248973.1034999993
            ],
            [
              4715136.8236,
              2248968.7444
            ],
            [
              4715123.9863,
              2248965.4639
            ],
            [
              4715119.0946,
              2248966.6643000003
            ],
            [
              4715107.9534,
              2248965.4963000007
            ],
            [
              4715102.6779,
              2248964.9529999997
            ],
            [
              4715090.2831,
              2248957.5634000003
            ],
            [
              4715074.9815,
              2248952.690300001
            ],
            [
              4715068.1261,
              2248954.161800001
            ],
            [
              4715078.8904,
              2248982.4255999997
            ],
            [
              4715070.9357,
              2248985.4509999994
            ],
            [
              4715055.5618,
              2248925.6241999995
            ],
            [
              4715044.9988,
              2248898.1482999995
            ],
            [
              4715032.2898,
              2248865.0901999995
            ],
            [
              4715048.0217,
              2248860.825099999
            ],
            [
              4715049.8855,
              2248866.6414
            ],
            [
              4715053.6146,
              2248879.0676000006
            ],
            [
              4715057.3367,
              2248888.0546000004
            ],
            [
              4715070.1218,
              2248865.8062999994
            ],
            [
              4715087.4245,
              2248840.5857999995
            ],
            [
              4715084.6467,
              2248827.681500001
            ],
            [
              4715101.5647,
              2248821.297700001
            ],
            [
              4715106.8492,
              2248818.112299999
            ],
            [
              4715109.9982,
              2248805.6192000005
            ],
            [
              4715117.4073,
              2248806.4505000003
            ],
            [
              4715131.3754,
              2248806.4219000004
            ],
            [
              4715131.4131,
              2248824.8345
            ],
            [
              4715131.2118,
              2248829.9142000005
            ],
            [
              4715164.6855,
              2248826.7073
            ],
            [
              4715172.8964,
              2248825.807600001
            ],
            [
              4715182.655,
              2248837.2161
            ],
            [
              4715193.2535,
              2248845.2367000002
            ],
            [
              4715201.7298,
              2248850.510399999
            ],
            [
              4715212.9505,
              2248852.3921000008
            ],
            [
              4715235.8543,
              2248848.7026000004
            ],
            [
              4715247.4491,
              2248843.1152999997
            ],
            [
              4715255.9415,
              2248836.8795
            ],
            [
              4715258.6275,
              2248834.3093
            ],
            [
              4715257.6632,
              2248828.4911
            ],
            [
              4715256.8069,
              2248823.7310000006
            ],
            [
              4715256.7999,
              2248820.3320000004
            ],
            [
              4715256.793,
              2248816.9585999995
            ],
            [
              4715258.472,
              2248810.0768999998
            ],
            [
              4715265.0237,
              2248805.6191000007
            ],
            [
              4715271.7382,
              2248807.8221000005
            ],
            [
              4715290.6902,
              2248812.817500001
            ],
            [
              4715310.0183,
              2248811.2591999993
            ],
            [
              4715326.1869,
              2248805.3879000004
            ],
            [
              4715346.384,
              2248798.362400001
            ],
            [
              4715396.6165,
              2248782.9157999996
            ],
            [
              4715418.9242,
              2248773.0287999995
            ],
            [
              4715439.3536,
              2248827.7485000007
            ]
          ]
        ]
      }
    },
    {
      "type": "Feature",
      "properties": {
        "objectid": 12,
        "corredor": "Calle 65 El Chagualo",
        "municipio": "Medellín",
        "comuna": "10",
        "nom_comuna": "La Candelaria",
        "estado": "Construida",
        "anio_construido": "2013",
        "ente_constructor": "SIF",
        "ubicacion": "Vía de Servicio",
        "tipo": "Ciclorruta",
        "nombre_ciclorruta": "SC 10 01 Calle 65 El Chagualo",
        "tipologia_redciclista": "Bidireccional en calzada",
        "longitud": 990.83929199,
        "st_length(shape)": 990.8392919890161
      },
      "geometry": {
        "type": "LineString",
        "coordinates": [
          [
            4716103.6518,
            2250728.7838000003
          ],
          [
            4716039.5492,
            2250737.4601000007
          ],
          [
            4715969.7968,
            2250749.5243999995
          ],
          [
            4715859.2321,
            2250771.3917999994
          ],
          [
            4715769.7851,
            2250795.083900001
          ],
          [
            4715707.0221,
            2250807.9342
          ],
          [
            4715583.1042,
            2250844.5307
          ],
          [
            4715570.3342,
            2250858.640900001
          ],
          [
            4715534.5238,
            2250864.490700001
          ],
          [
            4715501.1453,
            2250874.2443000004
          ],
          [
            4715490.5258,
            2250861.9411999993
          ],
          [
            4715474.7212,
            2250868.0568000004
          ],
          [
            4715420.8392,
            2250888.9068
          ],
          [
            4715360.9008,
            2250899.4876000006
          ],
          [
            4715350.7936,
            2250899.1169000007
          ],
          [
            4715332.467,
            2250917.6567
          ],
          [
            4715238.4551,
            2250943.7063999996
          ],
          [
            4715198.8669,
            2250945.8543999996
          ],
          [
            4715202.8331,
            2250987.2037000004
          ]
        ]
      }
    },
    {
      "type": "Feature",
      "properties": {
        "objectid": 13,
        "corredor": "Quebrada La Hueso Tramo 2 S",
        "municipio": "Medellín",
        "comuna": "11",
        "nom_comuna": "Laureles Estadio",
        "estado": "Construida",
        "anio_construido": "2003",
        "ente_constructor": "SIF",
        "ubicacion": "Arteria Menor",
        "tipo": "Ciclorruta",
        "nombre_ciclorruta": "SA 11 03 Quebrada La Hueso Tramo 2 S",
        "tipologia_redciclista": "Bidireccional en andén",
        "longitud": 1044.55743793,
        "st_length(shape)": 1044.5574379280365
      },
      "geometry": {
        "type": "LineString",
        "coordinates": [
          [
            4714342.6879,
            2249626.6437
          ],
          [
            4714340.0891,
            2249625.5229
          ],
          [
            4714335.9615,
            2249625.2139
          ],
          [
            4714330.0374,
            2249626.0725
          ],
          [
            4714298.7307,
            2249633.8616000004
          ],
          [
            4714284.2404,
            2249637.2775999997
          ],
          [
            4714261.4753,
            2249643.4353
          ],
          [
            4714260.4196,
            2249644.6280000005
          ],
          [
            4714260.0279,
            2249647.142000001
          ],
          [
            4714258.9752,
            2249649.855799999
          ],
          [
            4714227.9044,
            2249656.5332999993
          ],
          [
            4714201.2608,
            2249661.2837000005
          ],
          [
            4714174.2617,
            2249653.9316000007
          ],
          [
            4714119.736,
            2249640.022399999
          ],
          [
            4714067.9167,
            2249630.0229
          ],
          [
            4714009.8183,
            2249620.3223
          ],
          [
            4713980.9113,
            2249619.566400001
          ],
          [
            4713960.7713,
            2249628.6554000005
          ],
          [
            4713899.1152,
            2249666.0459000003
          ],
          [
            4713880.2619,
            2249670.2630000003
          ],
          [
            4713856.9462,
            2249672.5189999994
          ],
          [
            4713813.0311,
            2249672.6089999992
          ],
          [
            4713771.3409,
            2249672.7117
          ],
          [
            4713755.8589,
            2249672.7498000003
          ],
          [
            4713701.3921,
            2249673.102600001
          ],
          [
            4713677.6134,
            2249674.7915000003
          ],
          [
            4713671.5435,
            2249680.3115
          ],
          [
            4713666.0402,
            2249681.6406999994
          ],
          [
            4713636.2023,
            2249683.2892000005
          ],
          [
            4713604.6156,
            2249683.512700001
          ],
          [
            4713592.8598,
            2249678.7749000005
          ],
          [
            4713582.3457,
            2249673.611300001
          ],
          [
            4713548.4889,
            2249676.326199999
          ],
          [
            4713495.0739,
            2249688.0759999994
          ],
          [
            4713440.0757,
            2249706.5786000006
          ],
          [
            4713338.5344,
            2249741.4987000003
          ]
        ]
      }
    },
    {
      "type": "Feature",
      "properties": {
        "objectid": 14,
        "corredor": "Carrera 73 - 74",
        "municipio": "Medellín",
        "comuna": "11",
        "nom_comuna": "Laureles Estadio",
        "estado": "Construida",
        "anio_construido": "2003",
        "ente_constructor": "SIF",
        "ubicacion": "Vía Colectora",
        "tipo": "Ciclorruta",
        "nombre_ciclorruta": "SA 11 04 Carrera 73 - 74",
        "tipologia_redciclista": "Bidireccional en andén",
        "longitud": 1503.80518934,
        "st_length(shape)": 1503.8051893356362
      },
      "geometry": {
        "type": "LineString",
        "coordinates": [
          [
            4713394.1369,
            2248674.8652999997
          ],
          [
            4713389.7145,
            2248675.3608
          ],
          [
            4713384.3549,
            2248678.071900001
          ],
          [
            4713368.8639,
            2248697.0945999995
          ],
          [
            4713359.6936,
            2248708.355799999
          ],
          [
            4713344.6814,
            2248697.3588999994
          ],
          [
            4713335.0367,
            2248702.9343
          ],
          [
            4713334.0308,
            2248704.3082
          ],
          [
            4713328.4414,
            2248711.942399999
          ],
          [
            4713327.9296,
            2248720.4091
          ],
          [
            4713318.0939,
            2248735.2726000007
          ],
          [
            4713301.8715,
            2248755.7532
          ],
          [
            4713292.1461,
            2248759.7490999997
          ],
          [
            4713286.1248,
            2248767.1481
          ],
          [
            4713285.3788,
            2248776.1006000005
          ],
          [
            4713271.917,
            2248793.1469
          ],
          [
            4713255.5396,
            2248813.8850999996
          ],
          [
            4713246.8619,
            2248816.691400001
          ],
          [
            4713241.3677,
            2248824.1406999994
          ],
          [
            4713240.8458,
            2248828.0112999994
          ],
          [
            4713240.3073,
            2248832.0041000005
          ],
          [
            4713229.8049,
            2248845.833900001
          ],
          [
            4713214.3133,
            2248850.0089999996
          ],
          [
            4713208.7449,
            2248858.2424
          ],
          [
            4713206.771,
            2248865.0222999994
          ],
          [
            4713203.1982,
            2248877.3047
          ],
          [
            4713198.7676,
            2248884.0864000004
          ],
          [
            4713188.5388,
            2248888.1194
          ],
          [
            4713165.4259,
            2248893.2401
          ],
          [
            4713135.0985,
            2248899.9592000004
          ],
          [
            4713105.0072,
            2248906.626
          ],
          [
            4713097.4432,
            2248909.0558
          ],
          [
            4713092.938,
            2248905.2026000004
          ],
          [
            4713088.666,
            2248911.9309
          ],
          [
            4713091.143,
            2248932.984099999
          ],
          [
            4713093.793,
            2248958.8649000004
          ],
          [
            4713095.6731,
            2248972.6176999994
          ],
          [
            4713099.0037,
            2248973.4969999995
          ],
          [
            4713099.9221,
            2248980.545499999
          ],
          [
            4713097.0191,
            2248983.990599999
          ],
          [
            4713103.2063,
            2249027.5626
          ],
          [
            4713105.0827,
            2249046.0111
          ],
          [
            4713109.7207,
            2249050.102
          ],
          [
            4713109.6023,
            2249056.8483000007
          ],
          [
            4713107.3631,
            2249061.4825999998
          ],
          [
            4713115.562,
            2249124.9579000007
          ],
          [
            4713119.3408,
            2249129.3814000003
          ],
          [
            4713119.9049,
            2249133.5748999994
          ],
          [
            4713120.2638,
            2249136.2424999997
          ],
          [
            4713117.316,
            2249141.7532
          ],
          [
            4713122.2901,
            2249180.7642
          ],
          [
            4713125.1215,
            2249206.9487999994
          ],
          [
            4713129.5613,
            2249211.1064
          ],
          [
            4713130.5509,
            2249218.2224000003
          ],
          [
            4713126.7424,
            2249223.3476
          ],
          [
            4713130.3711,
            2249251.2502999995
          ],
          [
            4713134.8071,
            2249285.8972999994
          ],
          [
            4713138.7604,
            2249310.823000001
          ],
          [
            4713146.4362,
            2249372.6479
          ],
          [
            4713146.6966,
            2249375.4442
          ],
          [
            4713152.7377,
            2249440.3274000008
          ],
          [
            4713159.9799,
            2249448.631100001
          ],
          [
            4713167.6157,
            2249456.790100001
          ],
          [
            4713176.1015,
            2249453.7567
          ],
          [
            4713186.7299,
            2249450.5604
          ],
          [
            4713201.5537,
            2249447.7686
          ],
          [
            4713207.2045,
            2249449.8040999994
          ],
          [
            4713213.5512,
            2249448.6006000005
          ],
          [
            4713218.8628,
            2249445.7325999998
          ],
          [
            4713272.8957,
            2249438.5582999997
          ],
          [
            4713278.3727,
            2249438.9439000003
          ],
          [
            4713281.6322,
            2249441.6356000006
          ],
          [
            4713285.2747,
            2249476.2841999996
          ],
          [
            4713288.815,
            2249525.6154999994
          ],
          [
            4713298.6682,
            2249583.0821
          ],
          [
            4713299.8038,
            2249594.9846
          ],
          [
            4713295.6918,
            2249602.2946000006
          ],
          [
            4713297.4586,
            2249612.4496
          ],
          [
            4713302.5449,
            2249615.7726000007
          ],
          [
            4713306.0867,
            2249640.051000001
          ],
          [
            4713308.8271,
            2249660.5215000007
          ],
          [
            4713305.8363,
            2249672.7499
          ],
          [
            4713306.3398,
            2249686.0821
          ],
          [
            4713312.3777,
            2249689.0856999997
          ],
          [
            4713318.1883,
            2249736.0578000005
          ],
          [
            4713338.5344,
            2249741.4987000003
          ],
          [
            4713337.4138,
            2249745.3835000005
          ],
          [
            4713335.9797,
            2249753.825200001
          ],
          [
            4713336.1752,
            2249760.6240999997
          ],
          [
            4713339.3628,
            2249766.9668000005
          ],
          [
            4713355.7449,
            2249782.9649
          ],
          [
            4713361.9165,
            2249789.490599999
          ]
        ]
      }
    },
    {
      "type": "Feature",
      "properties": {
        "objectid": 15,
        "corredor": "Circular 1 Tramo 1",
        "municipio": "Medellín",
        "comuna": "11",
        "nom_comuna": "Laureles Estadio",
        "estado": "Construida",
        "anio_construido": "2003",
        "ente_constructor": "SIF",
        "ubicacion": "Vía Colectora",
        "tipo": "Ciclorruta",
        "nombre_ciclorruta": "SA 11 06 Circular 1 Tramo 1",
        "tipologia_redciclista": "Bidireccional en andén",
        "longitud": 1314.47994808,
        "st_length(shape)": 1314.4799480750744
      },
      "geometry": {
        "type": "LineString",
        "coordinates": [
          [
            4713337.5194,
            2248352.1093000006
          ],
          [
            4713326.2937,
            2248377.8742999993
          ],
          [
            4713319.1012,
            2248401.0887
          ],
          [
            4713313.998,
            2248428.2156000007
          ],
          [
            4713311.6384,
            2248438.6700999998
          ],
          [
            4713311.7765,
            2248450.1766999997
          ],
          [
            4713314.851,
            2248457.1821
          ],
          [
            4713318.7012,
            2248464.184800001
          ],
          [
            4713318.8376,
            2248466.1686000004
          ],
          [
            4713312.229,
            2248468.6953999996
          ],
          [
            4713310.4775,
            2248469.7836000007
          ],
          [
            4713311.0213,
            2248473.2216999996
          ],
          [
            4713312.0856,
            2248476.1823999994
          ],
          [
            4713313.9185,
            2248492.7924000006
          ],
          [
            4713314.7805,
            2248500.3038999997
          ],
          [
            4713318.3065,
            2248516.9103999995
          ],
          [
            4713322.7863,
            2248534.1499000005
          ],
          [
            4713337.3196,
            2248577.5593
          ],
          [
            4713353.7061,
            2248598.6394999996
          ],
          [
            4713365.7446,
            2248616.4395000003
          ],
          [
            4713386.2887,
            2248646.8156000003
          ],
          [
            4713391.538,
            2248648.0566000007
          ],
          [
            4713396.8352,
            2248651.0880999994
          ],
          [
            4713399.6145,
            2248657.277899999
          ],
          [
            4713400.2985,
            2248662.8534999993
          ],
          [
            4713399.5136,
            2248667.0878999997
          ],
          [
            4713396.7439,
            2248671.0617999993
          ],
          [
            4713394.1369,
            2248674.8652999997
          ],
          [
            4713397.4351,
            2248676.0809000004
          ],
          [
            4713431.9807,
            2248697.0153
          ],
          [
            4713434.439,
            2248702.6395999994
          ],
          [
            4713447.9645,
            2248707.916099999
          ],
          [
            4713453.3303,
            2248706.4683999997
          ],
          [
            4713492.3654,
            2248717.8533999994
          ],
          [
            4713498.7701,
            2248723.9158999994
          ],
          [
            4713511.2168,
            2248727.0131
          ],
          [
            4713523.1769,
            2248716.8474000003
          ],
          [
            4713566.4212,
            2248716.3188000005
          ],
          [
            4713590.8767,
            2248713.1335000005
          ],
          [
            4713624.1585,
            2248705.863399999
          ],
          [
            4713657.7601,
            2248692.2312000003
          ],
          [
            4713680.9646,
            2248678.9069999997
          ],
          [
            4713697.5746,
            2248669.0845
          ],
          [
            4713723.8045,
            2248647.1100999992
          ],
          [
            4713745.5688,
            2248623.3696999997
          ],
          [
            4713794.4541,
            2248606.5461
          ],
          [
            4713842.2228,
            2248592.7895
          ],
          [
            4713902.7654,
            2248574.226500001
          ],
          [
            4713921.5119,
            2248569.0067
          ],
          [
            4713930.4489,
            2248566.5889999997
          ],
          [
            4713935.9282,
            2248566.7727000006
          ],
          [
            4713944.6406,
            2248572.947899999
          ],
          [
            4713991.4842,
            2248620.0613
          ],
          [
            4714049.0658,
            2248687.144200001
          ],
          [
            4714145.9201,
            2248799.9805999994
          ],
          [
            4714170.5045,
            2248828.497300001
          ],
          [
            4714171.7026,
            2248829.887
          ]
        ]
      }
    },
    {
      "type": "Feature",
      "properties": {
        "objectid": 16,
        "corredor": "Av. San Juan Tramo 4",
        "municipio": "Medellín",
        "comuna": "11",
        "nom_comuna": "Laureles Estadio",
        "estado": "Construida",
        "anio_construido": "2014",
        "ente_constructor": "SIF",
        "ubicacion": "Via Arteria",
        "tipo": "Ciclorruta",
        "nombre_ciclorruta": "SA 11 09 Av. San Juan Tramo 4",
        "tipologia_redciclista": "Bidireccional en andén",
        "longitud": 1474.76798632,
        "st_length(shape)": 1474.7679863217124
      },
      "geometry": {
        "type": "LineString",
        "coordinates": [
          [
            4715057.3367,
            2248888.0546000004
          ],
          [
            4715049.8136,
            2248896.138800001
          ],
          [
            4715044.9988,
            2248898.1482999995
          ],
          [
            4715030.3859,
            2248904.247300001
          ],
          [
            4714950.0154,
            2248929.808599999
          ],
          [
            4714882.3427,
            2248955.079399999
          ],
          [
            4714846.6542,
            2248967.5863000005
          ],
          [
            4714851.5968,
            2248994.1575000007
          ],
          [
            4714591.4737,
            2249088.8837
          ],
          [
            4714576.0351,
            2249094.5057999995
          ],
          [
            4714526.7649,
            2249109.6027000006
          ],
          [
            4714394.561,
            2249150.3704000004
          ],
          [
            4714265.2972,
            2249162.7239999995
          ],
          [
            4714264.0114,
            2249162.8468999993
          ],
          [
            4713662.2385,
            2249242.0885000005
          ]
        ]
      }
    },
    {
      "type": "Feature",
      "properties": {
        "objectid": 17,
        "corredor": "Calle 53",
        "municipio": "Medellín",
        "comuna": "11",
        "nom_comuna": "Laureles Estadio",
        "estado": "Construida",
        "anio_construido": "2013",
        "ente_constructor": "SIF",
        "ubicacion": "Vía Colectora",
        "tipo": "Ciclobanda",
        "nombre_ciclorruta": "SC 11 02 Calle 53",
        "tipologia_redciclista": "Unidireccional en calzada",
        "longitud": 4384.3727287,
        "st_length(shape)": 4384.372728700751
      },
      "geometry": {
        "type": "LineString",
        "coordinates": [
          [
            4713590.8767,
            2248713.1335000005
          ],
          [
            4713592.3137,
            2248721.489499999
          ],
          [
            4713589.1719,
            2248725.2949
          ],
          [
            4713598.0263,
            2248789.3670000006
          ],
          [
            4713607.371,
            2248859.01
          ],
          [
            4713618.0688,
            2248936.8005
          ],
          [
            4713626.7512,
            2248998.2337999996
          ],
          [
            4713638.4984,
            2249084.2007999998
          ],
          [
            4713656.8803,
            2249216.584899999
          ],
          [
            4713662.323,
            2249231.5646
          ],
          [
            4713662.5056,
            2249241.1136000007
          ],
          [
            4713662.2385,
            2249242.0885000005
          ],
          [
            4713661.2637,
            2249245.6467000004
          ],
          [
            4713669.1519,
            2249306.204
          ],
          [
            4713682.0847,
            2249352.396400001
          ],
          [
            4713691.833,
            2249387.921
          ],
          [
            4713702.4168,
            2249427.4437000006
          ],
          [
            4713713.2019,
            2249467.6481999997
          ],
          [
            4713732.0663,
            2249536.4331
          ],
          [
            4713751.0315,
            2249605.0516999997
          ],
          [
            4713768.8182,
            2249664.307600001
          ],
          [
            4713771.3409,
            2249672.7117
          ],
          [
            4713771.6762,
            2249673.8288000003
          ],
          [
            4713775.6507,
            2249682.774700001
          ],
          [
            4713775.7362,
            2249700.1454000007
          ],
          [
            4713771.0167,
            2249713.1499000005
          ],
          [
            4713765.0989,
            2249722.1483999994
          ],
          [
            4713759.1657,
            2249754.103700001
          ],
          [
            4713753.8916,
            2249772.3322
          ],
          [
            4713752.1149,
            2249782.4058999997
          ],
          [
            4713749.6905,
            2249784.0354999993
          ],
          [
            4713735.6726,
            2249780.8549000006
          ],
          [
            4713711.1891,
            2249777.5801999997
          ],
          [
            4713700.0314,
            2249787.1238
          ],
          [
            4713918.8988,
            2250206.361199999
          ],
          [
            4713914.1951,
            2250234.6777
          ],
          [
            4713958.7014,
            2250264.8773
          ],
          [
            4713981.6802,
            2250311.2585000005
          ],
          [
            4713982.2809,
            2250312.5315000005
          ],
          [
            4713984.7358,
            2250317.7336999997
          ],
          [
            4714004.2082,
            2250355.0217000004
          ],
          [
            4714019.3982,
            2250383.138699999
          ],
          [
            4714044.9926,
            2250427.8477999996
          ],
          [
            4714056.9987,
            2250448.155200001
          ],
          [
            4714053.0275,
            2250450.000600001
          ],
          [
            4714059.4562,
            2250460.2897999994
          ],
          [
            4714071.4333,
            2250472.4495
          ],
          [
            4714069.2713,
            2250475.9989
          ],
          [
            4714042.8004,
            2250493.9897000007
          ],
          [
            4713983.1566,
            2250532.9497999996
          ],
          [
            4713943.7725,
            2250562.2369
          ],
          [
            4713911.7576,
            2250585.8740999997
          ],
          [
            4713897.9688,
            2250595.9816999994
          ],
          [
            4713844.3943,
            2250633.0757
          ],
          [
            4713777.5879,
            2250680.8319000006
          ],
          [
            4713706.3406,
            2250730.4225999992
          ],
          [
            4713673.3717,
            2250753.268100001
          ],
          [
            4713664.8134,
            2250759.6349
          ],
          [
            4713612.031,
            2250795.933700001
          ],
          [
            4713568.2002,
            2250824.1984
          ],
          [
            4713523.2572,
            2250851.9097000007
          ],
          [
            4713480.6939,
            2250879.0605999995
          ],
          [
            4713455.1706,
            2250894.7479999997
          ],
          [
            4713428.0628,
            2250911.787799999
          ],
          [
            4713397.2293,
            2250930.9781
          ],
          [
            4713366.8631,
            2250949.2047000006
          ],
          [
            4713327.1617,
            2250975.328400001
          ],
          [
            4713298.1504,
            2250993.0069999993
          ],
          [
            4713258.5058,
            2251016.1425
          ],
          [
            4713178.2001,
            2251068.5974000003
          ],
          [
            4713091.0043,
            2251124.058599999
          ],
          [
            4713050.0153,
            2251140.4998000003
          ],
          [
            4713003.6143,
            2251156.6679
          ],
          [
            4713014.6786,
            2251211.0896000005
          ],
          [
            4713019.5515,
            2251231.0765000004
          ],
          [
            4712959.1383,
            2251246.347100001
          ],
          [
            4712973.9207,
            2251305.7369
          ],
          [
            4712992.0618,
            2251388.1878999993
          ],
          [
            4712997.2201,
            2251409.2192
          ],
          [
            4713003.8835,
            2251442.024599999
          ],
          [
            4713005.9617,
            2251449.1632000003
          ],
          [
            4713011.1716,
            2251512.6446
          ],
          [
            4713011.7088,
            2251542.3259999994
          ],
          [
            4713013.0116,
            2251558.3550000004
          ],
          [
            4713028.8605,
            2251555.853599999
          ],
          [
            4713034.9587,
            2251587.2303
          ],
          [
            4713051.0615,
            2251613.5150000006
          ],
          [
            4713076.4883,
            2251637.2032999992
          ],
          [
            4713082.3979,
            2251645.8313999996
          ],
          [
            4713087.4822,
            2251648.2018999998
          ],
          [
            4713073.2516,
            2251675.0566000007
          ],
          [
            4713066.1985,
            2251682.7172
          ],
          [
            4713061.0516,
            2251692.2907
          ],
          [
            4713066.3849,
            2251711.8739
          ],
          [
            4713087.0308,
            2251731.0204000007
          ],
          [
            4713105.8605,
            2251735.9853000008
          ],
          [
            4713115.8793,
            2251746.0021
          ],
          [
            4713159.464,
            2251692.1324000005
          ],
          [
            4713185.4321,
            2251661.1795000006
          ],
          [
            4713218.1444,
            2251616.4561
          ],
          [
            4713245.8306,
            2251571.9679000005
          ],
          [
            4713264.9303,
            2251597.3255000003
          ],
          [
            4713282.968,
            2251620.7804000005
          ],
          [
            4713288.6997,
            2251629.2342000008
          ],
          [
            4713307.6683,
            2251656.842700001
          ],
          [
            4713324.1455,
            2251678.7909999993
          ],
          [
            4713336.7757,
            2251697.071900001
          ],
          [
            4713373.8175,
            2251750.857999999
          ],
          [
            4713379.3971,
            2251747.5996000003
          ]
        ]
      }
    },
    {
      "type": "Feature",
      "properties": {
        "objectid": 18,
        "corredor": "Carrera 79 T1",
        "municipio": "Medellín",
        "comuna": "11",
        "nom_comuna": "Laureles Estadio",
        "estado": "Construida",
        "anio_construido": "2011",
        "ente_constructor": "SIF",
        "ubicacion": "Vía de Servicio",
        "tipo": "Ciclobanda",
        "nombre_ciclorruta": "SC 11 03 Carrera 79",
        "tipologia_redciclista": "Unidireccional en calzada",
        "longitud": 1682.0525962,
        "st_length(shape)": 1682.052596196195
      },
      "geometry": {
        "type": "LineString",
        "coordinates": [
          [
            4713259.7057,
            2250030.7894
          ],
          [
            4713242.6563,
            2250074.897399999
          ],
          [
            4713226.5419,
            2250106.612299999
          ],
          [
            4713162.5329,
            2250167.322899999
          ],
          [
            4713094.6559,
            2250206.815199999
          ],
          [
            4712963.3174,
            2250238.5461999997
          ],
          [
            4712957.9649,
            2250239.7304
          ],
          [
            4712889.6808,
            2250254.838300001
          ],
          [
            4712757.4592,
            2250287.0166999996
          ],
          [
            4712810.137,
            2250509.0890999995
          ],
          [
            4712835.7221,
            2250601.9882999994
          ],
          [
            4712814.7405,
            2250611.8259999994
          ],
          [
            4712827.5985,
            2250660.3216999993
          ],
          [
            4712848.8267,
            2250722.713199999
          ],
          [
            4712875.7605,
            2250775.0107000005
          ],
          [
            4712902.4894,
            2250830.6275999993
          ],
          [
            4712870.0325,
            2250847.7119999994
          ],
          [
            4712861.1602,
            2250866.5601000004
          ],
          [
            4712863.5551,
            2250880.817399999
          ],
          [
            4712912.3157,
            2251116.5143
          ],
          [
            4712971.3372,
            2251099.5196
          ],
          [
            4713019.6922,
            2251074.2819
          ],
          [
            4713050.0153,
            2251140.4998000003
          ]
        ]
      }
    },
    {
      "type": "Feature",
      "properties": {
        "objectid": 19,
        "corredor": "Carrera 78",
        "municipio": "Medellín",
        "comuna": "11",
        "nom_comuna": "Laureles Estadio",
        "estado": "Construida",
        "anio_construido": "2013",
        "ente_constructor": "SIF",
        "ubicacion": "Vía de Servicio",
        "tipo": "Ciclobanda",
        "nombre_ciclorruta": "SC 11 04 Carrera 78",
        "tipologia_redciclista": "Unidireccional en calzada",
        "longitud": 300.52300307,
        "st_length(shape)": 300.52300306883654
      },
      "geometry": {
        "type": "LineString",
        "coordinates": [
          [
            4713241.2793,
            2251369.710999999
          ],
          [
            4713204.7184,
            2251326.261600001
          ],
          [
            4713175.8994,
            2251282.1257000007
          ],
          [
            4713137.4753,
            2251233.1652000006
          ],
          [
            4713147.5092,
            2251225.5154999997
          ],
          [
            4713116.0289,
            2251172.1405999996
          ],
          [
            4713091.0043,
            2251124.058599999
          ]
        ]
      }
    },
    {
      "type": "Feature",
      "properties": {
        "objectid": 20,
        "corredor": "Circular 74",
        "municipio": "Medellín",
        "comuna": "11",
        "nom_comuna": "Laureles Estadio",
        "estado": "Construida",
        "anio_construido": "2015",
        "ente_constructor": "AMVA",
        "ubicacion": "Vía de Servicio",
        "tipo": "Ciclobanda",
        "nombre_ciclorruta": "SC 11 08 Circular 74",
        "tipologia_redciclista": "Unidireccional en calzada",
        "longitud": 453.20579153,
        "st_length(shape)": 453.205791526951
      },
      "geometry": {
        "type": "LineString",
        "coordinates": [
          [
            4713088.666,
            2248911.9309
          ],
          [
            4713051.5199,
            2248867.2825000007
          ],
          [
            4713047.5965,
            2248863.4542999994
          ],
          [
            4713013.0493,
            2248839.1071000006
          ],
          [
            4712995.8766,
            2248824.5391000006
          ],
          [
            4712961.7967,
            2248795.878799999
          ],
          [
            4712947.8044,
            2248784.1613999996
          ],
          [
            4712939.9481,
            2248777.6854
          ],
          [
            4712934.9166,
            2248772.5638999995
          ],
          [
            4712927.1887,
            2248767.7590999994
          ],
          [
            4712926.9712,
            2248764.7841999996
          ],
          [
            4712901.0552,
            2248743.8444
          ],
          [
            4712872.1973,
            2248720.252699999
          ],
          [
            4712852.4028,
            2248704.3409
          ],
          [
            4712848.8255,
            2248701.4911
          ],
          [
            4712820.8422,
            2248678.691299999
          ],
          [
            4712811.7799,
            2248671.4875000007
          ],
          [
            4712801.4637,
            2248664.0549999997
          ],
          [
            4712790.4789,
            2248656.0243999995
          ],
          [
            4712778.9623,
            2248652.1103000008
          ],
          [
            4712760.9524,
            2248646.9420999996
          ],
          [
            4712746.974,
            2248644.0825999994
          ],
          [
            4712734.0966,
            2248645.0131
          ]
        ]
      }
    },
    {
      "type": "Feature",
      "properties": {
        "objectid": 21,
        "corredor": "Circular 2 - Circular 72",
        "municipio": "Medellín",
        "comuna": "11",
        "nom_comuna": "Laureles Estadio",
        "estado": "Construida",
        "anio_construido": "2015",
        "ente_constructor": "AMVA",
        "ubicacion": "Vía de Servicio",
        "tipo": "Ciclobanda",
        "nombre_ciclorruta": "SC 11 10 Circular 2 - Circular 72",
        "tipologia_redciclista": "Unidireccional en calzada",
        "longitud": 701.54992031,
        "st_length(shape)": 701.5499203116219
      },
      "geometry": {
        "type": "LineString",
        "coordinates": [
          [
            4713334.0308,
            2248704.3082
          ],
          [
            4713325.5305,
            2248696.9387999997
          ],
          [
            4713310.0488,
            2248681.3422
          ],
          [
            4713290.4183,
            2248655.059800001
          ],
          [
            4713285.1088,
            2248646.0758999996
          ],
          [
            4713275.1533,
            2248629.0328
          ],
          [
            4713260.6864,
            2248605.1206
          ],
          [
            4713256.8369,
            2248598.514799999
          ],
          [
            4713248.0767,
            2248583.8501999993
          ],
          [
            4713241.428,
            2248566.8003000002
          ],
          [
            4713237.2933,
            2248550.1422000006
          ],
          [
            4713231.1535,
            2248523.170600001
          ],
          [
            4713226.7389,
            2248498.9733000007
          ],
          [
            4713222.3286,
            2248476.8923000004
          ],
          [
            4713230.5074,
            2248466.029100001
          ],
          [
            4713230.3532,
            2248455.3149999995
          ],
          [
            4713227.6966,
            2248449.8972999994
          ],
          [
            4713219.2169,
            2248443.0363
          ],
          [
            4713180.7834,
            2248407.003900001
          ],
          [
            4713175.4829,
            2248402.3850999996
          ],
          [
            4713135.8662,
            2248369.9266
          ],
          [
            4713130.1687,
            2248365.1764
          ],
          [
            4713086.829,
            2248323.333799999
          ],
          [
            4713081.2626,
            2248318.054199999
          ],
          [
            4713038.3279,
            2248280.179199999
          ],
          [
            4713032.4979,
            2248275.2969000004
          ],
          [
            4713019.9107,
            2248265.0052000005
          ],
          [
            4712987.5804,
            2248238.087200001
          ],
          [
            4712981.6189,
            2248233.6021
          ],
          [
            4712950.8762,
            2248206.813100001
          ],
          [
            4712931.9278,
            2248190.714299999
          ],
          [
            4712928.4474,
            2248180.1400000006
          ],
          [
            4712928.4675,
            2248172.6434000004
          ]
        ]
      }
    },
    {
      "type": "Feature",
      "properties": {
        "objectid": 22,
        "corredor": "Circular 4 - Circular 73",
        "municipio": "Medellín",
        "comuna": "11",
        "nom_comuna": "Laureles Estadio",
        "estado": "Construida",
        "anio_construido": "2015",
        "ente_constructor": "SIF",
        "ubicacion": "Vía Colectora",
        "tipo": "Ciclobanda",
        "nombre_ciclorruta": "SC 11 11 Circular 4 - Circular 73",
        "tipologia_redciclista": "Bidireccional en calzada",
        "longitud": 737.4259355,
        "st_length(shape)": 737.4259355005461
      },
      "geometry": {
        "type": "LineString",
        "coordinates": [
          [
            4712751.5126,
            2248296.0264
          ],
          [
            4712764.1558,
            2248305.973200001
          ],
          [
            4712787.0211,
            2248319.5534000006
          ],
          [
            4712851.7941,
            2248376.1051000003
          ],
          [
            4712907.4362,
            2248418.372199999
          ],
          [
            4712953.5709,
            2248459.664999999
          ],
          [
            4712960.0222,
            2248464.9903999995
          ],
          [
            4713012.7807,
            2248509.0692999996
          ],
          [
            4713012.9388,
            2248510.6997999996
          ],
          [
            4713014.5905,
            2248511.9935999997
          ],
          [
            4713016.49,
            2248511.8128999993
          ],
          [
            4713053.4853,
            2248543.0600000005
          ],
          [
            4713096.742,
            2248583.183
          ],
          [
            4713099.3964,
            2248587.5162000004
          ],
          [
            4713103.8569,
            2248595.3378
          ],
          [
            4713106.6184,
            2248600.3056000005
          ],
          [
            4713118.7392,
            2248628.3231000006
          ],
          [
            4713131.6073,
            2248659.513699999
          ],
          [
            4713144.8985,
            2248690.5976
          ],
          [
            4713154.6751,
            2248710.6834999993
          ],
          [
            4713156.7465,
            2248715.2059000004
          ],
          [
            4713172.7366,
            2248745.8845000006
          ],
          [
            4713175.4973,
            2248750.4290999994
          ],
          [
            4713188.4469,
            2248769.7676999997
          ],
          [
            4713211.5717,
            2248797.127699999
          ],
          [
            4713225.7858,
            2248813.8181
          ],
          [
            4713240.8458,
            2248828.0112999994
          ]
        ]
      }
    },
    {
      "type": "Feature",
      "properties": {
        "objectid": 23,
        "corredor": "Transversal 34",
        "municipio": "Medellín",
        "comuna": "11",
        "nom_comuna": "Laureles Estadio",
        "estado": "Construida",
        "anio_construido": "2015",
        "ente_constructor": "SIF",
        "ubicacion": "Vía de Servicio",
        "tipo": "Ciclobanda",
        "nombre_ciclorruta": "SC 11 12 Transversal 34",
        "tipologia_redciclista": "Unidireccional en calzada",
        "longitud": 169.11964578,
        "st_length(shape)": 169.11964578486717
      },
      "geometry": {
        "type": "LineString",
        "coordinates": [
          [
            4712764.1558,
            2248305.973200001
          ],
          [
            4712764.0101,
            2248282.6339999996
          ],
          [
            4712776.6599,
            2248275.6741000004
          ],
          [
            4712807.1454,
            2248241.4847
          ],
          [
            4712835.3111,
            2248211.2419000007
          ],
          [
            4712840.0692,
            2248203.5221999995
          ],
          [
            4712843.2872,
            2248194.3895999994
          ],
          [
            4712846.3776,
            2248170.6195
          ],
          [
            4712846.5692,
            2248169.1455000006
          ]
        ]
      }
    },
    {
      "type": "Feature",
      "properties": {
        "objectid": 24,
        "corredor": "Calle 33A",
        "municipio": "Medellín",
        "comuna": "11",
        "nom_comuna": "Laureles Estadio",
        "estado": "Construida",
        "anio_construido": "2015",
        "ente_constructor": "SIF",
        "ubicacion": "Vía de Servicio",
        "tipo": "Ciclobanda",
        "nombre_ciclorruta": "SC 11 13 Calle 33A",
        "tipologia_redciclista": "Unidireccional en calzada",
        "longitud": 616.01789034,
        "st_length(shape)": 616.0178903361726
      },
      "geometry": {
        "type": "LineString",
        "coordinates": [
          [
            4712761.4302,
            2248161.7127
          ],
          [
            4712770.4522,
            2248165.5023999996
          ],
          [
            4712845.2104,
            2248169.0875000004
          ],
          [
            4712846.5692,
            2248169.1455000006
          ],
          [
            4712928.4675,
            2248172.6434000004
          ],
          [
            4712931.1242,
            2248172.7567999996
          ],
          [
            4713202.0306,
            2248182.4842000008
          ],
          [
            4713376.28,
            2248187.267999999
          ]
        ]
      }
    },
    {
      "type": "Feature",
      "properties": {
        "objectid": 25,
        "corredor": "Quebrada La Hueso Tramo 5",
        "municipio": "Medellín",
        "comuna": "12",
        "nom_comuna": "La América",
        "estado": "Construida",
        "anio_construido": "2019",
        "ente_constructor": "SIF",
        "ubicacion": "Parque lineal",
        "tipo": "Ciclorruta",
        "nombre_ciclorruta": "SA 12 01 Quebrada La Hueso Tramo 5",
        "tipologia_redciclista": "Bidireccional en andén",
        "longitud": 387.87047285,
        "st_length(shape)": 387.87047284877485
      },
      "geometry": {
        "type": "LineString",
        "coordinates": [
          [
            4711933.666,
            2250117.9850999992
          ],
          [
            4711880.9092,
            2250081.6334000006
          ],
          [
            4711838.141,
            2250050.6523
          ],
          [
            4711793.8461,
            2250024.3245
          ],
          [
            4711760.4449,
            2250007.3451000005
          ],
          [
            4711723.9681,
            2249995.1371999998
          ],
          [
            4711679.0952,
            2249986.1788
          ],
          [
            4711631.6797,
            2249977.8968
          ],
          [
            4711605.9953,
            2249976.9180999994
          ],
          [
            4711582.0818,
            2249975.9306000005
          ]
        ]
      }
    },
    {
      "type": "Feature",
      "properties": {
        "objectid": 26,
        "corredor": "Av. Las Vegas Tramo 1",
        "municipio": "Medellín",
        "comuna": "14",
        "nom_comuna": "El Poblado",
        "estado": "Construida",
        "anio_construido": "2011",
        "ente_constructor": "SIF",
        "ubicacion": "Via Arteria",
        "tipo": "Ciclorruta",
        "nombre_ciclorruta": "SA 14 01 Av. Las Vegas Tramo 1",
        "tipologia_redciclista": "Bidireccional en andén",
        "longitud": 5136.77833853,
        "st_length(shape)": 5136.77833853487
      },
      "geometry": {
        "type": "LineString",
        "coordinates": [
          [
            4714871.5464,
            2243782.930299999
          ],
          [
            4714902.8467,
            2244073.3542
          ],
          [
            4714907.8201,
            2244149.774
          ],
          [
            4714913.6475,
            2244185.3001000006
          ],
          [
            4714917.8728,
            2244214.7003000006
          ],
          [
            4714919.9369,
            2244253.9815999996
          ],
          [
            4714932.5453,
            2244372.2423
          ],
          [
            4714933.0489,
            2244375.9781
          ],
          [
            4714933.7519,
            2244384.2200000007
          ],
          [
            4714934.7969,
            2244396.4704
          ],
          [
            4714936.4149,
            2244421.2752
          ],
          [
            4714936.5968,
            2244422.9108000007
          ],
          [
            4714940.3763,
            2244456.888699999
          ],
          [
            4714950.7644,
            2244558.8417000007
          ],
          [
            4714957.5175,
            2244613.7809999995
          ],
          [
            4714969.7586,
            2244755.1993000004
          ],
          [
            4714973.7868,
            2244794.3531
          ],
          [
            4714980.7676,
            2244864.9646000005
          ],
          [
            4714984.5187,
            2244901.3484000005
          ],
          [
            4714986.0441,
            2244916.1437
          ],
          [
            4714994.561,
            2244992.7224000003
          ],
          [
            4715000.6299,
            2245049.852600001
          ],
          [
            4715007.2487,
            2245117.2990000006
          ],
          [
            4715014.4019,
            2245203.4735000003
          ],
          [
            4715040.6678,
            2245434.3555999994
          ],
          [
            4715077.0716,
            2245754.3518000003
          ],
          [
            4715081.9727,
            2245828.7693000007
          ],
          [
            4715101.561,
            2245827.8994999994
          ],
          [
            4715112.051,
            2245913.4616
          ],
          [
            4715120.9027,
            2246003.5666000005
          ],
          [
            4715127.877,
            2246117.2411
          ],
          [
            4715147.9276,
            2246324.7608000003
          ],
          [
            4715174.1586,
            2246620.2214
          ],
          [
            4715175.569,
            2246636.1073000003
          ],
          [
            4715217.9083,
            2247055.8917999994
          ],
          [
            4715227.8274,
            2247151.863399999
          ],
          [
            4715233.5594,
            2247160.5819000006
          ],
          [
            4715246.9186,
            2247173.2529000007
          ],
          [
            4715248.9941,
            2247179.1216
          ],
          [
            4715238.3706,
            2247184.6988999993
          ],
          [
            4715232.6677,
            2247190.2660000008
          ],
          [
            4715237.8291,
            2247214.6854
          ],
          [
            4715244.9212,
            2247251.6734999996
          ],
          [
            4715240.3476,
            2247266.1272
          ],
          [
            4715239.7493,
            2247284.0648
          ],
          [
            4715248.4824,
            2247285.4755000006
          ],
          [
            4715253.8083,
            2247298.9228000008
          ],
          [
            4715243.3541,
            2247305.041200001
          ],
          [
            4715245.4599,
            2247325.9806999993
          ],
          [
            4715257.1331,
            2247350.0441999994
          ],
          [
            4715246.5314,
            2247365.546
          ],
          [
            4715249.3333,
            2247400.0978999995
          ],
          [
            4715248.6559,
            2247406.8270999994
          ],
          [
            4715244.995,
            2247410.0782999992
          ],
          [
            4715234.9366,
            2247410.444700001
          ],
          [
            4715227.128,
            2247408.3443
          ],
          [
            4715226.0972,
            2247421.7061
          ],
          [
            4715238.4941,
            2247448.1801999994
          ],
          [
            4715235.9964,
            2247475.9712000005
          ],
          [
            4715238.2821,
            2247490.6063
          ],
          [
            4715230.724,
            2247497.966
          ],
          [
            4715245.4925,
            2247533.6198999994
          ],
          [
            4715247.6284,
            2247536.6613999996
          ],
          [
            4715252.6536,
            2247549.0319
          ],
          [
            4715255.8334,
            2247551.5650999993
          ],
          [
            4715264.2047,
            2247570.1986999996
          ],
          [
            4715275.3694,
            2247596.3662
          ],
          [
            4715289.8832,
            2247630.3839
          ],
          [
            4715297.0599,
            2247646.9563999996
          ],
          [
            4715304.7956,
            2247665.1943999995
          ],
          [
            4715313.7264,
            2247685.7315999996
          ],
          [
            4715322.2732,
            2247707.512599999
          ],
          [
            4715326.4981,
            2247721.5782999992
          ],
          [
            4715336.0692,
            2247744.733100001
          ],
          [
            4715343.0877,
            2247761.5439999998
          ],
          [
            4715352.4167,
            2247782.7152999993
          ],
          [
            4715354.3335,
            2247790.2753
          ],
          [
            4715364.8424,
            2247817.6103000008
          ],
          [
            4715369.295,
            2247821.622300001
          ],
          [
            4715370.1193,
            2247826.9126999993
          ],
          [
            4715388.7513,
            2247866.2382999994
          ],
          [
            4715408.9565,
            2247914.8738
          ],
          [
            4715428.512,
            2247956.3150999993
          ],
          [
            4715440.6399,
            2247987.8244000003
          ],
          [
            4715441.7748,
            2248000.125499999
          ],
          [
            4715450.4189,
            2248009.1799999997
          ],
          [
            4715456.1488,
            2248016.7872
          ],
          [
            4715479.8682,
            2248071.2973999996
          ],
          [
            4715485.7094,
            2248086.567500001
          ],
          [
            4715502.508,
            2248125.2630000003
          ],
          [
            4715529.3056,
            2248189.3346999995
          ],
          [
            4715560.9977,
            2248266.5178999994
          ],
          [
            4715564.2074,
            2248283.654100001
          ],
          [
            4715581.6505,
            2248327.0043
          ],
          [
            4715609.0679,
            2248383.6674000006
          ],
          [
            4715631.3977,
            2248436.319700001
          ],
          [
            4715653.3039,
            2248488.7611999996
          ],
          [
            4715681.161,
            2248553.465500001
          ],
          [
            4715702.0008,
            2248601.8881
          ],
          [
            4715712.2101,
            2248626.6290000007
          ],
          [
            4715729.2209,
            2248665.535599999
          ],
          [
            4715727.9007,
            2248671.6778999995
          ],
          [
            4715723.3431,
            2248676.0766000003
          ],
          [
            4715734.8417,
            2248704.8812000006
          ]
        ]
      }
    },
    {
      "type": "Feature",
      "properties": {
        "objectid": 27,
        "corredor": "Av. Cra. 70 Tramo 1",
        "municipio": "Medellín",
        "comuna": "15",
        "nom_comuna": "Guayabal",
        "estado": "Construida",
        "anio_construido": "2003",
        "ente_constructor": "SIF",
        "ubicacion": "Arteria Menor",
        "tipo": "Ciclorruta",
        "nombre_ciclorruta": "SA 11 07 Carrera 70 Tramo 1 Laureles",
        "tipologia_redciclista": "Bidireccional en andén",
        "longitud": 8705.29555291,
        "st_length(shape)": 8705.29555291487
      },
      "geometry": {
        "type": "LineString",
        "coordinates": [
          [
            4714743.1336,
            2250379.5231
          ],
          [
            4714663.7201,
            2250396.805400001
          ],
          [
            4714653.3933,
            2250400.0096000005
          ],
          [
            4714625.8781,
            2250321.5957999993
          ],
          [
            4714617.3591,
            2250297.3176000006
          ],
          [
            4714609.8236,
            2250272.9981999993
          ],
          [
            4714608.491,
            2250268.1730000004
          ],
          [
            4714601.3101,
            2250249.6691999994
          ],
          [
            4714579.7993,
            2250177.2930999994
          ],
          [
            4714572.0804,
            2250154.4255
          ],
          [
            4714554.0635,
            2250097.863500001
          ],
          [
            4714536.9504,
            2250050.5284
          ],
          [
            4714535.1573,
            2250045.568499999
          ],
          [
            4714524.4595,
            2250019.682499999
          ],
          [
            4714515.8438,
            2249998.1129
          ],
          [
            4714450.8989,
            2249848.8297000006
          ],
          [
            4714361.1226,
            2249668.8182999995
          ],
          [
            4714346.1306,
            2249633.9827999994
          ],
          [
            4714342.6879,
            2249626.6437
          ],
          [
            4714295.3472,
            2249525.7218999993
          ],
          [
            4714276.7921,
            2249488.8685
          ],
          [
            4714269.6089,
            2249468.661800001
          ],
          [
            4714267.8519,
            2249448.9814999998
          ],
          [
            4714265.2972,
            2249162.7239999995
          ],
          [
            4714265.1442,
            2249145.5857999995
          ],
          [
            4714214.4629,
            2248992.8138999995
          ],
          [
            4714184.0602,
            2248858.226500001
          ],
          [
            4714163.4227,
            2248836.8468999993
          ],
          [
            4714170.7641,
            2248830.6608000007
          ],
          [
            4714171.7026,
            2248829.887
          ],
          [
            4714193.033,
            2248812.3005
          ],
          [
            4714209.9377,
            2248790.316299999
          ],
          [
            4714242.6416,
            2248724.0097000003
          ],
          [
            4714249.892,
            2248633.8585
          ],
          [
            4714257.0421,
            2248480.6301000006
          ],
          [
            4714257.4217,
            2248472.4958999995
          ],
          [
            4714257.4239,
            2248472.4495
          ],
          [
            4714256.725,
            2248433.7940999996
          ],
          [
            4714256.726,
            2248433.7508000005
          ],
          [
            4714258.9589,
            2248338.601399999
          ],
          [
            4714262.5748,
            2248281.430400001
          ],
          [
            4714266.4086,
            2248214.1119
          ],
          [
            4714269.3783,
            2248150.889799999
          ],
          [
            4714273.0516,
            2248071.3852999993
          ],
          [
            4714277.0824,
            2248037.2501999997
          ],
          [
            4714281.4092,
            2248018.5906000007
          ],
          [
            4714283.1618,
            2248018.1369000003
          ],
          [
            4714290.7322,
            2247985.1060000006
          ],
          [
            4714297.8371,
            2247966.5731000006
          ],
          [
            4714300.8467,
            2247950.5615999997
          ],
          [
            4714316.8019,
            2247902.218699999
          ],
          [
            4714320.191,
            2247866.5077
          ],
          [
            4714317.8852,
            2247809.1251999997
          ],
          [
            4714315.4512,
            2247803.6809
          ],
          [
            4714314.8145,
            2247795.2425999995
          ],
          [
            4714315.833,
            2247775.7961
          ],
          [
            4714310.8298,
            2247722.4997000005
          ],
          [
            4714311.1836,
            2247701.4672
          ],
          [
            4714309.781,
            2247662.449100001
          ],
          [
            4714311.3342,
            2247645.7793000005
          ],
          [
            4714310.6199,
            2247619.8550000004
          ],
          [
            4714306.2232,
            2247512.1042
          ],
          [
            4714305.3825,
            2247478.827299999
          ],
          [
            4714304.0713,
            2247477.431399999
          ],
          [
            4714300.7692,
            2247473.9159999993
          ],
          [
            4714296.642,
            2247473.7657999992
          ],
          [
            4714289.0232,
            2247473.8608
          ],
          [
            4714280.8495,
            2247474.353599999
          ],
          [
            4714277.1578,
            2247472.0001999997
          ],
          [
            4714238.8937,
            2247475.1800999995
          ],
          [
            4714184.7151,
            2247475.7141999993
          ],
          [
            4714173.0741,
            2247475.3147
          ],
          [
            4714150.9566,
            2247474.7249999996
          ],
          [
            4714126.6112,
            2247471.3885999992
          ],
          [
            4714105.6488,
            2247466.4579000007
          ],
          [
            4714093.1365,
            2247453.9967
          ],
          [
            4714063.9966,
            2247445.4121000003
          ],
          [
            4714026.6926,
            2247436.4628
          ],
          [
            4713960.4788,
            2247418.819599999
          ],
          [
            4713950.2406,
            2247417.5693999995
          ],
          [
            4713919.4514,
            2247406.3290999997
          ],
          [
            4713870.4025,
            2247391.6762000006
          ],
          [
            4713815.4794,
            2247373.7795
          ],
          [
            4713801.0932,
            2247371.2216999996
          ],
          [
            4713786.0461,
            2247368.5462999996
          ],
          [
            4713750.5192,
            2247365.9509999994
          ],
          [
            4713725.0156,
            2247365.4211
          ],
          [
            4713678.0059,
            2247364.003900001
          ],
          [
            4713676.1441,
            2247360.9442999996
          ],
          [
            4713659.6787,
            2247360.1603999995
          ],
          [
            4713653.1874,
            2247363.4926999994
          ],
          [
            4713624.2977,
            2247363.5634000003
          ],
          [
            4713602.8042,
            2247362.131100001
          ],
          [
            4713578.9913,
            2247362.4788000006
          ],
          [
            4713532.0847,
            2247361.5429999996
          ],
          [
            4713498.6705,
            2247360.8176000006
          ],
          [
            4713445.4956,
            2247359.1283
          ],
          [
            4713415.6471,
            2247357.0985000003
          ],
          [
            4713413.3418,
            2247355.2777999993
          ],
          [
            4713409.8557,
            2247354.6878999993
          ],
          [
            4713406.9982,
            2247357.9891
          ],
          [
            4713403.1118,
            2247358.809800001
          ],
          [
            4713395.0176,
            2247359.680299999
          ],
          [
            4713384.4609,
            2247359.146400001
          ],
          [
            4713372.3925,
            2247356.789999999
          ],
          [
            4713370.2987,
            2247354.9404000007
          ],
          [
            4713365.7363,
            2247353.2782000005
          ],
          [
            4713360.0789,
            2247350.8629
          ],
          [
            4713356.1829,
            2247347.378799999
          ],
          [
            4713355.3716,
            2247344.7657999992
          ],
          [
            4713352.4768,
            2247335.4416000005
          ],
          [
            4713353.6391,
            2247279.6065999996
          ],
          [
            4713358.6937,
            2247159.3457999993
          ],
          [
            4713359.8551,
            2247056.5988
          ],
          [
            4713365.0908,
            2247000.8768000007
          ],
          [
            4713374.1334,
            2246848.5913999993
          ],
          [
            4713374.9788,
            2246775.942
          ],
          [
            4713377.8748,
            2246769.0577000007
          ],
          [
            4713381.8539,
            2246763.3067000005
          ],
          [
            4713386.7647,
            2246755.774
          ],
          [
            4713391.037,
            2246753.135500001
          ],
          [
            4713384.6083,
            2246725.0512000006
          ],
          [
            4713373.9317,
            2246678.4098000005
          ],
          [
            4713367.9805,
            2246652.4113999996
          ],
          [
            4713366.7657,
            2246640.5090999994
          ],
          [
            4713356.5848,
            2246577.8314999994
          ],
          [
            4713344.9581,
            2246519.6543000005
          ],
          [
            4713325.0561,
            2246425.1182000004
          ],
          [
            4713309.5252,
            2246340.3204999994
          ],
          [
            4713298.3131,
            2246291.342700001
          ],
          [
            4713292.5736,
            2246257.8714000005
          ],
          [
            4713286.9695,
            2246234.0733000003
          ],
          [
            4713279.5055,
            2246207.2218999993
          ],
          [
            4713276.6997,
            2246193.4711000007
          ],
          [
            4713278.0053,
            2246183.0976
          ],
          [
            4713271.2536,
            2246149.4200999998
          ],
          [
            4713268.2644,
            2246143.4882999994
          ],
          [
            4713257.9669,
            2246083.1450999994
          ],
          [
            4713253.3361,
            2246060.0461999997
          ],
          [
            4713252.156,
            2246054.159600001
          ],
          [
            4713237.4267,
            2245980.6886
          ],
          [
            4713226.2497,
            2245934.0503000002
          ],
          [
            4713205.776,
            2245822.894200001
          ],
          [
            4713180.8757,
            2245698.9025999997
          ],
          [
            4713166.2459,
            2245633.8553
          ],
          [
            4713163.7798,
            2245617.987299999
          ],
          [
            4713156.124,
            2245600.0134999994
          ],
          [
            4713149.0736,
            2245549.4746000003
          ],
          [
            4713127.8402,
            2245455.626700001
          ],
          [
            4713124.8989,
            2245440.2887999993
          ],
          [
            4713110.9951,
            2245368.094900001
          ],
          [
            4713096.9722,
            2245339.8879000004
          ],
          [
            4713072.3454,
            2245215.795499999
          ],
          [
            4713071.2246,
            2245209.9997000005
          ],
          [
            4713078.1566,
            2245208.5056999996
          ],
          [
            4713085.4559,
            2245207.3797999993
          ],
          [
            4713087.8317,
            2245204.8353000004
          ],
          [
            4713087.0303,
            2245201.0274
          ],
          [
            4713084.1534,
            2245191.3507000003
          ],
          [
            4713080.9571,
            2245180.7222000007
          ],
          [
            4713078.0699,
            2245165.9662999995
          ],
          [
            4713072.1368,
            2245136.454500001
          ],
          [
            4713067.006,
            2245111.2269
          ],
          [
            4713062.1882,
            2245083.7764
          ],
          [
            4713059.3032,
            2245070.1315
          ],
          [
            4713057.0748,
            2245067.120100001
          ],
          [
            4713050.7231,
            2245065.8631999996
          ],
          [
            4713043.3334,
            2245065.7598
          ],
          [
            4713040.8505,
            2245062.5227000006
          ],
          [
            4713040.0737,
            2245058.7421000004
          ],
          [
            4713024.3535,
            2244977.9804
          ],
          [
            4713021.2957,
            2244957.3517000005
          ],
          [
            4713019.6625,
            2244934.8154000007
          ],
          [
            4713022.3339,
            2244920.1898999996
          ],
          [
            4713027.0241,
            2244897.5507999994
          ],
          [
            4713031.6095,
            2244884.0963000003
          ],
          [
            4713063.9348,
            2244827.6404999997
          ],
          [
            4713093.1029,
            2244788.1872000005
          ],
          [
            4713117.1771,
            2244755.6238
          ],
          [
            4713139.8405,
            2244736.8298000004
          ],
          [
            4713158.3947,
            2244735.682
          ],
          [
            4713210.8243,
            2244732.4383000005
          ],
          [
            4713257.6628,
            2244732.4257999994
          ],
          [
            4713267.667,
            2244734.4690000005
          ],
          [
            4713273.0706,
            2244737.7913000006
          ],
          [
            4713280.0663,
            2244743.4913999997
          ],
          [
            4713290.8868,
            2244756.6437999997
          ],
          [
            4713303.911,
            2244768.6831
          ],
          [
            4713329.4679,
            2244797.3901000004
          ],
          [
            4713357.034,
            2244823.1257000007
          ],
          [
            4713399.0155,
            2244870.5108000003
          ],
          [
            4713422.6234,
            2244901.415100001
          ],
          [
            4713444.9396,
            2244933.083799999
          ],
          [
            4713449.453,
            2244941.5321999993
          ],
          [
            4713453.845,
            2244949.7533
          ],
          [
            4713463.9861,
            2244987.4148999993
          ],
          [
            4713470.4779,
            2245011.523499999
          ],
          [
            4713475.9686,
            2245024.1261
          ],
          [
            4713483.2012,
            2245032.539000001
          ],
          [
            4713493.3045,
            2245041.7980000004
          ],
          [
            4713503.2272,
            2245047.2084999997
          ],
          [
            4713513.0739,
            2245049.8868000004
          ],
          [
            4713523.0518,
            2245049.2325
          ],
          [
            4713532.1002,
            2245046.6615999993
          ],
          [
            4713559.9356,
            2245032.7119999994
          ],
          [
            4713627.48,
            2244996.0665000007
          ],
          [
            4713638.5765,
            2244988.9010000005
          ],
          [
            4713647.8585,
            2244986.0517999995
          ],
          [
            4713652.865,
            2244990.3005
          ],
          [
            4713654.7833,
            2244996.963199999
          ],
          [
            4713662.357,
            2245042.8343
          ],
          [
            4713688.982,
            2245190.4821000006
          ],
          [
            4713697.3756,
            2245231.8101000004
          ],
          [
            4713700.4475,
            2245236.0008000005
          ],
          [
            4713703.8391,
            2245240.6274999995
          ],
          [
            4713713.1529,
            2245243.7896999996
          ],
          [
            4713723.6062,
            2245298.8235
          ],
          [
            4713736.1107,
            2245334.7683000006
          ],
          [
            4713761.3535,
            2245337.0977
          ],
          [
            4713797.222,
            2245334.9612000007
          ],
          [
            4713802.6222,
            2245336.5374999996
          ],
          [
            4713806.1207,
            2245339.7049000002
          ],
          [
            4713808.1967,
            2245345.8911000006
          ],
          [
            4713810.5968,
            2245355.2512999997
          ],
          [
            4713814.2549,
            2245358.8947
          ],
          [
            4713870.101,
            2245345.7649000008
          ],
          [
            4713878.7618,
            2245389.5567000005
          ],
          [
            4713889.1895,
            2245443.6624
          ],
          [
            4713896.8961,
            2245486.6624
          ],
          [
            4713875.9504,
            2245489.8796999995
          ],
          [
            4713888.1552,
            2245559.2196999993
          ],
          [
            4713897.1376,
            2245605.0744000003
          ],
          [
            4713894.127,
            2245607.6202000007
          ],
          [
            4713889.0922,
            2245607.8325999994
          ],
          [
            4713893.385,
            2245632.8165000007
          ],
          [
            4713869.2864,
            2245646.8771
          ],
          [
            4713852.8061,
            2245673.365700001
          ],
          [
            4713854.1418,
            2245679.712099999
          ],
          [
            4713858.0093,
            2245695.180400001
          ],
          [
            4713862.0047,
            2245708.5319999997
          ],
          [
            4713871.6632,
            2245709.7028
          ],
          [
            4713875.7735,
            2245706.2660000008
          ],
          [
            4713881.4462,
            2245707.0373
          ],
          [
            4713884.4922,
            2245708.8829999994
          ],
          [
            4713888.8697,
            2245714.9585999995
          ],
          [
            4713894.7043,
            2245722.0896000005
          ],
          [
            4713900.3721,
            2245726.0284
          ],
          [
            4713914.5681,
            2245733.1602
          ],
          [
            4713928.3467,
            2245743.978700001
          ],
          [
            4713935.6448,
            2245755.2071
          ],
          [
            4713943.8941,
            2245778.8674
          ],
          [
            4713950.0483,
            2245812.981899999
          ],
          [
            4713949.2748,
            2245822.903999999
          ],
          [
            4713945.8578,
            2245833.7575000003
          ],
          [
            4713940.5869,
            2245843.5566000007
          ],
          [
            4713929.2318,
            2245853.6327
          ],
          [
            4713927.9198,
            2245858.9264
          ],
          [
            4713933.1958,
            2245889.5407
          ]
        ]
      }
    },
    {
      "type": "Feature",
      "properties": {
        "objectid": 28,
        "corredor": "Anillo Estación Industriales",
        "municipio": "Medellín",
        "comuna": "15",
        "nom_comuna": "Guayabal",
        "estado": "Construida",
        "anio_construido": "2014",
        "ente_constructor": "METRO",
        "ubicacion": "Via Arteria",
        "tipo": "Ciclorruta",
        "nombre_ciclorruta": "SA 15 02 Anillo Estación Industriales",
        "tipologia_redciclista": "Bidireccional en andén",
        "longitud": 686.12104708,
        "st_length(shape)": 686.1210470751623
      },
      "geometry": {
        "type": "LineString",
        "coordinates": [
          [
            4714972.9265,
            2247204.8585
          ],
          [
            4714945.1321,
            2247225.4283000007
          ],
          [
            4714907.9386,
            2247270.4077000003
          ],
          [
            4714921.0532,
            2247281.2940999996
          ],
          [
            4714942.3926,
            2247276.433599999
          ],
          [
            4714957.4305,
            2247273.1523
          ],
          [
            4714968.8211,
            2247270.995100001
          ],
          [
            4714979.8695,
            2247261.0803999994
          ],
          [
            4715000.8947,
            2247254.7567999996
          ],
          [
            4715000.7512,
            2247241.1796000004
          ],
          [
            4715004.0076,
            2247226.729800001
          ],
          [
            4715005.1367,
            2247212.4858
          ],
          [
            4715007.5976,
            2247208.4432999995
          ],
          [
            4715010.1561,
            2247204.2402
          ],
          [
            4715020.3321,
            2247198.659600001
          ],
          [
            4715027.2202,
            2247195.9783999994
          ],
          [
            4715034.3362,
            2247193.2085999995
          ],
          [
            4715037.3423,
            2247174.355900001
          ],
          [
            4715034.9694,
            2247156.8325999994
          ],
          [
            4715024.2339,
            2247145.334899999
          ],
          [
            4715022.599,
            2247130.2854999993
          ],
          [
            4715021.1644,
            2247109.5985000003
          ],
          [
            4715022.773,
            2247089.2554
          ],
          [
            4715022.2086,
            2247072.682
          ],
          [
            4715016.447,
            2247058.6525
          ],
          [
            4714998.1973,
            2247045.2957000006
          ],
          [
            4714987.494,
            2247046.9121000003
          ],
          [
            4714977.7122,
            2247049.2314999998
          ],
          [
            4714969.3306,
            2247054.7949
          ],
          [
            4714966.8746,
            2247056.4251000006
          ],
          [
            4714962.0485,
            2247066.4207000006
          ],
          [
            4714964.3,
            2247089.3146
          ],
          [
            4714964.7755,
            2247105.8614000008
          ],
          [
            4714954.9436,
            2247120.8932000007
          ],
          [
            4714954.2858,
            2247127.0472
          ],
          [
            4714961.9413,
            2247140.9629999995
          ],
          [
            4714966.4824,
            2247153.2107999995
          ],
          [
            4714965.6318,
            2247177.1986
          ],
          [
            4714965.8089,
            2247188.5966999996
          ],
          [
            4714972.9265,
            2247204.8585
          ],
          [
            4714975.2813,
            2247226.4102
          ],
          [
            4714974.1131,
            2247247.520199999
          ],
          [
            4714979.8695,
            2247261.0803999994
          ]
        ]
      }
    },
    {
      "type": "Feature",
      "properties": {
        "objectid": 29,
        "corredor": "Av. Calle 30 Tramo 1",
        "municipio": "Medellín",
        "comuna": "15",
        "nom_comuna": "Guayabal",
        "estado": "Construida",
        "anio_construido": "2001",
        "ente_constructor": "SIF",
        "ubicacion": "Vía de Servicio",
        "tipo": "Ciclorruta",
        "nombre_ciclorruta": "SA 15 03 Calle 30",
        "tipologia_redciclista": "Bidireccional en andén",
        "longitud": 842.64946585,
        "st_length(shape)": 842.6494658483017
      },
      "geometry": {
        "type": "LineString",
        "coordinates": [
          [
            4714921.0532,
            2247281.2940999996
          ],
          [
            4714903.3518,
            2247290.276799999
          ],
          [
            4714898.4228,
            2247286.16
          ],
          [
            4714891.9058,
            2247281.7289000005
          ],
          [
            4714879.9982,
            2247280.3246999998
          ],
          [
            4714864.9115,
            2247276.7047000006
          ],
          [
            4714859.1928,
            2247274.4942000005
          ],
          [
            4714850.562,
            2247272.7847000007
          ],
          [
            4714851.4365,
            2247276.0895000007
          ],
          [
            4714846.3708,
            2247282.7665
          ],
          [
            4714840.1376,
            2247287.752800001
          ],
          [
            4714834.9572,
            2247290.0913999993
          ],
          [
            4714828.7137,
            2247289.998400001
          ],
          [
            4714814.9656,
            2247294.1534
          ],
          [
            4714788.078,
            2247289.5523000006
          ],
          [
            4714781.7313,
            2247290.7293
          ],
          [
            4714776.3373,
            2247292.1159000006
          ],
          [
            4714758.0237,
            2247288.7672000006
          ],
          [
            4714742.4663,
            2247287.8466999996
          ],
          [
            4714724.1568,
            2247286.5084000006
          ],
          [
            4714710.8082,
            2247287.8662
          ],
          [
            4714660.0123,
            2247286.6472999994
          ],
          [
            4714597.0455,
            2247284.6597000007
          ],
          [
            4714549.6536,
            2247283.2672000006
          ],
          [
            4714495.1536,
            2247281.8970999997
          ],
          [
            4714468.0628,
            2247281.4234999996
          ],
          [
            4714449.1069,
            2247280.9595999997
          ],
          [
            4714355.7668,
            2247279.8618
          ],
          [
            4714315.6368,
            2247278.4546000008
          ],
          [
            4714314.898,
            2247292.3714000005
          ],
          [
            4714315.0907,
            2247311.4264
          ],
          [
            4714316.8663,
            2247319.3945000004
          ],
          [
            4714318.0002,
            2247356.4289999995
          ],
          [
            4714319.1699,
            2247391.519099999
          ],
          [
            4714322.52,
            2247412.6763000004
          ],
          [
            4714323.5736,
            2247442.7665999997
          ],
          [
            4714320.9503,
            2247453.6845999993
          ],
          [
            4714324.5766,
            2247459.9520999994
          ],
          [
            4714324.7137,
            2247475.2957000006
          ],
          [
            4714304.0713,
            2247477.431399999
          ]
        ]
      }
    },
    {
      "type": "Feature",
      "properties": {
        "objectid": 30,
        "corredor": "Calle 5 Loma de Los Bernal",
        "municipio": "Medellín",
        "comuna": "16",
        "nom_comuna": "Belén",
        "estado": "Construida",
        "anio_construido": "2011",
        "ente_constructor": "SIF",
        "ubicacion": "Arteria Menor",
        "tipo": "Ciclorruta",
        "nombre_ciclorruta": "SA 16 04 Calle 5 Loma de Los Bernal",
        "tipologia_redciclista": "Bidireccional en andén",
        "longitud": 495.72071063,
        "st_length(shape)": 495.72071062817076
      },
      "geometry": {
        "type": "LineString",
        "coordinates": [
          [
            4711593.3158,
            2245822.9619999994
          ],
          [
            4711583.1575,
            2245823.1942999996
          ],
          [
            4711567.9194,
            2245823.225400001
          ],
          [
            4711552.1224,
            2245822.5155999996
          ],
          [
            4711542.9567,
            2245828.567399999
          ],
          [
            4711542.336,
            2245835.5527999997
          ],
          [
            4711547.6381,
            2245841.0447000004
          ],
          [
            4711555.687,
            2245844.2029
          ],
          [
            4711567.329,
            2245845.0255999994
          ],
          [
            4711577.4799,
            2245841.1953999996
          ],
          [
            4711583.2894,
            2245834.9718999993
          ],
          [
            4711586.5563,
            2245829.3249999993
          ],
          [
            4711593.3158,
            2245822.9619999994
          ],
          [
            4711603.9049,
            2245817.8356
          ],
          [
            4711629.2504,
            2245817.0469000004
          ],
          [
            4711634.5602,
            2245810.3910000008
          ],
          [
            4711640.6876,
            2245805.4048999995
          ],
          [
            4711674.9611,
            2245768.2586000003
          ],
          [
            4711700.6323,
            2245741.2337999996
          ],
          [
            4711710.7699,
            2245729.923699999
          ],
          [
            4711793.1621,
            2245747.1970000006
          ],
          [
            4711812.3387,
            2245745.5044
          ],
          [
            4711816.9399,
            2245739.4661999997
          ],
          [
            4711838.0864,
            2245722.965
          ],
          [
            4711855.8179,
            2245701.8804
          ],
          [
            4711859.7679,
            2245692.877699999
          ],
          [
            4711864.9021,
            2245680.8301
          ],
          [
            4711866.0844,
            2245676.8595000003
          ],
          [
            4711869.8323,
            2245674.929300001
          ],
          [
            4711872.5637,
            2245675.7880000006
          ],
          [
            4711873.7599,
            2245678.5633000005
          ],
          [
            4711873.7658,
            2245681.4735000003
          ],
          [
            4711872.1823,
            2245683.3286000006
          ],
          [
            4711869.1421,
            2245684.3928999994
          ],
          [
            4711866.494,
            2245683.0756
          ],
          [
            4711864.9021,
            2245680.8301
          ]
        ]
      }
    },
    {
      "type": "Feature",
      "properties": {
        "objectid": 31,
        "corredor": "Calle 64 Pajarito - Nuevo Occidente",
        "municipio": "Medellín",
        "comuna": "60",
        "nom_comuna": "San Cristóbal",
        "estado": "Construida",
        "anio_construido": "2011",
        "ente_constructor": "SIF",
        "ubicacion": "Vía de Servicio",
        "tipo": "Ciclorruta",
        "nombre_ciclorruta": "SA 60 01 Calle 64 Pajarito - Nuevo Occidente",
        "tipologia_redciclista": "Bidireccional en andén",
        "longitud": 1060.67703828,
        "st_length(shape)": 1060.6770382805794
      },
      "geometry": {
        "type": "LineString",
        "coordinates": [
          [
            4711222.2706,
            2252900.9805999994
          ],
          [
            4711216.5764,
            2252897.9499999993
          ],
          [
            4711192.3079,
            2252880.6983000003
          ],
          [
            4711160.3553,
            2252857.589400001
          ],
          [
            4711130.4734,
            2252837.9683
          ],
          [
            4711120.7812,
            2252833.2792000007
          ],
          [
            4711103.8876,
            2252825.9066000003
          ],
          [
            4711080.9014,
            2252814.6841
          ],
          [
            4711061.6211,
            2252804.5649999995
          ],
          [
            4711048.434,
            2252798.5075000003
          ],
          [
            4711033.6646,
            2252794.8871
          ],
          [
            4711025.6479,
            2252794.5067999996
          ],
          [
            4710993.4018,
            2252795.8695
          ],
          [
            4710957.2656,
            2252796.6317999996
          ],
          [
            4710940.7325,
            2252797.327299999
          ],
          [
            4710904.0237,
            2252799.5363999996
          ],
          [
            4710862.5637,
            2252800.3983999994
          ],
          [
            4710851.0527,
            2252798.9671
          ],
          [
            4710844.3013,
            2252796.3355
          ],
          [
            4710833.0469,
            2252791.0676000006
          ],
          [
            4710831.0555,
            2252787.5002999995
          ],
          [
            4710827.4783,
            2252784.7299000006
          ],
          [
            4710821.2532,
            2252780.7743999995
          ],
          [
            4710796.7476,
            2252764.025800001
          ],
          [
            4710780.4526,
            2252751.8900000006
          ],
          [
            4710758.9935,
            2252737.1193000004
          ],
          [
            4710740.9858,
            2252728.2939
          ],
          [
            4710726.562,
            2252725.5458000004
          ],
          [
            4710716.376,
            2252725.17
          ],
          [
            4710699.8429,
            2252725.8653999995
          ],
          [
            4710681.0225,
            2252724.841
          ],
          [
            4710675.7635,
            2252723.4016999993
          ],
          [
            4710668.8785,
            2252720.1089999992
          ],
          [
            4710644.516,
            2252708.6512
          ],
          [
            4710607.045,
            2252690.7388000004
          ],
          [
            4710587.8541,
            2252685.487299999
          ],
          [
            4710570.6542,
            2252683.5386999995
          ],
          [
            4710546.9747,
            2252682.5292000007
          ],
          [
            4710518.4029,
            2252682.4558000006
          ],
          [
            4710485.9949,
            2252682.2580999993
          ],
          [
            4710439.2996,
            2252681.4283000007
          ],
          [
            4710405.7011,
            2252681.2328999992
          ],
          [
            4710388.1028,
            2252678.4913999997
          ],
          [
            4710368.6446,
            2252673.509400001
          ],
          [
            4710361.653,
            2252668.2355000004
          ],
          [
            4710323.8689,
            2252639.7345000003
          ],
          [
            4710292.2196,
            2252622.6038000006
          ],
          [
            4710273.1512,
            2252612.59
          ],
          [
            4710242.5704,
            2252600.4836999997
          ]
        ]
      }
    },
    {
      "type": "Feature",
      "properties": {
        "objectid": 32,
        "corredor": "Carrera 77A W",
        "municipio": "Medellín",
        "comuna": "7",
        "nom_comuna": "Robledo",
        "estado": "Construida",
        "anio_construido": "2013",
        "ente_constructor": "SMM",
        "ubicacion": "Vía Colectora",
        "tipo": "Ciclorruta",
        "nombre_ciclorruta": "CO 07 02 Carrera 77A",
        "tipologia_redciclista": "Bidireccional en calzada",
        "longitud": 283.18882947,
        "st_length(shape)": 283.18882946925925
      },
      "geometry": {
        "type": "LineString",
        "coordinates": [
          [
            4713250.5816,
            2251567.044500001
          ],
          [
            4713264.742,
            2251587.9910000004
          ],
          [
            4713336.9646,
            2251689.0659
          ],
          [
            4713379.3971,
            2251747.5996000003
          ],
          [
            4713392.5747,
            2251765.7775
          ],
          [
            4713417.9564,
            2251795.2962999996
          ]
        ]
      }
    },
    {
      "type": "Feature",
      "properties": {
        "objectid": 33,
        "corredor": "Circular 73B Tramo 2",
        "municipio": "Medellín",
        "comuna": "11",
        "nom_comuna": "Laureles Estadio",
        "estado": "Construida",
        "anio_construido": "2015",
        "ente_constructor": "AMVA",
        "ubicacion": "Vía de Servicio",
        "tipo": "Carril ciclopreferente",
        "nombre_ciclorruta": "CO 11 01 Circular 73B Tramo 2",
        "tipologia_redciclista": "Compartida en sentido vehicular",
        "longitud": 531.51130199,
        "st_length(shape)": 531.5113019873505
      },
      "geometry": {
        "type": "LineString",
        "coordinates": [
          [
            4712734.549,
            2248569.045600001
          ],
          [
            4712734.5541,
            2248569.0458000004
          ],
          [
            4712749.825,
            2248569.5359000005
          ],
          [
            4712781.5758,
            2248571.8519
          ],
          [
            4712806.976,
            2248573.5194000006
          ],
          [
            4712814.3875,
            2248575.4882999994
          ],
          [
            4712845.2297,
            2248586.2718
          ],
          [
            4712884.1556,
            2248604.3137999997
          ],
          [
            4712912.3715,
            2248624.494000001
          ],
          [
            4712918.3342,
            2248629.508300001
          ],
          [
            4712948.9457,
            2248656.8266000003
          ],
          [
            4712989.9208,
            2248694.7236
          ],
          [
            4713008.0811,
            2248712.5785000008
          ],
          [
            4713043.0621,
            2248742.0306
          ],
          [
            4713066.5323,
            2248761.7832999993
          ],
          [
            4713094.1039,
            2248785.7356000002
          ],
          [
            4713091.897,
            2248793.2005000003
          ],
          [
            4713090.9804,
            2248810.6625999995
          ],
          [
            4713091.1681,
            2248824.7893000003
          ],
          [
            4713088.0033,
            2248829.557600001
          ],
          [
            4713070.3535,
            2248846.174900001
          ],
          [
            4713058.3355,
            2248862.5593
          ],
          [
            4713051.5199,
            2248867.2825000007
          ]
        ]
      }
    },
    {
      "type": "Feature",
      "properties": {
        "objectid": 34,
        "corredor": "Conexión Regional Puente Madre Laura",
        "municipio": "Medellín",
        "comuna": "5",
        "nom_comuna": "Castilla",
        "estado": "Construida",
        "anio_construido": "2016",
        "ente_constructor": "ALCALDÍA",
        "ubicacion": "Autopista",
        "tipo": "Carril ciclopreferente",
        "nombre_ciclorruta": "SA 05 06 Conexión Regional Puente Madre Laura",
        "tipologia_redciclista": "Unidireccional en andén",
        "longitud": 383.36532718,
        "st_length(shape)": 383.3653271810047
      },
      "geometry": {
        "type": "LineString",
        "coordinates": [
          [
            4715994.3411,
            2253361.003799999
          ],
          [
            4715987.9929,
            2253352.9724000003
          ],
          [
            4715979.9679,
            2253341.508300001
          ],
          [
            4715974.4839,
            2253329.1468
          ],
          [
            4715971.5515,
            2253317.989499999
          ],
          [
            4715972.3761,
            2253305.596999999
          ],
          [
            4715972.88,
            2253295.5288999993
          ],
          [
            4715974.0349,
            2253282.8029999994
          ],
          [
            4715972.7425,
            2253267.545
          ],
          [
            4715968.2618,
            2253256.6165999994
          ],
          [
            4715964.6838,
            2253249.223200001
          ],
          [
            4715962.8929,
            2253245.1393999998
          ],
          [
            4715970.8208,
            2253236.8046000004
          ],
          [
            4715997.4216,
            2253267.0921
          ],
          [
            4716013.2304,
            2253285.9288999997
          ],
          [
            4716026.9243,
            2253302.342700001
          ],
          [
            4716052.0613,
            2253327.5491000004
          ],
          [
            4716060.6886,
            2253340.6643000003
          ],
          [
            4716060.9821,
            2253341.1105000004
          ],
          [
            4716084.2321,
            2253365.2201000005
          ],
          [
            4716088.1806,
            2253369.8006999996
          ],
          [
            4716089.5599,
            2253371.4009000007
          ],
          [
            4716100.3724,
            2253383.944700001
          ],
          [
            4716104.2605,
            2253393.4278999995
          ],
          [
            4716105.5911,
            2253402.8067000005
          ],
          [
            4716105.1798,
            2253408.6274999995
          ],
          [
            4716102.338,
            2253416.0407999996
          ],
          [
            4716097.3776,
            2253422.4002
          ],
          [
            4716092.747,
            2253425.273499999
          ],
          [
            4716088.7087,
            2253426.276900001
          ]
        ]
      }
    },
    {
      "type": "Feature",
      "properties": {
        "objectid": 35,
        "corredor": "Conexión Auto Norte Puente Madre Laura",
        "municipio": "Medellín",
        "comuna": "5",
        "nom_comuna": "Castilla",
        "estado": "Construida",
        "anio_construido": "2016",
        "ente_constructor": "ALCALDÍA",
        "ubicacion": "Autopista",
        "tipo": "Carril ciclopreferente",
        "nombre_ciclorruta": "SA 05 06 Conexión Auto Norte Puente Madre Laura",
        "tipologia_redciclista": "Bidireccional en andén",
        "longitud": 300.43710807,
        "st_length(shape)": 300.4371080711114
      },
      "geometry": {
        "type": "MultiLineString",
        "coordinates": [
          [
            [
              4716054.9535,
              2253443.2338999994
            ],
            [
              4716051.3869,
              2253438.1633
            ],
            [
              4716046.9323,
              2253430.1668
            ],
            [
              4716045.8666,
              2253422.9122
            ],
            [
              4716046.1184,
              2253420.314099999
            ],
            [
              4716045.2457,
              2253414.0328
            ],
            [
              4716043.9803,
              2253409.8027
            ],
            [
              4716041.7306,
              2253409.2782000005
            ],
            [
              4716039.8145,
              2253410.2081000004
            ],
            [
              4716035.1932,
              2253414.185799999
            ],
            [
              4716025.2272,
              2253424.1931
            ],
            [
              4716015.9665,
              2253434.9875000007
            ],
            [
              4716012.6975,
              2253441.8774999995
            ],
            [
              4716006.1098,
              2253454.4572
            ],
            [
              4715998.8531,
              2253463.3344
            ],
            [
              4715987.2324,
              2253472.7499
            ],
            [
              4715970.9859,
              2253484.0266999993
            ],
            [
              4715956.0578,
              2253493.1843999997
            ]
          ],
          [
            [
              4715941.6325,
              2253501.1626999993
            ],
            [
              4715939.0139,
              2253502.6108999997
            ],
            [
              4715921.1739,
              2253510.8487
            ],
            [
              4715899.2332,
              2253518.9628
            ],
            [
              4715877.4247,
              2253527.0765000004
            ],
            [
              4715857.0701,
              2253535.0176
            ],
            [
              4715837.2967,
              2253542.7468999997
            ],
            [
              4715825.6933,
              2253546.3435999993
            ],
            [
              4715821.8387,
              2253550.2338999994
            ],
            [
              4715821.8876,
              2253560.1887
            ]
          ]
        ]
      }
    },
    {
      "type": "Feature",
      "properties": {
        "objectid": 36,
        "corredor": "Av. Regional (Conexión Punto Cero - Movilidad) T3",
        "municipio": "Medellín",
        "comuna": "5",
        "nom_comuna": "Castilla",
        "estado": "Construida",
        "anio_construido": "2019",
        "ente_constructor": "SIF - EDU",
        "ubicacion": "Vía de Servicio",
        "tipo": "Carril ciclopreferente",
        "nombre_ciclorruta": "SC 05 01 Av.Regional Conexión Punto Cero Movilidad",
        "tipologia_redciclista": "Bidireccional en andén",
        "longitud": 1240.2354308,
        "st_length(shape)": 1240.2354307996122
      },
      "geometry": {
        "type": "LineString",
        "coordinates": [
          [
            4715238.7924,
            2250995.8981999997
          ],
          [
            4715233.1838,
            2251003.2925000004
          ],
          [
            4715220.1525,
            2251009.2631
          ],
          [
            4715213.6426,
            2251013.4208000004
          ],
          [
            4715209.1113,
            2251021.550899999
          ],
          [
            4715207.1849,
            2251028.1970000006
          ],
          [
            4715208.6038,
            2251035.4020000007
          ],
          [
            4715213.2237,
            2251040.8103
          ],
          [
            4715224.8543,
            2251051.659499999
          ],
          [
            4715231.1928,
            2251057.6788999997
          ],
          [
            4715228.9183,
            2251061.0746999998
          ],
          [
            4715225.5252,
            2251066.5555000007
          ],
          [
            4715224.0659,
            2251071.4296000004
          ],
          [
            4715226.4512,
            2251072.590399999
          ],
          [
            4715224.3922,
            2251077.0250000004
          ],
          [
            4715227.9641,
            2251078.6334000006
          ],
          [
            4715235.3992,
            2251082.5789
          ],
          [
            4715250.7465,
            2251063.622300001
          ],
          [
            4715260.7941,
            2251054.1378000006
          ],
          [
            4715282.1213,
            2251048.9092999995
          ],
          [
            4715302.86,
            2251059.7947000004
          ],
          [
            4715371.2977,
            2251097.9606
          ],
          [
            4715404.776,
            2251117.1509000007
          ],
          [
            4715461.369,
            2251158.7273999993
          ],
          [
            4715490.3213,
            2251267.1885
          ],
          [
            4715510.5612,
            2251345.390900001
          ],
          [
            4715544.4835,
            2251482.6589
          ],
          [
            4715559.2089,
            2251544.5621000007
          ],
          [
            4715584.3503,
            2251644.9954000004
          ],
          [
            4715586.0086,
            2251680.681500001
          ],
          [
            4715581.7524,
            2251751.6262
          ],
          [
            4715589.9463,
            2251788.4417000003
          ],
          [
            4715602.3906,
            2251840.306399999
          ],
          [
            4715611.3993,
            2251879.3088000007
          ],
          [
            4715617.8636,
            2251910.9835
          ],
          [
            4715629.9652,
            2251956.9384000003
          ],
          [
            4715636.3413,
            2251984.1838000007
          ]
        ]
      }
    },
    {
      "type": "Feature",
      "properties": {
        "objectid": 37,
        "corredor": "Quebrada La Iguaná",
        "municipio": "Medellín",
        "comuna": "7",
        "nom_comuna": "Robledo",
        "estado": "Construida",
        "anio_construido": "2013",
        "ente_constructor": "AMVA",
        "ubicacion": "Via Arteria",
        "tipo": "Ciclorruta",
        "nombre_ciclorruta": "SA 07 01 Quebrada La Iguaná",
        "tipologia_redciclista": "Bidireccional en calzada",
        "longitud": 81.22629476,
        "st_length(shape)": 81.22629476362579
      },
      "geometry": {
        "type": "LineString",
        "coordinates": [
          [
            4713280.7057,
            2251508.154100001
          ],
          [
            4713279.2279,
            2251502.520199999
          ],
          [
            4713301.0765,
            2251471.1196999997
          ],
          [
            4713314.6808,
            2251453.465
          ],
          [
            4713325.9559,
            2251443.7859000005
          ]
        ]
      }
    },
    {
      "type": "Feature",
      "properties": {
        "objectid": 38,
        "corredor": "Carrera 65 Entrada UN",
        "municipio": "Medellín",
        "comuna": "7",
        "nom_comuna": "Robledo",
        "estado": "Construida",
        "anio_construido": "2018",
        "ente_constructor": "Universidad Nacional",
        "ubicacion": "Via Arteria",
        "tipo": "Ciclorruta",
        "nombre_ciclorruta": "SA 07 02 Carrera 65 Entrada UN",
        "tipologia_redciclista": "Bidireccional en andén",
        "longitud": 165.81189499,
        "st_length(shape)": 165.81189498884282
      },
      "geometry": {
        "type": "LineString",
        "coordinates": [
          [
            4714663.0731,
            2250556.009299999
          ],
          [
            4714672.2132,
            2250538.7108999994
          ],
          [
            4714681.7387,
            2250498.828400001
          ],
          [
            4714681.3829,
            2250454.3849
          ],
          [
            4714680.5589,
            2250439.571799999
          ],
          [
            4714663.7201,
            2250396.805400001
          ]
        ]
      }
    },
    {
      "type": "Feature",
      "properties": {
        "objectid": 39,
        "corredor": "Barranquilla Conexión UN UdeA T1",
        "municipio": "Medellín",
        "comuna": "7",
        "nom_comuna": "Robledo",
        "estado": "Construida",
        "anio_construido": "2020",
        "ente_constructor": "AMVA",
        "ubicacion": "Via Arteria",
        "tipo": "Ciclorruta",
        "nombre_ciclorruta": "SA 07 01 Barranquilla Conexión UN UdeA",
        "tipologia_redciclista": "Bidireccional en andén",
        "longitud": 690.30603116,
        "st_length(shape)": 690.3060311562684
      },
      "geometry": {
        "type": "LineString",
        "coordinates": [
          [
            4715147.4701,
            2250982.8297000006
          ],
          [
            4715169.8493,
            2250987.1443000007
          ],
          [
            4715202.8331,
            2250987.2037000004
          ],
          [
            4715224.6776,
            2250986.3937999997
          ],
          [
            4715238.7924,
            2250995.8981999997
          ],
          [
            4715257.54,
            2250998.3956000004
          ],
          [
            4715296.7085,
            2250995.0745
          ],
          [
            4715315.8874,
            2250994.704399999
          ],
          [
            4715340.5687,
            2250996.5934999995
          ],
          [
            4715358.9851,
            2251005.3521
          ],
          [
            4715451.5632,
            2250990.1755999997
          ],
          [
            4715507.093,
            2250980.6152
          ],
          [
            4715602.0568,
            2250963.045600001
          ],
          [
            4715627.7426,
            2250957.4672
          ],
          [
            4715651.8014,
            2250953.4749999996
          ],
          [
            4715688.787,
            2250939.3749
          ],
          [
            4715722.8379,
            2250934.6754
          ],
          [
            4715737.095,
            2250939.454500001
          ],
          [
            4715796.4771,
            2250930.0940000005
          ],
          [
            4715805.3438,
            2250955.1591999996
          ]
        ]
      }
    },
    {
      "type": "Feature",
      "properties": {
        "objectid": 40,
        "corredor": "Transversal 73",
        "municipio": "Medellín",
        "comuna": "7",
        "nom_comuna": "Robledo",
        "estado": "Construida",
        "anio_construido": "2019",
        "ente_constructor": "SMM",
        "ubicacion": "Via Arteria",
        "tipo": "Ciclobanda",
        "nombre_ciclorruta": "SC 07 02 Transversal 73",
        "tipologia_redciclista": "Unidireccional en calzada",
        "longitud": 896.78324357,
        "st_length(shape)": 896.783243573013
      },
      "geometry": {
        "type": "LineString",
        "coordinates": [
          [
            4713488.242,
            2251807.1965999994
          ],
          [
            4713531.7606,
            2251820.1229
          ],
          [
            4713603.5585,
            2251845.3719999995
          ],
          [
            4713688.3715,
            2251870.276799999
          ],
          [
            4713721.1636,
            2251875.9212999996
          ],
          [
            4713752.5115,
            2251876.6527999993
          ],
          [
            4713775.9979,
            2251873.9059999995
          ],
          [
            4713822.0992,
            2251858.341600001
          ],
          [
            4713872.2716,
            2251837.3587999996
          ],
          [
            4713935.0712,
            2251809.4518999998
          ],
          [
            4713953.4789,
            2251807.033
          ],
          [
            4713984.76,
            2251812.5242999997
          ],
          [
            4714033.3507,
            2251821.948000001
          ],
          [
            4714064.1641,
            2251831.5671999995
          ],
          [
            4714111.5022,
            2251849.406300001
          ],
          [
            4714152.0186,
            2251869.0053000003
          ],
          [
            4714235.1138,
            2251907.723099999
          ],
          [
            4714281.3232,
            2251916.9931000005
          ],
          [
            4714294.5036,
            2251918.8302999996
          ],
          [
            4714341.49,
            2251920.996200001
          ]
        ]
      }
    },
    {
      "type": "Feature",
      "properties": {
        "objectid": 41,
        "corredor": "Cerro Volador",
        "municipio": "Medellín",
        "comuna": "7",
        "nom_comuna": "Robledo",
        "estado": "Construida",
        "anio_construido": "2019",
        "ente_constructor": "SMM",
        "ubicacion": "Vía de Servicio",
        "tipo": "Ciclobanda",
        "nombre_ciclorruta": "SC 07 03 Cerro Volador",
        "tipologia_redciclista": "Bidireccional en calzada",
        "longitud": 1787.17550752,
        "st_length(shape)": 1787.17550752383
      },
      "geometry": {
        "type": "LineString",
        "coordinates": [
          [
            4714381.0864,
            2250960.1382
          ],
          [
            4714349.3522,
            2250953.1378000006
          ],
          [
            4714287.8944,
            2250994.7468
          ],
          [
            4714272.0014,
            2251007.9515000004
          ],
          [
            4714265.5327,
            2251017.4897000007
          ],
          [
            4714260.1064,
            2251029.818
          ],
          [
            4714255.8959,
            2251039.3840999994
          ],
          [
            4714250.0682,
            2251061.226399999
          ],
          [
            4714243.743,
            2251072.8795999996
          ],
          [
            4714234.3706,
            2251082.1580999997
          ],
          [
            4714220.115,
            2251091.4199
          ],
          [
            4714200.9751,
            2251100.3521
          ],
          [
            4714181.6527,
            2251111.2346
          ],
          [
            4714172.1829,
            2251122.508199999
          ],
          [
            4714167.9416,
            2251133.3527000006
          ],
          [
            4714166.511,
            2251145.2602999993
          ],
          [
            4714171.3037,
            2251160.1975
          ],
          [
            4714182.8386,
            2251173.4013
          ],
          [
            4714209.987,
            2251188.9539
          ],
          [
            4714220.4486,
            2251194.7524999995
          ],
          [
            4714233.8379,
            2251209.1428999994
          ],
          [
            4714255.8716,
            2251248.1692999993
          ],
          [
            4714279.6764,
            2251288.2028
          ],
          [
            4714311.3854,
            2251341.528999999
          ],
          [
            4714333.5209,
            2251376.794500001
          ],
          [
            4714338.6246,
            2251397.7408000007
          ],
          [
            4714340.7297,
            2251408.9223999996
          ],
          [
            4714330.4649,
            2251434.4726
          ],
          [
            4714323.8868,
            2251451.8139999993
          ],
          [
            4714325.6249,
            2251462.701199999
          ],
          [
            4714332.7418,
            2251473.0303000007
          ],
          [
            4714345.6342,
            2251478.224300001
          ],
          [
            4714360.4568,
            2251482.0297999997
          ],
          [
            4714371.4629,
            2251480.626599999
          ],
          [
            4714388.771,
            2251485.6752000004
          ],
          [
            4714411.8136,
            2251498.7229999993
          ],
          [
            4714434.7152,
            2251507.5383
          ],
          [
            4714457.6019,
            2251509.0785000008
          ],
          [
            4714481.8115,
            2251504.9487999994
          ],
          [
            4714513.8514,
            2251495.4123
          ],
          [
            4714529.1312,
            2251493.8521
          ],
          [
            4714551.2209,
            2251493.8067000005
          ],
          [
            4714569.598,
            2251492.3160999995
          ],
          [
            4714576.8743,
            2251489.9179999996
          ],
          [
            4714583.0772,
            2251483.1592999995
          ],
          [
            4714585.9674,
            2251473.497300001
          ],
          [
            4714584.4003,
            2251463.8824000005
          ],
          [
            4714562.6757,
            2251428.3943000007
          ],
          [
            4714560.1988,
            2251421.3016999997
          ],
          [
            4714561.2172,
            2251405.824100001
          ],
          [
            4714559.7524,
            2251383.157400001
          ],
          [
            4714557.9842,
            2251373.555299999
          ],
          [
            4714548.8885,
            2251361.7189000007
          ],
          [
            4714535.5941,
            2251356.1410000008
          ],
          [
            4714524.4827,
            2251356.0316000003
          ],
          [
            4714510.4731,
            2251361.6159000006
          ],
          [
            4714502.9481,
            2251368.7742
          ],
          [
            4714490.832,
            2251384.5536
          ],
          [
            4714483.024,
            2251392.7568999995
          ],
          [
            4714468.6151,
            2251397.1514999997
          ],
          [
            4714453.4016,
            2251395.2841
          ],
          [
            4714443.4741,
            2251392.838199999
          ],
          [
            4714434.0647,
            2251384.1273999996
          ],
          [
            4714429.2848,
            2251375.4071999993
          ],
          [
            4714419.4003,
            2251328.6021999996
          ],
          [
            4714404.9828,
            2251264.478700001
          ],
          [
            4714399.9256,
            2251249.5419999994
          ],
          [
            4714383.3239,
            2251218.6259000003
          ],
          [
            4714376.8811,
            2251206.0924999993
          ],
          [
            4714375.6099,
            2251196.2853999995
          ],
          [
            4714377.5658,
            2251182.524700001
          ],
          [
            4714387.9534,
            2251152.344799999
          ],
          [
            4714394.9335,
            2251131.8828
          ],
          [
            4714401.3461,
            2251104.0370000005
          ],
          [
            4714402.7914,
            2251083.2007999998
          ],
          [
            4714399.8815,
            2251051.751700001
          ],
          [
            4714400.9151,
            2251035.8702000007
          ],
          [
            4714401.3371,
            2251017.4461000003
          ],
          [
            4714405.3986,
            2250986.1008
          ],
          [
            4714403.9703,
            2250977.7688999996
          ],
          [
            4714399.4591,
            2250970.2969000004
          ],
          [
            4714389.651,
            2250961.4492000006
          ],
          [
            4714381.0864,
            2250960.1382
          ],
          [
            4714384.5897,
            2250952.0494
          ],
          [
            4714383.9009,
            2250944.0007000007
          ],
          [
            4714376.733,
            2250931.793299999
          ],
          [
            4714361.4538,
            2250911.1894000005
          ],
          [
            4714353.244,
            2250933.2700999994
          ],
          [
            4714349.3522,
            2250953.1378000006
          ]
        ]
      }
    },
    {
      "type": "Feature",
      "properties": {
        "objectid": 42,
        "corredor": "Entrada Cerro El Volador",
        "municipio": "Medellín",
        "comuna": "7",
        "nom_comuna": "Robledo",
        "estado": "Construida",
        "anio_construido": "2019",
        "ente_constructor": "SMM",
        "ubicacion": "Vía de Servicio",
        "tipo": "Carril ciclopreferente",
        "nombre_ciclorruta": "CO 07 05 Entrada Cerro El Volador ",
        "tipologia_redciclista": "Bidireccional en calzada",
        "longitud": 1158.47992949,
        "st_length(shape)": 1158.4799294850257
      },
      "geometry": {
        "type": "LineString",
        "coordinates": [
          [
            4714361.4538,
            2250911.1894000005
          ],
          [
            4714364.6999,
            2250866.8401999995
          ],
          [
            4714366.6685,
            2250855.2825000007
          ],
          [
            4714371.6406,
            2250849.0195000004
          ],
          [
            4714400.944,
            2250818.2519000005
          ],
          [
            4714419.1093,
            2250803.280200001
          ],
          [
            4714428.4015,
            2250802.2279000003
          ],
          [
            4714441.3066,
            2250808.8232000005
          ],
          [
            4714456.5151,
            2250825.9154000003
          ],
          [
            4714471.9747,
            2250848.8245
          ],
          [
            4714483.1284,
            2250857.1873000003
          ],
          [
            4714501.9909,
            2250864.3396000005
          ],
          [
            4714510.5768,
            2250871.5185000002
          ],
          [
            4714515.3886,
            2250881.1086999997
          ],
          [
            4714519.5277,
            2250896.7621999998
          ],
          [
            4714520.3301,
            2250905.9428000003
          ],
          [
            4714517.7454,
            2250912.444599999
          ],
          [
            4714506.5764,
            2250933.1138000004
          ],
          [
            4714506.0653,
            2250940.6893000007
          ],
          [
            4714512.5437,
            2250978.9744000006
          ],
          [
            4714510.9554,
            2250992.4174000006
          ],
          [
            4714502.3379,
            2251033.2808
          ],
          [
            4714509.513,
            2251048.9803
          ],
          [
            4714524.0017,
            2251066.8192
          ],
          [
            4714533.5414,
            2251078.2959000003
          ],
          [
            4714536.2567,
            2251086.5441999994
          ],
          [
            4714536.7532,
            2251096.384400001
          ],
          [
            4714531.8775,
            2251118.2991000004
          ],
          [
            4714532.0608,
            2251130.2035000008
          ],
          [
            4714538.2786,
            2251136.969799999
          ],
          [
            4714577.8321,
            2251158.0457000006
          ],
          [
            4714594.5104,
            2251163.7257000003
          ],
          [
            4714608.1007,
            2251160.8660000004
          ],
          [
            4714647.3116,
            2251136.633199999
          ],
          [
            4714687.2692,
            2251111.9059999995
          ],
          [
            4714704.7048,
            2251104.134400001
          ],
          [
            4714754.6907,
            2251097.3651
          ],
          [
            4714772.4627,
            2251094.6301000006
          ],
          [
            4714796.3655,
            2251062.8352000006
          ],
          [
            4714806.0379,
            2251057.8946
          ],
          [
            4714815.0841,
            2251057.2411
          ],
          [
            4714823.9743,
            2251057.8577999994
          ],
          [
            4714832.8758,
            2251064.0299999993
          ],
          [
            4714843.5436,
            2251080.0396999996
          ],
          [
            4714856.4635,
            2251110.6479
          ],
          [
            4714861.5823,
            2251129.843699999
          ],
          [
            4714869.2388,
            2251148.081700001
          ],
          [
            4714881.8207,
            2251168.6907
          ],
          [
            4714891.0573,
            2251183.433599999
          ],
          [
            4714898.5587,
            2251203.4179999996
          ],
          [
            4714902.912,
            2251223.117799999
          ],
          [
            4714912.7672,
            2251243.0712
          ],
          [
            4714926.092,
            2251257.5146999992
          ],
          [
            4714943.825,
            2251270.99
          ],
          [
            4714955.8084,
            2251280.0962000005
          ],
          [
            4714978.3929,
            2251303.0813999996
          ]
        ]
      }
    },
    {
      "type": "Feature",
      "properties": {
        "objectid": 43,
        "corredor": "Jardín Circunvalar Etapa I Fase 2",
        "municipio": "Medellín",
        "comuna": "90",
        "nom_comuna": "Santa Elena",
        "estado": "Construida",
        "anio_construido": "2016",
        "ente_constructor": "SIF - EDU",
        "ubicacion": "Parque",
        "tipo": "Ciclorruta",
        "nombre_ciclorruta": "SA 08 02 Jardín Circunvalar Etapa I Fase 2",
        "tipologia_redciclista": "Bidireccional en andén",
        "longitud": 2190.54237423,
        "st_length(shape)": 2190.542374225018
      },
      "geometry": {
        "type": "LineString",
        "coordinates": [
          [
            4719198.3995,
            2249093.0770999994
          ],
          [
            4719206.7283,
            2249092.8039999995
          ],
          [
            4719209.0788,
            2249092.727
          ],
          [
            4719216.7858,
            2249088.8517000005
          ],
          [
            4719218.8082,
            2249076.7523999996
          ],
          [
            4719217.2515,
            2249063.785700001
          ],
          [
            4719214.2029,
            2249058.0955
          ],
          [
            4719210.1035,
            2249050.5030000005
          ],
          [
            4719200.8007,
            2249037.9163000006
          ],
          [
            4719198.5931,
            2249035.6032
          ],
          [
            4719191.2652,
            2249028.6458
          ],
          [
            4719179.3301,
            2249017.6680999994
          ],
          [
            4719174.529,
            2249005.4466999993
          ],
          [
            4719170.3093,
            2248994.7051
          ],
          [
            4719171.03,
            2248989.8575
          ],
          [
            4719173.2423,
            2248985.0118000004
          ],
          [
            4719175.2197,
            2248981.753900001
          ],
          [
            4719172.8316,
            2248978.2799999993
          ],
          [
            4719171.1141,
            2248975.6986999996
          ],
          [
            4719168.9128,
            2248970.087099999
          ],
          [
            4719168.8854,
            2248929.3571000006
          ],
          [
            4719176.753,
            2248895.796599999
          ],
          [
            4719186.781,
            2248883.7127
          ],
          [
            4719187.7141,
            2248874.2929999996
          ],
          [
            4719184.6247,
            2248864.2467
          ],
          [
            4719179.565,
            2248850.160700001
          ],
          [
            4719179.9809,
            2248844.3358999994
          ],
          [
            4719189.8154,
            2248823.8839999996
          ],
          [
            4719200.5633,
            2248801.6402000003
          ],
          [
            4719219.2521,
            2248790.1976999994
          ],
          [
            4719228.3438,
            2248770.4656000007
          ],
          [
            4719240.0062,
            2248749.602600001
          ],
          [
            4719246.822,
            2248719.113
          ],
          [
            4719250.7627,
            2248705.7454000004
          ],
          [
            4719258.2557,
            2248682.9791
          ],
          [
            4719262.0171,
            2248673.1821
          ],
          [
            4719288.4206,
            2248648.3269999996
          ],
          [
            4719290.0818,
            2248627.815199999
          ],
          [
            4719283.4262,
            2248601.8543
          ],
          [
            4719285.7102,
            2248591.0660999995
          ],
          [
            4719293.1294,
            2248571.0513000004
          ],
          [
            4719301.1926,
            2248555.4794999994
          ],
          [
            4719314.6603,
            2248543.7061
          ],
          [
            4719321.9533,
            2248539.5643000007
          ],
          [
            4719329.7309,
            2248539.5483999997
          ],
          [
            4719341.3231,
            2248542.064200001
          ],
          [
            4719354.4968,
            2248541.719799999
          ],
          [
            4719367.189,
            2248538.8367
          ],
          [
            4719374.1626,
            2248533.7432000004
          ],
          [
            4719376.4968,
            2248529.8423999995
          ],
          [
            4719372.9123,
            2248521.011
          ],
          [
            4719376.9793,
            2248515.1291000005
          ],
          [
            4719391.7765,
            2248507.9790000003
          ],
          [
            4719432.5481,
            2248470.2863999996
          ],
          [
            4719445.3169,
            2248455.6247000005
          ],
          [
            4719441.6243,
            2248444.5789
          ],
          [
            4719442.936,
            2248420.905200001
          ],
          [
            4719448.2917,
            2248406.8322
          ],
          [
            4719459.2297,
            2248386.3430000003
          ],
          [
            4719470.5903,
            2248366.247199999
          ],
          [
            4719474.1717,
            2248358.1977999993
          ],
          [
            4719474.7928,
            2248351.4242000002
          ],
          [
            4719472.4478,
            2248343.1751000006
          ],
          [
            4719472.6469,
            2248337.0373
          ],
          [
            4719476.4364,
            2248327.2941999994
          ],
          [
            4719486.1855,
            2248308.1675000004
          ],
          [
            4719491.2475,
            2248299.7446
          ],
          [
            4719500.8973,
            2248283.8521
          ],
          [
            4719515.158,
            2248271.7597000003
          ],
          [
            4719525.4587,
            2248263.6435000002
          ],
          [
            4719549.2341,
            2248247.2459999993
          ],
          [
            4719557.0703,
            2248240.8389
          ],
          [
            4719562.3721,
            2248229.4416000005
          ],
          [
            4719571.7223,
            2248222.2797999997
          ],
          [
            4719577.2399,
            2248219.5472
          ],
          [
            4719582.3404,
            2248214.162900001
          ],
          [
            4719582.8065,
            2248209.2413999997
          ],
          [
            4719579.1503,
            2248206.5505999997
          ],
          [
            4719572.0096,
            2248207.5176
          ],
          [
            4719563.1255,
            2248209.7578999996
          ],
          [
            4719555.8441,
            2248219.6139
          ],
          [
            4719549.6743,
            2248229.6263999995
          ],
          [
            4719542.5889,
            2248231.8101000004
          ],
          [
            4719532.4382,
            2248235.6404
          ],
          [
            4719518.3742,
            2248240.431
          ],
          [
            4719504.4163,
            2248245.3270999994
          ],
          [
            4719499.0313,
            2248251.0523000006
          ],
          [
            4719492.6876,
            2248257.7148
          ],
          [
            4719487.1523,
            2248260.3982999995
          ],
          [
            4719475.9931,
            2248265.8082
          ],
          [
            4719465.8544,
            2248275.4584999997
          ],
          [
            4719462.8951,
            2248277.2633999996
          ],
          [
            4719458.6659,
            2248278.9651999995
          ],
          [
            4719452.8427,
            2248277.389799999
          ],
          [
            4719449.8696,
            2248272.4223999996
          ],
          [
            4719451.9749,
            2248267.021400001
          ],
          [
            4719463.1733,
            2248258.1097999997
          ],
          [
            4719476.176,
            2248251.7339999992
          ],
          [
            4719483.6812,
            2248247.9091999996
          ],
          [
            4719487.3692,
            2248241.0711000003
          ],
          [
            4719491.9071,
            2248234.241800001
          ],
          [
            4719506.4848,
            2248221.9371000007
          ],
          [
            4719518.9684,
            2248212.3748000003
          ],
          [
            4719530.4722,
            2248205.697899999
          ],
          [
            4719531.2996,
            2248203.1801999994
          ],
          [
            4719530.4612,
            2248200.3012000006
          ],
          [
            4719526.7528,
            2248197.9806999993
          ],
          [
            4719519.2402,
            2248198.207699999
          ],
          [
            4719509.1925,
            2248200.6622
          ],
          [
            4719487.3051,
            2248208.9606999997
          ],
          [
            4719479.7001,
            2248215.7486000005
          ],
          [
            4719473.9979,
            2248221.5802999996
          ],
          [
            4719468.0807,
            2248225.825099999
          ],
          [
            4719456.6598,
            2248229.4464
          ],
          [
            4719445.6662,
            2248235.0771999992
          ],
          [
            4719432.9998,
            2248242.3212
          ],
          [
            4719428.7562,
            2248245.2704000007
          ],
          [
            4719424.0813,
            2248252.0976
          ],
          [
            4719420.3203,
            2248259.6788999997
          ],
          [
            4719417.2518,
            2248259.7909999993
          ],
          [
            4719413.7557,
            2248257.7875999995
          ],
          [
            4719411.4213,
            2248254.7236
          ],
          [
            4719410.2483,
            2248250.2817
          ],
          [
            4719413.728,
            2248244.242900001
          ],
          [
            4719418.478,
            2248238.5189999994
          ],
          [
            4719429.0156,
            2248232.7156000007
          ],
          [
            4719434.8166,
            2248229.079
          ],
          [
            4719440.3541,
            2248224.7180000003
          ],
          [
            4719453.0289,
            2248213.2635999992
          ],
          [
            4719461.1562,
            2248203.1942
          ],
          [
            4719470.8598,
            2248187.7249
          ],
          [
            4719476.4578,
            2248182.6341999993
          ],
          [
            4719484.5919,
            2248175.8452000003
          ],
          [
            4719490.5067,
            2248170.4364
          ],
          [
            4719496.3088,
            2248161.7474000007
          ],
          [
            4719505.5892,
            2248146.278999999
          ],
          [
            4719510.2358,
            2248141.7193
          ],
          [
            4719528.845,
            2248134.4856000002
          ],
          [
            4719533.4967,
            2248132.3597
          ],
          [
            4719535.818,
            2248129.0746
          ],
          [
            4719536.1257,
            2248124.3122000005
          ],
          [
            4719533.3499,
            2248118.8419000003
          ],
          [
            4719528.6003,
            2248118.2959000003
          ],
          [
            4719523.946,
            2248119.151900001
          ],
          [
            4719519.0899,
            2248124.770300001
          ],
          [
            4719514.2309,
            2248129.0130000003
          ],
          [
            4719503.449,
            2248134.6433000006
          ],
          [
            4719496.7908,
            2248138.678099999
          ],
          [
            4719484.1148,
            2248149.5504
          ],
          [
            4719469.3329,
            2248165.453400001
          ],
          [
            4719459.5674,
            2248176.5842000004
          ],
          [
            4719451.121,
            2248185.8606000002
          ],
          [
            4719442.9385,
            2248194.8718999997
          ],
          [
            4719428.9382,
            2248204.9532999992
          ],
          [
            4719417.3037,
            2248207.6225000005
          ],
          [
            4719407.9343,
            2248208.8169
          ],
          [
            4719395.9295,
            2248198.2565
          ],
          [
            4719388.2524,
            2248189.9978
          ],
          [
            4719385.2156,
            2248179.9471000005
          ],
          [
            4719386.9582,
            2248174.0764000006
          ],
          [
            4719418.1865,
            2248131.2314
          ],
          [
            4719432.3676,
            2248111.0325000007
          ],
          [
            4719438.1656,
            2248096.8466999996
          ],
          [
            4719455.4512,
            2248054.7324
          ],
          [
            4719461.7196,
            2248046.296
          ],
          [
            4719481.9787,
            2248047.0834999997
          ],
          [
            4719495.8585,
            2248041.1951
          ],
          [
            4719508.5474,
            2248036.6718000006
          ],
          [
            4719515.4088,
            2248028.4569000006
          ],
          [
            4719517.2688,
            2248016.9717999995
          ],
          [
            4719517.5388,
            2248013.2147000004
          ],
          [
            4719516.0087,
            2248008.786699999
          ],
          [
            4719513.2186,
            2248002.774
          ],
          [
            4719509.7038,
            2247998.0856
          ],
          [
            4719505.4633,
            2247994.258300001
          ],
          [
            4719499.4417,
            2247992.6833999995
          ],
          [
            4719489.5232,
            2247993.6295999996
          ]
        ]
      }
    },
    {
      "type": "Feature",
      "properties": {
        "objectid": 44,
        "corredor": "Carrera 30 La Milagrosa",
        "municipio": "Medellín",
        "comuna": "9",
        "nom_comuna": "Buenos Aires",
        "estado": "Construida",
        "anio_construido": "2019",
        "ente_constructor": "SMM",
        "ubicacion": "Vía Colectora",
        "tipo": "Ciclobanda",
        "nombre_ciclorruta": "SC 09 01 Carrera 30 La Milagrosa",
        "tipologia_redciclista": "Bidireccional en calzada",
        "longitud": 579.76499902,
        "st_length(shape)": 579.7649990166578
      },
      "geometry": {
        "type": "LineString",
        "coordinates": [
          [
            4717342.2391,
            2247768.5154
          ],
          [
            4717361.7894,
            2247807.4168
          ],
          [
            4717378.7865,
            2247839.7624999993
          ],
          [
            4717398.7552,
            2247876.334899999
          ],
          [
            4717415.9615,
            2247907.4104999993
          ],
          [
            4717430.0758,
            2247932.8900000006
          ],
          [
            4717448.5726,
            2247968.4012
          ],
          [
            4717463.1219,
            2247993.8737000003
          ],
          [
            4717478.735,
            2248022.0954
          ],
          [
            4717502.8471,
            2248066.7016000003
          ],
          [
            4717518.5669,
            2248095.3462000005
          ],
          [
            4717521.5393,
            2248099.996200001
          ],
          [
            4717540.8574,
            2248128.8452000003
          ],
          [
            4717550.8858,
            2248144.0930000003
          ],
          [
            4717557.9517,
            2248156.9580000006
          ],
          [
            4717576.5414,
            2248191.8401999995
          ],
          [
            4717578.985,
            2248196.596999999
          ],
          [
            4717601.2936,
            2248238.9846
          ],
          [
            4717624.0122,
            2248274.8105999995
          ]
        ]
      }
    },
    {
      "type": "Feature",
      "properties": {
        "objectid": 45,
        "corredor": "Paseo Bolivar",
        "municipio": "Medellín",
        "comuna": "10",
        "nom_comuna": "La Candelaria",
        "estado": "Construida",
        "anio_construido": "2018",
        "ente_constructor": "SIF",
        "ubicacion": "Via Arteria",
        "tipo": "Ciclorruta",
        "nombre_ciclorruta": "SA 10 06 Paseo Bolivar",
        "tipologia_redciclista": "Bidireccional en andén",
        "longitud": 829.32124952,
        "st_length(shape)": 829.3212495201548
      },
      "geometry": {
        "type": "LineString",
        "coordinates": [
          [
            4716006.4031,
            2249464.8861999996
          ],
          [
            4715984.9274,
            2249460.690199999
          ],
          [
            4715962.4443,
            2249453.0446000006
          ],
          [
            4715949.8869,
            2249448.0096000005
          ],
          [
            4715910.7287,
            2249364.7642
          ],
          [
            4715876.7615,
            2249287.6916000005
          ],
          [
            4715859.0646,
            2249249.6328999996
          ],
          [
            4715834.9886,
            2249196.9843000006
          ],
          [
            4715804.6686,
            2249135.5021
          ],
          [
            4715792.8966,
            2249105.4839999992
          ],
          [
            4715779.158,
            2249078.9482000005
          ],
          [
            4715763.0345,
            2249043.204399999
          ],
          [
            4715750.6667,
            2249015.7863
          ],
          [
            4715734.0354,
            2248963.8596
          ],
          [
            4715719.9546,
            2248923.4158999994
          ],
          [
            4715706.1223,
            2248886.4076000005
          ],
          [
            4715692.6536,
            2248852.4586999994
          ],
          [
            4715684.5917,
            2248834.8879000004
          ],
          [
            4715662.1037,
            2248782.5534000006
          ],
          [
            4715650.5053,
            2248755.0505999997
          ],
          [
            4715644.836,
            2248749.1865999997
          ],
          [
            4715640.1767,
            2248748.3177000005
          ],
          [
            4715638.5154,
            2248748.0078999996
          ]
        ]
      }
    },
    {
      "type": "Feature",
      "properties": {
        "objectid": 46,
        "corredor": "Maturín Tramo Bolívar",
        "municipio": "Medellín",
        "comuna": "10",
        "nom_comuna": "La Candelaria",
        "estado": "Construida",
        "anio_construido": "2018",
        "ente_constructor": "SIF - EDU",
        "ubicacion": "Via Arteria",
        "tipo": "Ciclorruta",
        "nombre_ciclorruta": "SA 10 09 Maturín Tramo Bolívar",
        "tipologia_redciclista": "Bidireccional en calzada",
        "longitud": 92.70218625,
        "st_length(shape)": 92.70218624849194
      },
      "geometry": {
        "type": "LineString",
        "coordinates": [
          [
            4715662.3437,
            2249043.9367999993
          ],
          [
            4715721.6222,
            2249024.7770000007
          ],
          [
            4715750.6667,
            2249015.7863
          ]
        ]
      }
    },
    {
      "type": "Feature",
      "properties": {
        "objectid": 47,
        "corredor": "Av. La Playa Tramo I",
        "municipio": "Medellín",
        "comuna": "10",
        "nom_comuna": "La Candelaria",
        "estado": "Construida",
        "anio_construido": "2019",
        "ente_constructor": "SIF - EDU",
        "ubicacion": "Via Arteria",
        "tipo": "Ciclorruta",
        "nombre_ciclorruta": "SA 10 05 Av. La Playa Tramo I",
        "tipologia_redciclista": "Bidireccional en andén",
        "longitud": 1568.44620503,
        "st_length(shape)": 1568.446205026304
      },
      "geometry": {
        "type": "MultiLineString",
        "coordinates": [
          [
            [
              4716873.8783,
              2249064.8111000005
            ],
            [
              4716884.5726,
              2249059.4453999996
            ],
            [
              4716895.0389,
              2249054.6621000003
            ],
            [
              4716902.0053,
              2249050.5054
            ],
            [
              4716906.1479,
              2249053.686899999
            ],
            [
              4716915.6745,
              2249055.096000001
            ],
            [
              4716937.4059,
              2249048.0672999993
            ],
            [
              4716958.8114,
              2249036.9124999996
            ],
            [
              4716975.2962,
              2249025.7677999996
            ],
            [
              4716989.3973,
              2249013.1993000004
            ],
            [
              4716994.1432,
              2249005.4120000005
            ],
            [
              4717002.4167,
              2249018.2365000006
            ],
            [
              4716985.7317,
              2249034.9901
            ],
            [
              4716963.0136,
              2249055.5263
            ],
            [
              4716938.394,
              2249068.7376000006
            ],
            [
              4716922.3204,
              2249074.0614
            ],
            [
              4716900.6146,
              2249077.4723000005
            ],
            [
              4716887.1848,
              2249076.358100001
            ],
            [
              4716877.4503,
              2249069.459899999
            ],
            [
              4716873.8783,
              2249064.8111000005
            ]
          ],
          [
            [
              4715885.0672,
              2249601.5886000004
            ],
            [
              4715928.5942,
              2249590.8002000004
            ],
            [
              4715956.6724,
              2249582.647399999
            ],
            [
              4715976.6579,
              2249575.6224000007
            ],
            [
              4716003.0126,
              2249559.0649999995
            ],
            [
              4716010.1853,
              2249547.8334
            ],
            [
              4716018.4036,
              2249530.462200001
            ],
            [
              4716006.3139,
              2249466.0430999994
            ],
            [
              4716006.4031,
              2249464.8861999996
            ],
            [
              4716008.1693,
              2249441.982999999
            ],
            [
              4716025.1725,
              2249399.7660000008
            ],
            [
              4716029.0688,
              2249398.3748000003
            ],
            [
              4716039.166,
              2249379.8499
            ],
            [
              4716047.6179,
              2249360.3486
            ],
            [
              4716051.8886,
              2249352.9987000003
            ],
            [
              4716058.6862,
              2249345.085999999
            ],
            [
              4716124.3471,
              2249304.7246000003
            ],
            [
              4716165.2865,
              2249279.6827000007
            ],
            [
              4716206.0106,
              2249254.772500001
            ],
            [
              4716218.7309,
              2249246.9760999996
            ],
            [
              4716250.2869,
              2249231.8323
            ],
            [
              4716296.5919,
              2249210.467700001
            ],
            [
              4716327.3417,
              2249202.2457
            ],
            [
              4716352.9173,
              2249195.275699999
            ],
            [
              4716382.0254,
              2249186.168400001
            ],
            [
              4716409.3861,
              2249176.4299
            ],
            [
              4716436.3997,
              2249164.8334
            ],
            [
              4716440.2205,
              2249163.1932999995
            ],
            [
              4716459.7601,
              2249152.1943999995
            ],
            [
              4716470.0387,
              2249146.623299999
            ],
            [
              4716493.9856,
              2249136.3363000005
            ],
            [
              4716510.0051,
              2249130.4305000007
            ],
            [
              4716528.2491,
              2249125.4738999996
            ],
            [
              4716550.7772,
              2249120.1089999992
            ],
            [
              4716575.1327,
              2249115.5352999996
            ],
            [
              4716579.4167,
              2249114.7328999992
            ],
            [
              4716606.5483,
              2249109.3597999997
            ],
            [
              4716627.9639,
              2249103.2049000002
            ],
            [
              4716637.4818,
              2249100.3282999992
            ],
            [
              4716661.0365,
              2249092.2642
            ],
            [
              4716673.8012,
              2249085.9683
            ],
            [
              4716675.8985,
              2249084.935799999
            ],
            [
              4716677.6862,
              2249084.0556000005
            ],
            [
              4716691.1629,
              2249076.6470999997
            ],
            [
              4716716.2925,
              2249062.5481000002
            ],
            [
              4716747.7643,
              2249045.1028000005
            ],
            [
              4716761.3986,
              2249037.1384999994
            ],
            [
              4716784.635,
              2249028.6783000007
            ],
            [
              4716796.4564,
              2249026.749399999
            ],
            [
              4716805.5823,
              2249026.333799999
            ],
            [
              4716813.0444,
              2249027.1915000007
            ],
            [
              4716822.8985,
              2249029.6514999997
            ],
            [
              4716840.4883,
              2249034.879899999
            ],
            [
              4716851.1595,
              2249042.7972
            ],
            [
              4716859.7897,
              2249049.0200999994
            ],
            [
              4716868.9283,
              2249058.3814000003
            ],
            [
              4716870.924,
              2249060.4256999996
            ],
            [
              4716873.8783,
              2249064.8111000005
            ]
          ]
        ]
      }
    },
    {
      "type": "Feature",
      "properties": {
        "objectid": 48,
        "corredor": "Parques del Río Etapa 1B",
        "municipio": "Medellín",
        "comuna": "10",
        "nom_comuna": "La Candelaria",
        "estado": "Construida",
        "anio_construido": "2020",
        "ente_constructor": "SIF",
        "ubicacion": "Autopista",
        "tipo": "Ciclorruta",
        "nombre_ciclorruta": "SA 10 10 Parques del Río Etapa 1B",
        "tipologia_redciclista": "Compartida con peatón",
        "longitud": 1016.24490007,
        "st_length(shape)": 1016.2449000727264
      },
      "geometry": {
        "type": "LineString",
        "coordinates": [
          [
            4714846.6542,
            2248967.5863000005
          ],
          [
            4714817.3046,
            2248975.0538999997
          ],
          [
            4714796.3989,
            2248971.9221
          ],
          [
            4714780.7791,
            2248966.398600001
          ],
          [
            4714771.9616,
            2248961.750499999
          ],
          [
            4714752.6839,
            2248940.5304000005
          ],
          [
            4714734.3965,
            2248924.1657999996
          ],
          [
            4714726.1678,
            2248910.6906000003
          ],
          [
            4714722.9898,
            2248898.0002999995
          ],
          [
            4714723.9946,
            2248882.9175000004
          ],
          [
            4714727.405,
            2248868.8893999998
          ],
          [
            4714734.77,
            2248848.2393999994
          ],
          [
            4714740.5575,
            2248832.354699999
          ],
          [
            4714760.5423,
            2248773.3192999996
          ],
          [
            4714775.0031,
            2248729.6392
          ],
          [
            4714789.2979,
            2248684.8599999994
          ],
          [
            4714798.8029,
            2248687.9767000005
          ],
          [
            4714813.1967,
            2248648.6088999994
          ],
          [
            4714834.4918,
            2248583.486300001
          ],
          [
            4714860.2566,
            2248504.8625000007
          ],
          [
            4714876.8207,
            2248454.8288000003
          ],
          [
            4714884.9503,
            2248452.2434
          ],
          [
            4714894.3376,
            2248422.283
          ],
          [
            4714894.2624,
            2248413.4705999997
          ],
          [
            4714913.5054,
            2248353.9076000005
          ],
          [
            4714926.6016,
            2248315.6271
          ],
          [
            4714935.4625,
            2248301.9583
          ],
          [
            4714945.1294,
            2248294.3194999993
          ],
          [
            4714964.6289,
            2248282.5336000007
          ],
          [
            4714993.3419,
            2248274.2207999993
          ],
          [
            4715005.711,
            2248268.4813
          ],
          [
            4715017.2801,
            2248259.5688000005
          ],
          [
            4715023.2948,
            2248251.3026
          ],
          [
            4715032.1553,
            2248237.4749
          ],
          [
            4715046.5274,
            2248217.3495000005
          ],
          [
            4715053.8394,
            2248207.2720999997
          ],
          [
            4715062.0865,
            2248203.9218000006
          ],
          [
            4715068.5992,
            2248203.8575999998
          ],
          [
            4715089.0178,
            2248214.4870999996
          ],
          [
            4715101.7777,
            2248211.8981
          ]
        ]
      }
    },
    {
      "type": "Feature",
      "properties": {
        "objectid": 49,
        "corredor": "Av. D Greiff",
        "municipio": "Medellín",
        "comuna": "10",
        "nom_comuna": "La Candelaria",
        "estado": "Construida",
        "anio_construido": "2020",
        "ente_constructor": "SIF - EDU",
        "ubicacion": "Via Arteria",
        "tipo": "Ciclorruta",
        "nombre_ciclorruta": "SA 10 08 Av. D Greiff",
        "tipologia_redciclista": "Bidireccional en andén",
        "longitud": 668.72610803,
        "st_length(shape)": 668.7261080347355
      },
      "geometry": {
        "type": "LineString",
        "coordinates": [
          [
            4715885.0672,
            2249601.5886000004
          ],
          [
            4715841.4223,
            2249619.3446999993
          ],
          [
            4715798.0676,
            2249635.3298000004
          ],
          [
            4715764.3434,
            2249644.7084999997
          ],
          [
            4715731.5264,
            2249658.5073000006
          ],
          [
            4715686.684,
            2249680.3619999997
          ],
          [
            4715662.9166,
            2249691.0084000006
          ],
          [
            4715640.3662,
            2249706.0623000003
          ],
          [
            4715609.0162,
            2249739.1887
          ],
          [
            4715591.4383,
            2249775.1680999994
          ],
          [
            4715584.7202,
            2249815.9722000007
          ],
          [
            4715586.0924,
            2249840.808700001
          ],
          [
            4715590.1432,
            2249865.632200001
          ],
          [
            4715594.2221,
            2249882.6351999994
          ],
          [
            4715597.9932,
            2249900.0712
          ],
          [
            4715601.3142,
            2249918.250499999
          ],
          [
            4715599.4477,
            2249937.1963
          ],
          [
            4715594.176,
            2249952.3758000005
          ],
          [
            4715586.2242,
            2249967.2698
          ],
          [
            4715573.4057,
            2249987.3862999994
          ],
          [
            4715560.5912,
            2250006.0317
          ],
          [
            4715545.255,
            2250027.3330000006
          ],
          [
            4715532.9272,
            2250054.968699999
          ],
          [
            4715533.8905,
            2250070.8808999993
          ]
        ]
      }
    },
    {
      "type": "Feature",
      "properties": {
        "objectid": 50,
        "corredor": "Maturín",
        "municipio": "Medellín",
        "comuna": "10",
        "nom_comuna": "La Candelaria",
        "estado": "Construida",
        "anio_construido": "2020",
        "ente_constructor": "SIF - EDU",
        "ubicacion": "Vía Colectora",
        "tipo": "Ciclorruta",
        "nombre_ciclorruta": "SC 10 09 Maturín",
        "tipologia_redciclista": "Bidireccional en andén",
        "longitud": 394.76889779,
        "st_length(shape)": 394.76889778574593
      },
      "geometry": {
        "type": "LineString",
        "coordinates": [
          [
            4715560.435,
            2249089.2654999997
          ],
          [
            4715346.4376,
            2249155.6610000003
          ],
          [
            4715337.5016,
            2249150.3954000007
          ],
          [
            4715329.1793,
            2249148.4119000006
          ],
          [
            4715186.9297,
            2249201.3498
          ]
        ]
      }
    },
    {
      "type": "Feature",
      "properties": {
        "objectid": 51,
        "corredor": "Bicentenario - Museo de la Memoria",
        "municipio": "Medellín",
        "comuna": "10",
        "nom_comuna": "La Candelaria",
        "estado": "Construida",
        "anio_construido": "2019",
        "ente_constructor": "SIF - EDU",
        "ubicacion": "Vía Colectora",
        "tipo": "Ciclobanda",
        "nombre_ciclorruta": "SC 10 12 Bicentenario - Museo de la Memoria",
        "tipologia_redciclista": "Bidireccional en calzada",
        "longitud": 296.37012334,
        "st_length(shape)": 296.3701233439519
      },
      "geometry": {
        "type": "LineString",
        "coordinates": [
          [
            4717172.126,
            2248864.0043
          ],
          [
            4717164.6183,
            2248850.8614000008
          ],
          [
            4717155.7721,
            2248835.375499999
          ],
          [
            4717122.0451,
            2248781.5480000004
          ],
          [
            4717098.6298,
            2248741.4376999997
          ],
          [
            4717086.5201,
            2248718.7643
          ],
          [
            4717083.1399,
            2248695.9144
          ],
          [
            4717081.0592,
            2248687.505999999
          ],
          [
            4717065.2838,
            2248657.5386999995
          ],
          [
            4717041.8036,
            2248610.2512999997
          ],
          [
            4717035.2164,
            2248603.6767999995
          ]
        ]
      }
    },
    {
      "type": "Feature",
      "properties": {
        "objectid": 52,
        "corredor": "Giraldo",
        "municipio": "Medellín",
        "comuna": "10",
        "nom_comuna": "La Candelaria",
        "estado": "Construida",
        "anio_construido": "2019",
        "ente_constructor": "SIF - EDU",
        "ubicacion": "Vía Colectora",
        "tipo": "Ciclobanda",
        "nombre_ciclorruta": "SC 10 14 Giraldo",
        "tipologia_redciclista": "Bidireccional en calzada",
        "longitud": 752.74593188,
        "st_length(shape)": 752.7459318772986
      },
      "geometry": {
        "type": "LineString",
        "coordinates": [
          [
            4717002.4167,
            2249018.2365000006
          ],
          [
            4717025.348,
            2249050.4488999993
          ],
          [
            4717041.4683,
            2249080.7841999996
          ],
          [
            4717083.137,
            2249148.2084999997
          ],
          [
            4717131.2736,
            2249223.0867999997
          ],
          [
            4717134.8178,
            2249228.9657000005
          ],
          [
            4717165.1946,
            2249279.8287000004
          ],
          [
            4717177.7811,
            2249297.5320999995
          ],
          [
            4717187.1213,
            2249311.2695000004
          ],
          [
            4717218.9757,
            2249364.325200001
          ],
          [
            4717222.5848,
            2249369.8203
          ],
          [
            4717277.7805,
            2249452.6690999996
          ],
          [
            4717317.6203,
            2249423.6665000003
          ],
          [
            4717386.4081,
            2249377.5266999993
          ],
          [
            4717415.9669,
            2249362.519200001
          ],
          [
            4717422.7979,
            2249365.3093999997
          ],
          [
            4717437.1035,
            2249375.0682999995
          ],
          [
            4717443.4624,
            2249379.8170999996
          ],
          [
            4717480.7942,
            2249394.8198000006
          ]
        ]
      }
    },
    {
      "type": "Feature",
      "properties": {
        "objectid": 53,
        "corredor": "Bolivia",
        "municipio": "Medellín",
        "comuna": "10",
        "nom_comuna": "La Candelaria",
        "estado": "Construida",
        "anio_construido": "2020",
        "ente_constructor": "SIF - EDU",
        "ubicacion": "Vía de Servicio",
        "tipo": "Ciclobanda",
        "nombre_ciclorruta": "SC 10 10 Bolivia",
        "tipologia_redciclista": "Bidireccional en calzada",
        "longitud": 2424.02230537,
        "st_length(shape)": 2424.02230537147
      },
      "geometry": {
        "type": "MultiLineString",
        "coordinates": [
          [
            [
              4717732.2705,
              2248802.1163999997
            ],
            [
              4717736.0646,
              2248794.5955
            ],
            [
              4717742.1916,
              2248783.9455999993
            ],
            [
              4717748.9462,
              2248780.8127999995
            ],
            [
              4717756.561,
              2248778.7865999993
            ],
            [
              4717764.7139,
              2248781.2037000004
            ],
            [
              4717771.2814,
              2248784.4705999997
            ],
            [
              4717774.7857,
              2248790.4952000007
            ],
            [
              4717777.4124,
              2248797.9186000004
            ],
            [
              4717778.3053,
              2248803.9268999994
            ],
            [
              4717770.578,
              2248802.6729000006
            ],
            [
              4717761.795,
              2248802.6909
            ],
            [
              4717751.1102,
              2248804.0884000007
            ],
            [
              4717741.904,
              2248804.1072000004
            ],
            [
              4717732.2705,
              2248802.1163999997
            ]
          ],
          [
            [
              4717732.2705,
              2248802.1163999997
            ],
            [
              4717725.3925,
              2248802.236300001
            ],
            [
              4717706.3435,
              2248801.4288999997
            ],
            [
              4717690.9951,
              2248799.132200001
            ],
            [
              4717667.3484,
              2248826.7994
            ],
            [
              4717658.3447,
              2248836.8025
            ],
            [
              4717657.2149,
              2248839.0951000005
            ],
            [
              4717662.9384,
              2248843.6336000003
            ],
            [
              4717666.4398,
              2248848.1766999997
            ],
            [
              4717670.1712,
              2248861.7138
            ],
            [
              4717670.8373,
              2248876.9503000006
            ],
            [
              4717670.8122,
              2248883.2075999994
            ],
            [
              4717666.9373,
              2248884.9976000004
            ],
            [
              4717660.5947,
              2248887.553099999
            ],
            [
              4717641.8552,
              2248895.6942
            ],
            [
              4717601.089,
              2248918.3235
            ],
            [
              4717550.018,
              2248950.072899999
            ],
            [
              4717509.7595,
              2248974.6799
            ],
            [
              4717432.3744,
              2249028.314099999
            ],
            [
              4717425.4231,
              2249032.8706
            ],
            [
              4717356.2993,
              2249078.1812999994
            ],
            [
              4717281.7128,
              2249126.869000001
            ],
            [
              4717263.6472,
              2249137.8960999995
            ],
            [
              4717208.7253,
              2249169.7531000003
            ],
            [
              4717131.2736,
              2249223.0867999997
            ],
            [
              4717129.4415,
              2249224.3484000005
            ],
            [
              4716414.0685,
              2249675.239
            ],
            [
              4716407.6585,
              2249684.0417
            ],
            [
              4716464.6252,
              2249783.3685999997
            ],
            [
              4716407.4715,
              2249815.867900001
            ],
            [
              4716320.6702,
              2249865.2257000003
            ],
            [
              4716257.8711,
              2249902.1444000006
            ],
            [
              4716194.4953,
              2249934.3095999993
            ],
            [
              4716144.8269,
              2249962.8685
            ],
            [
              4716116.9242,
              2249967.5397999994
            ],
            [
              4716107.4665,
              2249964.2124000005
            ],
            [
              4716092.0777,
              2249967.981899999
            ],
            [
              4716084.7291,
              2249974.9531999994
            ],
            [
              4716069.73,
              2249979.1964999996
            ],
            [
              4715973.0639,
              2249996.1941
            ],
            [
              4715967.255,
              2249997.215500001
            ]
          ]
        ]
      }
    },
    {
      "type": "Feature",
      "properties": {
        "objectid": 54,
        "corredor": "Perpetuo Socorro",
        "municipio": "Medellín",
        "comuna": "10",
        "nom_comuna": "La Candelaria",
        "estado": "Construida",
        "anio_construido": "2020",
        "ente_constructor": "SMM",
        "ubicacion": "Vía Colectora",
        "tipo": "Ciclobanda",
        "nombre_ciclorruta": "SC 10 09 Perpetuo Socorro",
        "tipologia_redciclista": "Bidireccional en calzada",
        "longitud": 626.25509374,
        "st_length(shape)": 626.2550937382687
      },
      "geometry": {
        "type": "LineString",
        "coordinates": [
          [
            4715257.1331,
            2247350.0441999994
          ],
          [
            4715281.086,
            2247404.816299999
          ],
          [
            4715289.3118,
            2247416.968800001
          ],
          [
            4715314.6157,
            2247436.2291
          ],
          [
            4715329.4614,
            2247448.2606000006
          ],
          [
            4715334.2723,
            2247451.9648
          ],
          [
            4715338.2071,
            2247450.7951999996
          ],
          [
            4715342.1468,
            2247450.6100999992
          ],
          [
            4715346.2364,
            2247451.6852
          ],
          [
            4715350.0548,
            2247456.1130999997
          ],
          [
            4715356.736,
            2247467.170600001
          ],
          [
            4715359.1581,
            2247471.0283000004
          ],
          [
            4715352.9026,
            2247478.3728
          ],
          [
            4715375.5863,
            2247497.1622
          ],
          [
            4715393.183,
            2247512.1525999997
          ],
          [
            4715426.8876,
            2247538.5385
          ],
          [
            4715448.7209,
            2247555.424900001
          ],
          [
            4715463.5454,
            2247558.3724000007
          ],
          [
            4715503.6333,
            2247603.354699999
          ],
          [
            4715526.7585,
            2247631.0320999995
          ],
          [
            4715556.7813,
            2247663.2192
          ],
          [
            4715584.5336,
            2247700.0612000003
          ],
          [
            4715612.3264,
            2247738.4181999993
          ],
          [
            4715635.6014,
            2247764.1417999994
          ],
          [
            4715656.5246,
            2247801.6647999994
          ]
        ]
      }
    },
    {
      "type": "Feature",
      "properties": {
        "objectid": 55,
        "corredor": "Alpujarra Calle 42 T1",
        "municipio": "Medellín",
        "comuna": "10",
        "nom_comuna": "La Candelaria",
        "estado": "Construida",
        "anio_construido": "2016",
        "ente_constructor": "SIF - EDU",
        "ubicacion": "Vía de Servicio",
        "tipo": "Ciclocarril",
        "nombre_ciclorruta": "CO 10 01 Alpujarra Calle 42 T1",
        "tipologia_redciclista": "Compartida en sentido vehicular",
        "longitud": 134.3290346,
        "st_length(shape)": 134.3290345985343
      },
      "geometry": {
        "type": "LineString",
        "coordinates": [
          [
            4715157.1422,
            2248574.4397
          ],
          [
            4715195.0931,
            2248571.3781000003
          ],
          [
            4715227.2104,
            2248581.8288000003
          ],
          [
            4715227.2436,
            2248581.8396000005
          ],
          [
            4715239.0897,
            2248582.3347999994
          ],
          [
            4715288.8546,
            2248573.2425999995
          ]
        ]
      }
    },
    {
      "type": "Feature",
      "properties": {
        "objectid": 56,
        "corredor": "Alpujarra Carrera 53",
        "municipio": "Medellín",
        "comuna": "10",
        "nom_comuna": "La Candelaria",
        "estado": "Construida",
        "anio_construido": "2016",
        "ente_constructor": "SIF - EDU",
        "ubicacion": "Vía de Servicio",
        "tipo": "Banda ciclopreferente",
        "nombre_ciclorruta": "CO 10 02 Alpujarra Carrera 53",
        "tipologia_redciclista": "Compartida con contraflujo",
        "longitud": 96.12174712,
        "st_length(shape)": 96.12174711561097
      },
      "geometry": {
        "type": "LineString",
        "coordinates": [
          [
            4715288.8546,
            2248573.2425999995
          ],
          [
            4715287.8313,
            2248477.1262999997
          ]
        ]
      }
    },
    {
      "type": "Feature",
      "properties": {
        "objectid": 57,
        "corredor": "Alpujarra Calle 42 T2",
        "municipio": "Medellín",
        "comuna": "10",
        "nom_comuna": "La Candelaria",
        "estado": "Construida",
        "anio_construido": "2019",
        "ente_constructor": "SIF - EDU",
        "ubicacion": "Vía de Servicio",
        "tipo": "Banda ciclopreferente",
        "nombre_ciclorruta": "CO 10 03 Alpujarra Calle 42 T2",
        "tipologia_redciclista": "Compartida en sentido vehicular",
        "longitud": 190.59463313,
        "st_length(shape)": 190.59463312877182
      },
      "geometry": {
        "type": "LineString",
        "coordinates": [
          [
            4715478.282,
            2248554.4750999995
          ],
          [
            4715377.3604,
            2248559.680299999
          ],
          [
            4715288.8546,
            2248573.2425999995
          ]
        ]
      }
    },
    {
      "type": "Feature",
      "properties": {
        "objectid": 58,
        "corredor": "Alpujarra Carrera 54",
        "municipio": "Medellín",
        "comuna": "10",
        "nom_comuna": "La Candelaria",
        "estado": "Construida",
        "anio_construido": "2019",
        "ente_constructor": "SIF - EDU",
        "ubicacion": "Vía de Servicio",
        "tipo": "Banda ciclopreferente",
        "nombre_ciclorruta": "CO 10 04 Alpujarra Carrera 54",
        "tipologia_redciclista": "Compartida en sentido vehicular",
        "longitud": 246.04521508,
        "st_length(shape)": 246.0452150790532
      },
      "geometry": {
        "type": "LineString",
        "coordinates": [
          [
            4715256.7999,
            2248820.3320000004
          ],
          [
            4715240.7696,
            2248805.8829999994
          ],
          [
            4715227.2465,
            2248582.4257999994
          ],
          [
            4715227.2104,
            2248581.8288000003
          ]
        ]
      }
    },
    {
      "type": "Feature",
      "properties": {
        "objectid": 59,
        "corredor": "Córdoba",
        "municipio": "Medellín",
        "comuna": "10",
        "nom_comuna": "La Candelaria",
        "estado": "Construida",
        "anio_construido": "2019",
        "ente_constructor": "SIF - EDU",
        "ubicacion": "Vía de Servicio",
        "tipo": "Banda ciclopreferente",
        "nombre_ciclorruta": "CO 10 05 Córdoba",
        "tipologia_redciclista": "Compartida en sentido vehicular",
        "longitud": 398.27910801,
        "st_length(shape)": 398.2791080080593
      },
      "geometry": {
        "type": "LineString",
        "coordinates": [
          [
            4716587.1056,
            2248833.115599999
          ],
          [
            4716581.6878,
            2248847.9638
          ],
          [
            4716568.1212,
            2248857.7967000008
          ],
          [
            4716572.9166,
            2248874.2543
          ],
          [
            4716608.8515,
            2248957.368899999
          ],
          [
            4716675.8985,
            2249084.935799999
          ],
          [
            4716728.895,
            2249185.7696
          ]
        ]
      }
    },
    {
      "type": "Feature",
      "properties": {
        "objectid": 60,
        "corredor": "Junín",
        "municipio": "Medellín",
        "comuna": "10",
        "nom_comuna": "La Candelaria",
        "estado": "Construida",
        "anio_construido": "2019",
        "ente_constructor": "SIF - EDU",
        "ubicacion": "Vía de Servicio",
        "tipo": "Banda ciclopreferente",
        "nombre_ciclorruta": "CO 10 06 Junín",
        "tipologia_redciclista": "Compartida en sentido vehicular",
        "longitud": 212.41810478,
        "st_length(shape)": 212.41810477589883
      },
      "geometry": {
        "type": "LineString",
        "coordinates": [
          [
            4716033.7541,
            2249112.5934999995
          ],
          [
            4716124.3471,
            2249304.7246000003
          ]
        ]
      }
    },
    {
      "type": "Feature",
      "properties": {
        "objectid": 61,
        "corredor": "Casa de La Memoria",
        "municipio": "Medellín",
        "comuna": "10",
        "nom_comuna": "La Candelaria",
        "estado": "Construida",
        "anio_construido": "2019",
        "ente_constructor": "SIF - EDU",
        "ubicacion": "Via Arteria",
        "tipo": "Andén",
        "nombre_ciclorruta": "CO 10 07 Casa de La Memoria",
        "tipologia_redciclista": "Compartida con peatón",
        "longitud": 251.11188052,
        "st_length(shape)": 251.11188051863562
      },
      "geometry": {
        "type": "LineString",
        "coordinates": [
          [
            4717175.2627,
            2248880.3267
          ],
          [
            4717088.9994,
            2248921.7728000004
          ],
          [
            4717082.1023,
            2248977.1301000006
          ],
          [
            4717074.4695,
            2248974.6766999997
          ],
          [
            4717063.8814,
            2248971.6560999993
          ],
          [
            4717055.1427,
            2248971.2491999995
          ],
          [
            4717046.9543,
            2248973.5427
          ],
          [
            4717034.4075,
            2248982.9597999994
          ],
          [
            4717020.6438,
            2248998.8522999994
          ],
          [
            4717010.14,
            2249010.8320000004
          ],
          [
            4717002.4167,
            2249018.2365000006
          ]
        ]
      }
    },
    {
      "type": "Feature",
      "properties": {
        "objectid": 62,
        "corredor": "Venezuela",
        "municipio": "Medellín",
        "comuna": "10",
        "nom_comuna": "La Candelaria",
        "estado": "Construida",
        "anio_construido": "2020",
        "ente_constructor": "SIF - EDU",
        "ubicacion": "Vía de Servicio",
        "tipo": "Carril ciclopreferente",
        "nombre_ciclorruta": "CO 10 10 Venezuela",
        "tipologia_redciclista": "Compartida en sentido vehicular",
        "longitud": 528.95572421,
        "st_length(shape)": 528.9557242132569
      },
      "geometry": {
        "type": "LineString",
        "coordinates": [
          [
            4716407.6585,
            2249684.0417
          ],
          [
            4716359.9228,
            2249607.2371999994
          ],
          [
            4716317.886,
            2249539.602
          ],
          [
            4716253.7739,
            2249575.1995
          ],
          [
            4716407.4715,
            2249815.867900001
          ]
        ]
      }
    },
    {
      "type": "Feature",
      "properties": {
        "objectid": 63,
        "corredor": "Perú",
        "municipio": "Medellín",
        "comuna": "10",
        "nom_comuna": "La Candelaria",
        "estado": "Construida",
        "anio_construido": "2020",
        "ente_constructor": "SIF - EDU",
        "ubicacion": "Vía de Servicio",
        "tipo": "Carril ciclopreferente",
        "nombre_ciclorruta": "CO 10 11 Perú",
        "tipologia_redciclista": "Bidireccional en calzada",
        "longitud": 57.80558278,
        "st_length(shape)": 57.805582779272214
      },
      "geometry": {
        "type": "LineString",
        "coordinates": [
          [
            4716359.9228,
            2249607.2371999994
          ],
          [
            4716408.3141,
            2249575.6181000005
          ]
        ]
      }
    },
    {
      "type": "Feature",
      "properties": {
        "objectid": 64,
        "corredor": "Parques del Río Tramo Etapa 1A",
        "municipio": "Medellín",
        "comuna": "11",
        "nom_comuna": "Laureles Estadio",
        "estado": "Construida",
        "anio_construido": "2016",
        "ente_constructor": "SIF - EDU",
        "ubicacion": "Autopista",
        "tipo": "Ciclorruta",
        "nombre_ciclorruta": "SA 11 10 Parques del Río Tramo Etapa 1A",
        "tipologia_redciclista": "Bidireccional en andén",
        "longitud": 824.24728883,
        "st_length(shape)": 824.247288834613
      },
      "geometry": {
        "type": "LineString",
        "coordinates": [
          [
            4714499.0486,
            2248828.2519000005
          ],
          [
            4714510.6298,
            2248820.2826000005
          ],
          [
            4714513.4131,
            2248824.4527000003
          ],
          [
            4714516.0693,
            2248828.2079000007
          ],
          [
            4714518.3201,
            2248829.2613999993
          ],
          [
            4714522.6889,
            2248825.8270999994
          ],
          [
            4714531.6633,
            2248821.1653000005
          ],
          [
            4714541.4445,
            2248817.7062999997
          ],
          [
            4714557.9517,
            2248804.4450000003
          ],
          [
            4714569.9655,
            2248793.1768999994
          ],
          [
            4714581.1822,
            2248780.1910999995
          ],
          [
            4714593.067,
            2248766.1545
          ],
          [
            4714613.493,
            2248741.668299999
          ],
          [
            4714619.1092,
            2248731.9866000004
          ],
          [
            4714623.0237,
            2248725.6819
          ],
          [
            4714640.009,
            2248698.3248999994
          ],
          [
            4714647.9119,
            2248681.9067
          ],
          [
            4714649.7455,
            2248673.0406
          ],
          [
            4714652.8848,
            2248663.8411
          ],
          [
            4714658.3659,
            2248647.7503999993
          ],
          [
            4714667.2658,
            2248619.9626
          ],
          [
            4714678.8329,
            2248586.875600001
          ],
          [
            4714681.1191,
            2248579.410599999
          ],
          [
            4714680.8368,
            2248571.2074999996
          ],
          [
            4714666.3586,
            2248548.5809000004
          ],
          [
            4714677.7329,
            2248518.295
          ],
          [
            4714690.7563,
            2248485.7225
          ],
          [
            4714711.6069,
            2248487.3567999993
          ],
          [
            4714719.4093,
            2248480.9199
          ],
          [
            4714726.668,
            2248459.9528
          ],
          [
            4714740.079,
            2248420.401799999
          ],
          [
            4714752.5432,
            2248383.551000001
          ],
          [
            4714754.431,
            2248375.2931999993
          ],
          [
            4714763.1045,
            2248347.6565000005
          ],
          [
            4714765.4654,
            2248348.1808
          ],
          [
            4714765.8936,
            2248350.6138000004
          ],
          [
            4714762.7379,
            2248359.8265000004
          ],
          [
            4714761.2651,
            2248364.0623000003
          ],
          [
            4714760.2166,
            2248368.826300001
          ],
          [
            4714761.0695,
            2248371.8934000004
          ],
          [
            4714768.9129,
            2248378.1207
          ],
          [
            4714783.4333,
            2248389.4136999995
          ],
          [
            4714805.6913,
            2248406.9341
          ],
          [
            4714825.5191,
            2248426.2585000005
          ],
          [
            4714839.0848,
            2248436.3893999998
          ],
          [
            4714859.1085,
            2248460.9496999998
          ],
          [
            4714846.7571,
            2248501.1864
          ],
          [
            4714860.2566,
            2248504.8625000007
          ]
        ]
      }
    },
    {
      "type": "Feature",
      "properties": {
        "objectid": 65,
        "corredor": "Q. La Picacha Tramo 1",
        "municipio": "Medellín",
        "comuna": "11",
        "nom_comuna": "Laureles Estadio",
        "estado": "Construida",
        "anio_construido": "2019",
        "ente_constructor": "AMVA",
        "ubicacion": "Vía Colectora",
        "tipo": "Ciclobanda",
        "nombre_ciclorruta": "SC 11 14 Q. La Picacha Tramo 1",
        "tipologia_redciclista": "Compartida con contraflujo",
        "longitud": 646.48322212,
        "st_length(shape)": 646.48322212377
      },
      "geometry": {
        "type": "LineString",
        "coordinates": [
          [
            4714257.4217,
            2248472.4958999995
          ],
          [
            4714341.0375,
            2248588.51
          ],
          [
            4714373.0441,
            2248638.2854999993
          ],
          [
            4714395.0154,
            2248670.780099999
          ],
          [
            4714409.8203,
            2248691.8608
          ],
          [
            4714440.0702,
            2248736.401900001
          ],
          [
            4714465.8725,
            2248779.3647000007
          ],
          [
            4714497.2725,
            2248825.4789000005
          ],
          [
            4714499.0486,
            2248828.2519000005
          ],
          [
            4714509.0998,
            2248843.9452
          ],
          [
            4714509.5467,
            2248859.5420999993
          ],
          [
            4714486.028,
            2248878.0855
          ],
          [
            4714469.4398,
            2248904.2454000004
          ],
          [
            4714454.3242,
            2248927.6918
          ],
          [
            4714443.9072,
            2248965.782299999
          ],
          [
            4714446.3179,
            2249019.4504000004
          ]
        ]
      }
    },
    {
      "type": "Feature",
      "properties": {
        "objectid": 66,
        "corredor": "Calle 34 Tramo 1",
        "municipio": "Medellín",
        "comuna": "11",
        "nom_comuna": "Laureles Estadio",
        "estado": "Construida",
        "anio_construido": "2019",
        "ente_constructor": "SMM",
        "ubicacion": "Vía Colectora",
        "tipo": "Ciclobanda",
        "nombre_ciclorruta": "SC 11 16 Calle 34 Tramo 1",
        "tipologia_redciclista": "Bidireccional en calzada",
        "longitud": 155.43737009,
        "st_length(shape)": 155.4373700936886
      },
      "geometry": {
        "type": "LineString",
        "coordinates": [
          [
            4714266.4086,
            2248214.1119
          ],
          [
            4714111.0143,
            2248210.4529999997
          ]
        ]
      }
    },
    {
      "type": "Feature",
      "properties": {
        "objectid": 67,
        "corredor": "Calle 34 Tramo 2",
        "municipio": "Medellín",
        "comuna": "11",
        "nom_comuna": "Laureles Estadio",
        "estado": "Construida",
        "anio_construido": "2019",
        "ente_constructor": "SIF - EDU",
        "ubicacion": "Vía Colectora",
        "tipo": "Ciclobanda",
        "nombre_ciclorruta": "SC 11 16 Calle 34 Tramo 2",
        "tipologia_redciclista": "Bidireccional en calzada",
        "longitud": 85.36088696,
        "st_length(shape)": 85.36088696159923
      },
      "geometry": {
        "type": "LineString",
        "coordinates": [
          [
            4713796.5411,
            2248207.1851000004
          ],
          [
            4713799.6656,
            2248207.0745
          ],
          [
            4713802.522,
            2248205.1712999996
          ],
          [
            4713803.6264,
            2248203.494999999
          ],
          [
            4713807.5907,
            2248201.502699999
          ],
          [
            4713812.827,
            2248200.6983000003
          ],
          [
            4713826.479,
            2248201.226
          ],
          [
            4713834.9717,
            2248201.6054
          ],
          [
            4713852.1937,
            2248201.4908000007
          ],
          [
            4713857.4324,
            2248201.7975999992
          ],
          [
            4713860.4531,
            2248204.1722999997
          ],
          [
            4713866.8164,
            2248211.064099999
          ],
          [
            4713860.4014,
            2248217.6644
          ]
        ]
      }
    },
    {
      "type": "Feature",
      "properties": {
        "objectid": 68,
        "corredor": "Carrera 79 T2",
        "municipio": "Medellín",
        "comuna": "11",
        "nom_comuna": "Laureles Estadio",
        "estado": "Construida",
        "anio_construido": "2019",
        "ente_constructor": "SIF - EDU",
        "ubicacion": "Vía de Servicio",
        "tipo": "Ciclobanda",
        "nombre_ciclorruta": "SC 11 18 Carrera 79",
        "tipologia_redciclista": "Bidireccional en calzada",
        "longitud": 610.66826099,
        "st_length(shape)": 610.6682609908482
      },
      "geometry": {
        "type": "LineString",
        "coordinates": [
          [
            4712633.7106,
            2249084.1076999996
          ],
          [
            4712582.6484,
            2249034.520199999
          ],
          [
            4712575.3035,
            2249025.3543999996
          ],
          [
            4712570.5273,
            2249022.8446999993
          ],
          [
            4712566.1999,
            2249023.8915
          ],
          [
            4712561.3349,
            2249025.1712999996
          ],
          [
            4712555.9362,
            2249024.3357999995
          ],
          [
            4712552.1204,
            2249021.2749000005
          ],
          [
            4712549.784,
            2249017.1525999997
          ],
          [
            4712549.9101,
            2249012.8247999996
          ],
          [
            4712551.2668,
            2249009.5647
          ],
          [
            4712552.862,
            2249005.7314
          ],
          [
            4712538.1432,
            2248984.7239999995
          ],
          [
            4712520.4152,
            2248959.4217000008
          ],
          [
            4712508.7823,
            2248941.4693
          ],
          [
            4712504.7451,
            2248933.6468
          ],
          [
            4712492.4668,
            2248902.0186
          ],
          [
            4712485.8513,
            2248875.3653999995
          ],
          [
            4712478.7831,
            2248834.3215999994
          ],
          [
            4712477.2785,
            2248816.088300001
          ],
          [
            4712470.5441,
            2248734.253900001
          ],
          [
            4712469.8851,
            2248729.4671
          ],
          [
            4712466.9851,
            2248705.5889
          ],
          [
            4712461.2376,
            2248674.3011000007
          ],
          [
            4712457.9843,
            2248663.9141000006
          ],
          [
            4712456.2077,
            2248648.9970999993
          ],
          [
            4712454.261,
            2248628.5249000005
          ],
          [
            4712451.0347,
            2248603.293299999
          ],
          [
            4712447.2618,
            2248582.4015999995
          ],
          [
            4712444.7072,
            2248562.1686000004
          ],
          [
            4712443.8856,
            2248548.546
          ],
          [
            4712448.7105,
            2248548.2303
          ],
          [
            4712451.5562,
            2248547.8954000007
          ]
        ]
      }
    },
    {
      "type": "Feature",
      "properties": {
        "objectid": 69,
        "corredor": "Calle 44A T2",
        "municipio": "Medellín",
        "comuna": "11",
        "nom_comuna": "Laureles Estadio",
        "estado": "Construida",
        "anio_construido": "2019",
        "ente_constructor": "SIF - EDU",
        "ubicacion": "Vía Colectora",
        "tipo": "Ciclobanda",
        "nombre_ciclorruta": "SC 11 19 Calle 44A",
        "tipologia_redciclista": "Bidireccional en calzada",
        "longitud": 1239.25060745,
        "st_length(shape)": 1239.250607449318
      },
      "geometry": {
        "type": "LineString",
        "coordinates": [
          [
            4713669.1519,
            2249306.204
          ],
          [
            4713149.8681,
            2249374.9980999995
          ],
          [
            4713146.6966,
            2249375.4442
          ],
          [
            4713043.9138,
            2249389.9003999997
          ],
          [
            4713026.801,
            2249392.042199999
          ],
          [
            4713015.498,
            2249389.4432999995
          ],
          [
            4712878.0199,
            2249386.4382000007
          ],
          [
            4712763.4701,
            2249394.9265
          ],
          [
            4712757.5913,
            2249395.3620999996
          ],
          [
            4712684.4886,
            2249403.466
          ],
          [
            4712625.0766,
            2249404.5227000006
          ],
          [
            4712540.1024,
            2249398.0404000003
          ],
          [
            4712437.1956,
            2249391.3259999994
          ]
        ]
      }
    },
    {
      "type": "Feature",
      "properties": {
        "objectid": 70,
        "corredor": "Calle 51 Tramo 1",
        "municipio": "Medellín",
        "comuna": "11",
        "nom_comuna": "Laureles Estadio",
        "estado": "Construida",
        "anio_construido": "2019",
        "ente_constructor": "SIF - EDU",
        "ubicacion": "Vía Colectora",
        "tipo": "Ciclobanda",
        "nombre_ciclorruta": "SC 11 01 Calle 51 Tramo 1",
        "tipologia_redciclista": "Bidireccional en calzada",
        "longitud": 533.97912534,
        "st_length(shape)": 533.9791253444238
      },
      "geometry": {
        "type": "LineString",
        "coordinates": [
          [
            4713982.2809,
            2250312.5315000005
          ],
          [
            4713975.738,
            2250316.2311000004
          ],
          [
            4713955.7647,
            2250324.3408000004
          ],
          [
            4713926.4283,
            2250338.2898999993
          ],
          [
            4713879.9128,
            2250360.3430000003
          ],
          [
            4713552.3398,
            2250516.0089999996
          ],
          [
            4713544.0089,
            2250519.0144999996
          ],
          [
            4713539.2063,
            2250516.991800001
          ],
          [
            4713518.0179,
            2250478.2049000002
          ]
        ]
      }
    },
    {
      "type": "Feature",
      "properties": {
        "objectid": 71,
        "corredor": "Calle 49B T1",
        "municipio": "Medellín",
        "comuna": "11",
        "nom_comuna": "Laureles Estadio",
        "estado": "Construida",
        "anio_construido": "2019",
        "ente_constructor": "SIF - EDU",
        "ubicacion": "Vía de Servicio",
        "tipo": "Ciclobanda",
        "nombre_ciclorruta": "SC 11 22 Calle 49B",
        "tipologia_redciclista": "Bidireccional en calzada",
        "longitud": 696.97446386,
        "st_length(shape)": 696.9744638588818
      },
      "geometry": {
        "type": "LineString",
        "coordinates": [
          [
            4712848.8267,
            2250722.713199999
          ],
          [
            4713131.7429,
            2250589.2424999997
          ],
          [
            4713477.8077,
            2250422.466499999
          ]
        ]
      }
    },
    {
      "type": "Feature",
      "properties": {
        "objectid": 72,
        "corredor": "Carrera 77B",
        "municipio": "Medellín",
        "comuna": "11",
        "nom_comuna": "Laureles Estadio",
        "estado": "Construida",
        "anio_construido": "2019",
        "ente_constructor": "SIF - EDU",
        "ubicacion": "Vía de Servicio",
        "tipo": "Ciclobanda",
        "nombre_ciclorruta": "SC 11 23 Carrera 77B",
        "tipologia_redciclista": "Bidireccional en calzada",
        "longitud": 390.41463753,
        "st_length(shape)": 390.41463752898704
      },
      "geometry": {
        "type": "LineString",
        "coordinates": [
          [
            4713131.7429,
            2250589.2424999997
          ],
          [
            4713083.8815,
            2250490.4803
          ],
          [
            4713053.94,
            2250436.4941000007
          ],
          [
            4713014.9719,
            2250358.969900001
          ],
          [
            4712957.9772,
            2250239.756100001
          ],
          [
            4712957.9649,
            2250239.7304
          ]
        ]
      }
    },
    {
      "type": "Feature",
      "properties": {
        "objectid": 73,
        "corredor": "Conexión Q. Picacha Unicentro",
        "municipio": "Medellín",
        "comuna": "11",
        "nom_comuna": "Laureles Estadio",
        "estado": "Construida",
        "anio_construido": "2019",
        "ente_constructor": "AMVA",
        "ubicacion": "Vía Colectora",
        "tipo": "Ciclobanda",
        "nombre_ciclorruta": "SC 11 24 Conexión Q. Picacha Unicentro",
        "tipologia_redciclista": "Bidireccional en calzada",
        "longitud": 45.63243727,
        "st_length(shape)": 45.63243727383104
      },
      "geometry": {
        "type": "LineString",
        "coordinates": [
          [
            4713903.0103,
            2248203.4827999994
          ],
          [
            4713899.7374,
            2248203.5363999996
          ],
          [
            4713884.1818,
            2248203.4888000004
          ],
          [
            4713869.4182,
            2248202.6459999997
          ],
          [
            4713857.4324,
            2248201.7975999992
          ]
        ]
      }
    },
    {
      "type": "Feature",
      "properties": {
        "objectid": 74,
        "corredor": "BBP - Carlos E - UN",
        "municipio": "Medellín",
        "comuna": "11",
        "nom_comuna": "Laureles Estadio",
        "estado": "Construida",
        "anio_construido": "2019",
        "ente_constructor": "SMM",
        "ubicacion": "Vía de Servicio",
        "tipo": "Ciclobanda",
        "nombre_ciclorruta": "SC 11 40 BBP - Carlos E - UN",
        "tipologia_redciclista": "Bidireccional en calzada",
        "longitud": 1554.05542525,
        "st_length(shape)": 1554.055425245829
      },
      "geometry": {
        "type": "LineString",
        "coordinates": [
          [
            4713982.2809,
            2250312.5315000005
          ],
          [
            4714104.6886,
            2250251.416200001
          ],
          [
            4714201.2871,
            2250205.4508999996
          ],
          [
            4714227.9801,
            2250192.5655000005
          ],
          [
            4714249.6327,
            2250183.8411
          ],
          [
            4714268.5489,
            2250173.3024000004
          ],
          [
            4714273.5702,
            2250170.7787999995
          ],
          [
            4714366.5746,
            2250127.2748000007
          ],
          [
            4714438.355,
            2250092.001700001
          ],
          [
            4714490.287,
            2250066.7630000003
          ],
          [
            4714525.4362,
            2250049.2305999994
          ],
          [
            4714535.1573,
            2250045.568499999
          ],
          [
            4714536.7581,
            2250044.965399999
          ],
          [
            4714666.1588,
            2249979.2902000006
          ],
          [
            4714714.0936,
            2249958.3704000004
          ],
          [
            4714717.6696,
            2249963.0648999996
          ],
          [
            4714773.9408,
            2249938.0117000006
          ],
          [
            4714800.5357,
            2249926.1674000006
          ],
          [
            4714816.2995,
            2249956.2874
          ],
          [
            4714822.5471,
            2249968.2246000003
          ],
          [
            4714853.3234,
            2250028.0582999997
          ],
          [
            4714861.5303,
            2250024.6000999995
          ],
          [
            4714911.3643,
            2249995.9947999995
          ],
          [
            4714954.3954,
            2249972.7544
          ],
          [
            4714987.2647,
            2250032.8323
          ],
          [
            4714997.4734,
            2250051.6193000004
          ],
          [
            4715068.8593,
            2250188.117799999
          ],
          [
            4715114.3796,
            2250277.512
          ],
          [
            4715136.8302,
            2250309.8884999994
          ],
          [
            4715154.5842,
            2250334.7664
          ]
        ]
      }
    },
    {
      "type": "Feature",
      "properties": {
        "objectid": 75,
        "corredor": "Calle 53A Los Colores",
        "municipio": "Medellín",
        "comuna": "11",
        "nom_comuna": "Laureles Estadio",
        "estado": "Construida",
        "anio_construido": "2016",
        "ente_constructor": "SMM",
        "ubicacion": "Vía de Servicio",
        "tipo": "Carril ciclopreferente",
        "nombre_ciclorruta": "CO 11 03 Calle 53A Los Colores",
        "tipologia_redciclista": "Compartida en sentido vehicular",
        "longitud": 113.88857392,
        "st_length(shape)": 113.88857391931327
      },
      "geometry": {
        "type": "LineString",
        "coordinates": [
          [
            4713116.0289,
            2251172.1405999996
          ],
          [
            4713047.9774,
            2251220.8149999995
          ],
          [
            4713019.5515,
            2251231.0765000004
          ]
        ]
      }
    },
    {
      "type": "Feature",
      "properties": {
        "objectid": 76,
        "corredor": "Calle 42",
        "municipio": "Medellín",
        "comuna": "11",
        "nom_comuna": "Laureles Estadio",
        "estado": "Construida",
        "anio_construido": "2019",
        "ente_constructor": "SMM",
        "ubicacion": "Vía de Servicio",
        "tipo": "Carril ciclopreferente",
        "nombre_ciclorruta": "CO 11 04 Calle 42",
        "tipologia_redciclista": "Compartida en sentido vehicular",
        "longitud": 465.91863079,
        "st_length(shape)": 465.9186307916664
      },
      "geometry": {
        "type": "LineString",
        "coordinates": [
          [
            4712659.7145,
            2249178.9327000007
          ],
          [
            4712738.3274,
            2249170.359099999
          ],
          [
            4712843.9624,
            2249155.679199999
          ],
          [
            4712908.894,
            2249147.0627999995
          ],
          [
            4712994.9402,
            2249133.0329
          ],
          [
            4713022.8303,
            2249132.3422
          ],
          [
            4713038.341,
            2249135.2523
          ],
          [
            4713057.9672,
            2249142.2347
          ],
          [
            4713086.0813,
            2249142.0961000007
          ],
          [
            4713112.503,
            2249135.4397
          ],
          [
            4713119.9049,
            2249133.5748999994
          ]
        ]
      }
    },
    {
      "type": "Feature",
      "properties": {
        "objectid": 77,
        "corredor": "Carrera 71",
        "municipio": "Medellín",
        "comuna": "11",
        "nom_comuna": "Laureles Estadio",
        "estado": "Construida",
        "anio_construido": "2019",
        "ente_constructor": "AMVA",
        "ubicacion": "Vía de Servicio",
        "tipo": "Carril ciclopreferente",
        "nombre_ciclorruta": "CO 11 05 Carrera 71",
        "tipologia_redciclista": "Compartida en sentido vehicular",
        "longitud": 201.25941963,
        "st_length(shape)": 201.25941963414095
      },
      "geometry": {
        "type": "LineString",
        "coordinates": [
          [
            4713983.1566,
            2250532.9497999996
          ],
          [
            4713937.0236,
            2250461.832699999
          ],
          [
            4713924.9196,
            2250442.0692
          ],
          [
            4713900.2811,
            2250399.0511000007
          ],
          [
            4713879.9128,
            2250360.3430000003
          ]
        ]
      }
    },
    {
      "type": "Feature",
      "properties": {
        "objectid": 78,
        "corredor": "Carrera 77",
        "municipio": "Medellín",
        "comuna": "11",
        "nom_comuna": "Laureles Estadio",
        "estado": "Construida",
        "anio_construido": "2019",
        "ente_constructor": "AMVA",
        "ubicacion": "Vía Colectora",
        "tipo": "Carril ciclopreferente",
        "nombre_ciclorruta": "CO 11 06 Carrera 77",
        "tipologia_redciclista": "Compartida en sentido vehicular",
        "longitud": 86.75851728,
        "st_length(shape)": 86.75851727886769
      },
      "geometry": {
        "type": "LineString",
        "coordinates": [
          [
            4713327.1617,
            2250975.328400001
          ],
          [
            4713369.9258,
            2251050.815300001
          ]
        ]
      }
    },
    {
      "type": "Feature",
      "properties": {
        "objectid": 79,
        "corredor": "Calle 49",
        "municipio": "Medellín",
        "comuna": "11",
        "nom_comuna": "Laureles Estadio",
        "estado": "Construida",
        "anio_construido": "2019",
        "ente_constructor": "AMVA",
        "ubicacion": "Vía de Servicio",
        "tipo": "Carril ciclopreferente",
        "nombre_ciclorruta": "CO 11 07 Calle 49",
        "tipologia_redciclista": "Compartida en sentido vehicular",
        "longitud": 108.35578555,
        "st_length(shape)": 108.35578555027057
      },
      "geometry": {
        "type": "LineString",
        "coordinates": [
          [
            4712893.9227,
            2250485.9990999997
          ],
          [
            4712989.748,
            2250435.4176000003
          ]
        ]
      }
    },
    {
      "type": "Feature",
      "properties": {
        "objectid": 80,
        "corredor": "Calle 51",
        "municipio": "Medellín",
        "comuna": "11",
        "nom_comuna": "Laureles Estadio",
        "estado": "Construida",
        "anio_construido": "2019",
        "ente_constructor": "AMVA",
        "ubicacion": "Vía de Servicio",
        "tipo": "Carril ciclopreferente",
        "nombre_ciclorruta": "CO 11 08 Calle 51",
        "tipologia_redciclista": "Compartida en sentido vehicular",
        "longitud": 187.65256681,
        "st_length(shape)": 187.65256681434664
      },
      "geometry": {
        "type": "LineString",
        "coordinates": [
          [
            4712902.4894,
            2250830.6275999993
          ],
          [
            4713072.2167,
            2250750.589299999
          ]
        ]
      }
    },
    {
      "type": "Feature",
      "properties": {
        "objectid": 81,
        "corredor": "Calle 49B T2",
        "municipio": "Medellín",
        "comuna": "11",
        "nom_comuna": "Laureles Estadio",
        "estado": "Construida",
        "anio_construido": "2019",
        "ente_constructor": "AMVA",
        "ubicacion": "Vía de Servicio",
        "tipo": "Carril ciclopreferente",
        "nombre_ciclorruta": "CO 11 09 Calle 49B",
        "tipologia_redciclista": "Compartida en sentido vehicular",
        "longitud": 54.1093965,
        "st_length(shape)": 54.10939649976858
      },
      "geometry": {
        "type": "LineString",
        "coordinates": [
          [
            4714126.4019,
            2250103.2842999995
          ],
          [
            4714175.21,
            2250079.9263000004
          ]
        ]
      }
    },
    {
      "type": "Feature",
      "properties": {
        "objectid": 82,
        "corredor": "Calle 48D",
        "municipio": "Medellín",
        "comuna": "11",
        "nom_comuna": "Laureles Estadio",
        "estado": "Construida",
        "anio_construido": "2019",
        "ente_constructor": "AMVA",
        "ubicacion": "Vía de Servicio",
        "tipo": "Carril ciclopreferente",
        "nombre_ciclorruta": "CO 11 10 Calle 48D",
        "tipologia_redciclista": "Compartida en sentido vehicular",
        "longitud": 92.03589648,
        "st_length(shape)": 92.03589647569606
      },
      "geometry": {
        "type": "LineString",
        "coordinates": [
          [
            4714187.425,
            2249878.4963000007
          ],
          [
            4714151.9959,
            2249896.2127
          ],
          [
            4714104.1723,
            2249917.688100001
          ]
        ]
      }
    },
    {
      "type": "Feature",
      "properties": {
        "objectid": 83,
        "corredor": "Carrera 78B",
        "municipio": "Medellín",
        "comuna": "11",
        "nom_comuna": "Laureles Estadio",
        "estado": "Construida",
        "anio_construido": "2019",
        "ente_constructor": "AMVA",
        "ubicacion": "Vía de Servicio",
        "tipo": "Carril ciclopreferente",
        "nombre_ciclorruta": "CO 11 11 Carrera 78B",
        "tipologia_redciclista": "Compartida en sentido vehicular",
        "longitud": 40.04570934,
        "st_length(shape)": 40.04570933574802
      },
      "geometry": {
        "type": "LineString",
        "coordinates": [
          [
            4713032.0277,
            2250950.0023
          ],
          [
            4713048.9207,
            2250986.3104999997
          ]
        ]
      }
    },
    {
      "type": "Feature",
      "properties": {
        "objectid": 84,
        "corredor": "BPP Carrera 64",
        "municipio": "Medellín",
        "comuna": "11",
        "nom_comuna": "Laureles Estadio",
        "estado": "Construida",
        "anio_construido": "2019",
        "ente_constructor": "SMM",
        "ubicacion": "Vía de Servicio",
        "tipo": "Carril ciclopreferente",
        "nombre_ciclorruta": "CO 11 24 BPP Carrera 64",
        "tipologia_redciclista": "Compartida en sentido vehicular",
        "longitud": 155.53891859,
        "st_length(shape)": 155.53891858836732
      },
      "geometry": {
        "type": "LineString",
        "coordinates": [
          [
            4714911.3643,
            2249995.9947999995
          ],
          [
            4714872.0427,
            2249924.7105
          ],
          [
            4714836.2382,
            2249859.8022000007
          ]
        ]
      }
    },
    {
      "type": "Feature",
      "properties": {
        "objectid": 85,
        "corredor": "BPP Calle 51A",
        "municipio": "Medellín",
        "comuna": "11",
        "nom_comuna": "Laureles Estadio",
        "estado": "Construida",
        "anio_construido": "2019",
        "ente_constructor": "SMM",
        "ubicacion": "Vía de Servicio",
        "tipo": "Carril ciclopreferente",
        "nombre_ciclorruta": "CO 11 25 BPP Calle 51A",
        "tipologia_redciclista": "Compartida en sentido vehicular",
        "longitud": 64.0656301,
        "st_length(shape)": 64.06563009968224
      },
      "geometry": {
        "type": "LineString",
        "coordinates": [
          [
            4714872.0427,
            2249924.7105
          ],
          [
            4714871.5898,
            2249924.9671
          ],
          [
            4714816.2995,
            2249956.2874
          ]
        ]
      }
    },
    {
      "type": "Feature",
      "properties": {
        "objectid": 86,
        "corredor": "Conexión Carrera 76",
        "municipio": "Medellín",
        "comuna": "11",
        "nom_comuna": "Laureles Estadio",
        "estado": "Construida",
        "anio_construido": "2020",
        "ente_constructor": "SIF - EDU",
        "ubicacion": "Via Arteria",
        "tipo": "Ciclobanda",
        "nombre_ciclorruta": "SC 11 17 Conexión Carrera 76",
        "tipologia_redciclista": "Bidireccional en calzada",
        "longitud": 83.1416165,
        "st_length(shape)": 83.14161649838944
      },
      "geometry": {
        "type": "LineString",
        "coordinates": [
          [
            4712728.5768,
            2248727.0351
          ],
          [
            4712731.4765,
            2248722.002699999
          ],
          [
            4712733.6499,
            2248714.455600001
          ],
          [
            4712734.4681,
            2248697.2611
          ],
          [
            4712734.9461,
            2248672.26
          ],
          [
            4712734.0966,
            2248645.0131
          ]
        ]
      }
    },
    {
      "type": "Feature",
      "properties": {
        "objectid": 87,
        "corredor": "Calle 46 T1",
        "municipio": "Medellín",
        "comuna": "12",
        "nom_comuna": "La América",
        "estado": "Construida",
        "anio_construido": "2019",
        "ente_constructor": "SIF - EDU",
        "ubicacion": "Vía Colectora",
        "tipo": "Ciclobanda",
        "nombre_ciclorruta": "SC 12 01 Calle 46",
        "tipologia_redciclista": "Bidireccional en calzada",
        "longitud": 921.7198033,
        "st_length(shape)": 921.7198032994069
      },
      "geometry": {
        "type": "LineString",
        "coordinates": [
          [
            4712822.8658,
            2249971.6667
          ],
          [
            4712771.5663,
            2249983.645300001
          ],
          [
            4712718.1626,
            2249995.4130000006
          ],
          [
            4712665.6501,
            2250008.2826000005
          ],
          [
            4712635.5833,
            2250016.395300001
          ],
          [
            4712613.4754,
            2250022.3672
          ],
          [
            4712606.778,
            2250023.8772
          ],
          [
            4712586.3874,
            2250028.474300001
          ],
          [
            4712559.5157,
            2250033.5847999994
          ],
          [
            4712539.3903,
            2250037.5558
          ],
          [
            4712530.8758,
            2250039.257200001
          ],
          [
            4712520.2512,
            2250039.5309999995
          ],
          [
            4712507.0826,
            2250040.1491
          ],
          [
            4712494.3474,
            2250038.8848
          ],
          [
            4712468.4313,
            2250035.8051999994
          ],
          [
            4712442.0655,
            2250031.289999999
          ],
          [
            4712428.4398,
            2250029.0343999993
          ],
          [
            4712415.6935,
            2250025.5579000004
          ],
          [
            4712408.2482,
            2250019.6216
          ],
          [
            4712402.0411,
            2250017.8825000003
          ],
          [
            4712395.1896,
            2250020.1286999993
          ],
          [
            4712389.5671,
            2250024.6916000005
          ],
          [
            4712362.0971,
            2250020.7348999996
          ],
          [
            4712348.5706,
            2250018.7992000002
          ],
          [
            4712323.9938,
            2250015.2821999993
          ],
          [
            4712300.6224,
            2250011.9689000007
          ],
          [
            4712295.078,
            2250011.0360000003
          ],
          [
            4712278.9096,
            2250008.3155000005
          ],
          [
            4712229.6145,
            2250000.3740999997
          ],
          [
            4712205.2414,
            2249995.9596999995
          ],
          [
            4712191.5023,
            2249993.151799999
          ],
          [
            4712185.8491,
            2249991.5206000004
          ],
          [
            4712184.8685,
            2249991.1228
          ],
          [
            4712180.1927,
            2249989.2257000003
          ],
          [
            4712166.6613,
            2249983.6514
          ],
          [
            4712155.1068,
            2249974.9701000005
          ],
          [
            4712145.0997,
            2249965.8388
          ],
          [
            4712135.7474,
            2249954.8236999996
          ],
          [
            4712116.8247,
            2249933.4583
          ],
          [
            4712107.0335,
            2249923.219799999
          ],
          [
            4712097.6889,
            2249913.7532
          ],
          [
            4712038.9941,
            2249862.9404000007
          ],
          [
            4712009.5365,
            2249837.645199999
          ],
          [
            4711994.7491,
            2249824.3341000006
          ],
          [
            4711987.411,
            2249817.7336
          ],
          [
            4711985.1864,
            2249815.532400001
          ]
        ]
      }
    },
    {
      "type": "Feature",
      "properties": {
        "objectid": 88,
        "corredor": "Carrera 82 Tramo 1",
        "municipio": "Medellín",
        "comuna": "12",
        "nom_comuna": "La América",
        "estado": "Construida",
        "anio_construido": "2019",
        "ente_constructor": "SIF - EDU",
        "ubicacion": "Via Arteria",
        "tipo": "Ciclobanda",
        "nombre_ciclorruta": "SC 12 02 Carrera 82",
        "tipologia_redciclista": "Bidireccional en calzada",
        "longitud": 1040.1646918,
        "st_length(shape)": 1040.164691800991
      },
      "geometry": {
        "type": "LineString",
        "coordinates": [
          [
            4711985.151,
            2249421.780099999
          ],
          [
            4712053.0928,
            2249558.3948
          ],
          [
            4712085.0192,
            2249617.3156000003
          ],
          [
            4712136.6196,
            2249706.2700999994
          ],
          [
            4712172.6366,
            2249737.3956000004
          ],
          [
            4712295.5464,
            2249856.3606000002
          ],
          [
            4712298.5197,
            2249859.5869999994
          ],
          [
            4712378.5316,
            2249946.4098000005
          ],
          [
            4712402.0411,
            2250017.8825000003
          ],
          [
            4712397.1071,
            2250114.5832
          ],
          [
            4712368.1688,
            2250317.0831000004
          ]
        ]
      }
    },
    {
      "type": "Feature",
      "properties": {
        "objectid": 89,
        "corredor": "Carrera 81A Tramo 1",
        "municipio": "Medellín",
        "comuna": "12",
        "nom_comuna": "La América",
        "estado": "Construida",
        "anio_construido": "2019",
        "ente_constructor": "SIF - EDU",
        "ubicacion": "Vía Colectora",
        "tipo": "Ciclobanda",
        "nombre_ciclorruta": "SC 12 03 Carrera 81A Tramo 1",
        "tipologia_redciclista": "Unidireccional en calzada",
        "longitud": 976.73561546,
        "st_length(shape)": 976.735615460285
      },
      "geometry": {
        "type": "LineString",
        "coordinates": [
          [
            4712487.4345,
            2250375.4276
          ],
          [
            4712490.8732,
            2250388.0978999995
          ],
          [
            4712485.9668,
            2250391.9605
          ],
          [
            4712536.3754,
            2250575.7498000003
          ],
          [
            4712560.6063,
            2250669.9943000004
          ],
          [
            4712594.7387,
            2250848.2558999993
          ],
          [
            4712604.2099,
            2250845.2887999993
          ],
          [
            4712568.57,
            2250664.390900001
          ],
          [
            4712499.6499,
            2250387.9549000002
          ],
          [
            4712490.8732,
            2250388.0978999995
          ]
        ]
      }
    },
    {
      "type": "Feature",
      "properties": {
        "objectid": 90,
        "corredor": "Carrera 81A Tramo 2",
        "municipio": "Medellín",
        "comuna": "12",
        "nom_comuna": "La América",
        "estado": "Construida",
        "anio_construido": "2019",
        "ente_constructor": "SIF - EDU",
        "ubicacion": "Vía Colectora",
        "tipo": "Ciclobanda",
        "nombre_ciclorruta": "SC 12 04 Carrera 81A Tramo 2",
        "tipologia_redciclista": "Unidireccional en calzada",
        "longitud": 516.9687471,
        "st_length(shape)": 516.9687470997891
      },
      "geometry": {
        "type": "LineString",
        "coordinates": [
          [
            4712604.2099,
            2250845.2887999993
          ],
          [
            4712611.2891,
            2250875.6503
          ],
          [
            4712624.3648,
            2250909.9421999995
          ],
          [
            4712653.6009,
            2250944.3199000005
          ],
          [
            4712693.0839,
            2250980.4277
          ],
          [
            4712721.272,
            2250995.398
          ],
          [
            4712737.1789,
            2251000.1752000004
          ],
          [
            4712755.1455,
            2251002.8847000003
          ],
          [
            4712772.8806,
            2251005.8167000003
          ],
          [
            4712771.9363,
            2251011.794500001
          ],
          [
            4712739.2496,
            2251007.0450999998
          ],
          [
            4712710.612,
            2250999.653999999
          ],
          [
            4712686.0812,
            2250983.3826
          ],
          [
            4712648.1414,
            2250950.4969999995
          ],
          [
            4712616.1731,
            2250911.9957999997
          ],
          [
            4712602.3284,
            2250878.8583000004
          ],
          [
            4712594.7387,
            2250848.2558999993
          ]
        ]
      }
    },
    {
      "type": "Feature",
      "properties": {
        "objectid": 91,
        "corredor": "Carrera 81 - Calle 45G",
        "municipio": "Medellín",
        "comuna": "12",
        "nom_comuna": "La América",
        "estado": "Construida",
        "anio_construido": "2019",
        "ente_constructor": "SIF - EDU",
        "ubicacion": "Vía de Servicio",
        "tipo": "Ciclobanda",
        "nombre_ciclorruta": "SC 12 05 Carrera 81 - Calle 45G",
        "tipologia_redciclista": "Bidireccional en calzada",
        "longitud": 423.49077811,
        "st_length(shape)": 423.49077811100216
      },
      "geometry": {
        "type": "LineString",
        "coordinates": [
          [
            4712572.7288,
            2250283.5833
          ],
          [
            4712535.147,
            2250137.4276
          ],
          [
            4712526.0698,
            2250099.2224000003
          ],
          [
            4712507.0826,
            2250040.1491
          ],
          [
            4712493.73,
            2250008.0820000004
          ],
          [
            4712478.5319,
            2249974.3647000007
          ],
          [
            4712513.9143,
            2249946.6359
          ],
          [
            4712561.6108,
            2249920.085000001
          ]
        ]
      }
    },
    {
      "type": "Feature",
      "properties": {
        "objectid": 92,
        "corredor": "Carrera 84 Parque Floresta",
        "municipio": "Medellín",
        "comuna": "12",
        "nom_comuna": "La América",
        "estado": "Construida",
        "anio_construido": "2018",
        "ente_constructor": "SMM",
        "ubicacion": "Vía de Servicio",
        "tipo": "Carril ciclopreferente",
        "nombre_ciclorruta": "CO 12 01 Carrera 84 Parque Floresta",
        "tipologia_redciclista": "Compartida en sentido vehicular",
        "longitud": 119.66858844,
        "st_length(shape)": 119.6685884440357
      },
      "geometry": {
        "type": "LineString",
        "coordinates": [
          [
            4712246.327,
            2249910.6942999996
          ],
          [
            4712254.7839,
            2249919.7227
          ],
          [
            4712262.4601,
            2249927.5383
          ],
          [
            4712270.1362,
            2249935.3539000005
          ],
          [
            4712276.923,
            2249942.399599999
          ],
          [
            4712282.9443,
            2249951.329500001
          ],
          [
            4712288.6286,
            2249959.2654999997
          ],
          [
            4712297.7711,
            2249972.6044999994
          ],
          [
            4712298.7754,
            2249974.2588
          ],
          [
            4712297.7206,
            2249984.7722999994
          ],
          [
            4712296.7705,
            2249994.068499999
          ],
          [
            4712295.9353,
            2250004.2490999997
          ],
          [
            4712295.2975,
            2250009.5617999993
          ],
          [
            4712295.0832,
            2250011.0008000005
          ],
          [
            4712295.078,
            2250011.0360000003
          ]
        ]
      }
    },
    {
      "type": "Feature",
      "properties": {
        "objectid": 93,
        "corredor": "Carrera 83",
        "municipio": "Medellín",
        "comuna": "12",
        "nom_comuna": "La América",
        "estado": "Construida",
        "anio_construido": "2019",
        "ente_constructor": "SMM",
        "ubicacion": "Vía de Servicio",
        "tipo": "Carril ciclopreferente",
        "nombre_ciclorruta": "CO 12 03 Carrera 83",
        "tipologia_redciclista": "Compartida en sentido vehicular",
        "longitud": 323.5572961,
        "st_length(shape)": 323.5572961005151
      },
      "geometry": {
        "type": "LineString",
        "coordinates": [
          [
            4712309.1087,
            2250339.8965000007
          ],
          [
            4712311.289,
            2250310.7942999993
          ],
          [
            4712315.3241,
            2250276.2628000006
          ],
          [
            4712320.2293,
            2250238.629899999
          ],
          [
            4712323.9472,
            2250207.0866
          ],
          [
            4712329.3753,
            2250163.2567
          ],
          [
            4712333.6536,
            2250133.148600001
          ],
          [
            4712339.6324,
            2250088.7629000004
          ],
          [
            4712348.5706,
            2250018.7992000002
          ]
        ]
      }
    },
    {
      "type": "Feature",
      "properties": {
        "objectid": 94,
        "corredor": "Carrera 86",
        "municipio": "Medellín",
        "comuna": "12",
        "nom_comuna": "La América",
        "estado": "Construida",
        "anio_construido": "2019",
        "ente_constructor": "SMM",
        "ubicacion": "Vía de Servicio",
        "tipo": "Carril ciclopreferente",
        "nombre_ciclorruta": "CO 12 04 Carrera 86",
        "tipologia_redciclista": "Compartida en sentido vehicular",
        "longitud": 414.69884412,
        "st_length(shape)": 414.69884411633694
      },
      "geometry": {
        "type": "LineString",
        "coordinates": [
          [
            4712246.327,
            2249910.6942999996
          ],
          [
            4712186.8224,
            2249986.8698999994
          ],
          [
            4712184.8685,
            2249991.1228
          ],
          [
            4712184.6322,
            2249991.6371999998
          ],
          [
            4712182.2798,
            2250008.3516000006
          ],
          [
            4712147.4302,
            2250302.2038000003
          ]
        ]
      }
    },
    {
      "type": "Feature",
      "properties": {
        "objectid": 95,
        "corredor": "Transversal 45D",
        "municipio": "Medellín",
        "comuna": "12",
        "nom_comuna": "La América",
        "estado": "Construida",
        "anio_construido": "2019",
        "ente_constructor": "SMM",
        "ubicacion": "Vía de Servicio",
        "tipo": "Carril ciclopreferente",
        "nombre_ciclorruta": "CO 12 06 Transversal 45D",
        "tipologia_redciclista": "Compartida en sentido vehicular",
        "longitud": 73.04816251,
        "st_length(shape)": 73.0481625139081
      },
      "geometry": {
        "type": "LineString",
        "coordinates": [
          [
            4712298.5197,
            2249859.5869999994
          ],
          [
            4712298.0771,
            2249860.0204000007
          ],
          [
            4712246.327,
            2249910.6942999996
          ]
        ]
      }
    },
    {
      "type": "Feature",
      "properties": {
        "objectid": 96,
        "corredor": "Calle 5 T2",
        "municipio": "Medellín",
        "comuna": "14",
        "nom_comuna": "El Poblado",
        "estado": "Construida",
        "anio_construido": "2018",
        "ente_constructor": "SIF - EDU",
        "ubicacion": "Vía de Servicio",
        "tipo": "Banda ciclopreferente",
        "nombre_ciclorruta": "SC 14 01 Calle 5",
        "tipologia_redciclista": "Unidireccional en calzada",
        "longitud": 395.2845041,
        "st_length(shape)": 395.28450410491234
      },
      "geometry": {
        "type": "LineString",
        "coordinates": [
          [
            4714970.1862,
            2244623.914999999
          ],
          [
            4714995.7354,
            2244608.6095000003
          ],
          [
            4715037.7322,
            2244590.6415999997
          ],
          [
            4715055.944,
            2244579.7580999993
          ],
          [
            4715080.2493,
            2244564.2689999994
          ],
          [
            4715080.337,
            2244564.2304999996
          ],
          [
            4715230.3583,
            2244498.2787999995
          ],
          [
            4715231.5871,
            2244497.6973
          ],
          [
            4715282.2561,
            2244473.7183999997
          ],
          [
            4715326.0004,
            2244453.0165999997
          ]
        ]
      }
    },
    {
      "type": "Feature",
      "properties": {
        "objectid": 97,
        "corredor": "Carrera 43F Centro Automotriz",
        "municipio": "Medellín",
        "comuna": "14",
        "nom_comuna": "El Poblado",
        "estado": "Construida",
        "anio_construido": "2018",
        "ente_constructor": "SIF - EDU",
        "ubicacion": "Vía Colectora",
        "tipo": "Ciclobanda",
        "nombre_ciclorruta": "SC 14 02 Carrera 43F Centro Automotriz",
        "tipologia_redciclista": "Bidireccional en calzada",
        "longitud": 1324.2946459,
        "st_length(shape)": 1324.294645901638
      },
      "geometry": {
        "type": "LineString",
        "coordinates": [
          [
            4715569.0346,
            2246441.0901999995
          ],
          [
            4715566.6968,
            2246423.3172999993
          ],
          [
            4715564.0212,
            2246395.6246000007
          ],
          [
            4715560.1346,
            2246357.8550000004
          ],
          [
            4715558.1913,
            2246338.9702000003
          ],
          [
            4715555.5992,
            2246313.2612999994
          ],
          [
            4715552.0404,
            2246280.5704999994
          ],
          [
            4715549.6825,
            2246253.0358000007
          ],
          [
            4715549.3985,
            2246250.614600001
          ],
          [
            4715545.1595,
            2246214.4738999996
          ],
          [
            4715538.6081,
            2246154.2496000007
          ],
          [
            4715526.6406,
            2246045.7032999992
          ],
          [
            4715523.3305,
            2246018.170600001
          ],
          [
            4715519.8518,
            2245985.7970000003
          ],
          [
            4715513.4643,
            2245928.1119999997
          ],
          [
            4715502.457,
            2245849.2726000007
          ],
          [
            4715500.8411,
            2245835.2547999993
          ],
          [
            4715493.0627,
            2245783.022399999
          ],
          [
            4715488.7657,
            2245751.549900001
          ],
          [
            4715483.2824,
            2245722.0638999995
          ],
          [
            4715473.1203,
            2245668.5135999992
          ],
          [
            4715468.1784,
            2245645.1110999994
          ],
          [
            4715461.9116,
            2245620.6532000005
          ],
          [
            4715452.0845,
            2245601.6258000005
          ],
          [
            4715437.8895,
            2245581.1521000005
          ],
          [
            4715413.3633,
            2245553.9537000004
          ],
          [
            4715375.4594,
            2245517.9200999998
          ],
          [
            4715343.5183,
            2245487.0330999997
          ],
          [
            4715323.3806,
            2245471.3334999997
          ],
          [
            4715315.4656,
            2245468.3575
          ],
          [
            4715253.7509,
            2245445.152899999
          ],
          [
            4715217.7453,
            2245431.8665999994
          ],
          [
            4715179.1065,
            2245424.6701999996
          ],
          [
            4715158.9339,
            2245425.7694000006
          ],
          [
            4715105.5639,
            2245425.6138000004
          ],
          [
            4715082.9005,
            2245428.4624000005
          ],
          [
            4715040.6678,
            2245434.3555999994
          ]
        ]
      }
    },
    {
      "type": "Feature",
      "properties": {
        "objectid": 98,
        "corredor": "Calle 23-24",
        "municipio": "Medellín",
        "comuna": "14",
        "nom_comuna": "El Poblado",
        "estado": "Construida",
        "anio_construido": "2018",
        "ente_constructor": "SIF - EDU",
        "ubicacion": "Vía Colectora",
        "tipo": "Ciclobanda",
        "nombre_ciclorruta": "SC 14 03 Calle 23-24",
        "tipologia_redciclista": "Bidireccional en calzada",
        "longitud": 744.41522735,
        "st_length(shape)": 744.4152273527059
      },
      "geometry": {
        "type": "LineString",
        "coordinates": [
          [
            4715174.1586,
            2246620.2214
          ],
          [
            4715180.2032,
            2246619.1492999997
          ],
          [
            4715217.6218,
            2246611.797700001
          ],
          [
            4715254.6507,
            2246607.8861
          ],
          [
            4715275.138,
            2246609.7282999996
          ],
          [
            4715335.6966,
            2246604.6873000003
          ],
          [
            4715408.8627,
            2246598.1798
          ],
          [
            4715439.4106,
            2246594.546
          ],
          [
            4715458.1756,
            2246585.7775999997
          ],
          [
            4715475.137,
            2246575.691400001
          ],
          [
            4715527.9329,
            2246544.8947
          ],
          [
            4715556.0732,
            2246528.1707000006
          ],
          [
            4715568.0377,
            2246513.8498
          ],
          [
            4715574.7714,
            2246486.7306999993
          ],
          [
            4715573.4193,
            2246472.3156000003
          ],
          [
            4715570.7496,
            2246460.4164000005
          ],
          [
            4715566.9786,
            2246452.091600001
          ],
          [
            4715566.8855,
            2246446.6677
          ],
          [
            4715569.0346,
            2246441.0901999995
          ],
          [
            4715598.4454,
            2246437.696900001
          ],
          [
            4715640.2664,
            2246411.4838999994
          ],
          [
            4715659.7744,
            2246399.1944999993
          ],
          [
            4715721.8793,
            2246366.457699999
          ],
          [
            4715763.7615,
            2246342.5628999993
          ],
          [
            4715788.3338,
            2246327.5658
          ]
        ]
      }
    },
    {
      "type": "Feature",
      "properties": {
        "objectid": 99,
        "corredor": "Carrera 45 entre Calle 1 y Calle 9",
        "municipio": "Medellín",
        "comuna": "14",
        "nom_comuna": "El Poblado",
        "estado": "Construida",
        "anio_construido": "2018",
        "ente_constructor": "SIF - EDU",
        "ubicacion": "Vía de Servicio",
        "tipo": "Carril ciclopreferente",
        "nombre_ciclorruta": "CO 14 01 Carrera 45",
        "tipologia_redciclista": "Compartida en sentido vehicular",
        "longitud": 755.63841758,
        "st_length(shape)": 755.6384175761873
      },
      "geometry": {
        "type": "LineString",
        "coordinates": [
          [
            4715143.754,
            2244322.8320000004
          ],
          [
            4715192.5737,
            2244399.465500001
          ],
          [
            4715214.0074,
            2244436.5266999993
          ],
          [
            4715222.4953,
            2244451.971000001
          ],
          [
            4715230.348,
            2244473.3914
          ],
          [
            4715231.5871,
            2244497.6973
          ],
          [
            4715233.1339,
            2244540.4290999994
          ],
          [
            4715231.2231,
            2244562.955
          ],
          [
            4715229.0998,
            2244573.056
          ],
          [
            4715221.3351,
            2244623.2027000003
          ],
          [
            4715221.0536,
            2244625.7247
          ],
          [
            4715217.2743,
            2244659.5770999994
          ],
          [
            4715216.986,
            2244662.1589
          ],
          [
            4715203.0166,
            2244725.9388999995
          ],
          [
            4715195.6654,
            2244762.1446
          ],
          [
            4715178.898,
            2244810.5998
          ],
          [
            4715135.8788,
            2244941.8466999996
          ],
          [
            4715127.1555,
            2244991.7749000005
          ],
          [
            4715118.5453,
            2244996.683700001
          ],
          [
            4715104.0597,
            2244999.8512999993
          ],
          [
            4715079.5898,
            2244998.532400001
          ]
        ]
      }
    },
    {
      "type": "Feature",
      "properties": {
        "objectid": 100,
        "corredor": "Calle 7",
        "municipio": "Medellín",
        "comuna": "14",
        "nom_comuna": "El Poblado",
        "estado": "Construida",
        "anio_construido": "2018",
        "ente_constructor": "SIF - EDU",
        "ubicacion": "Vía de Servicio",
        "tipo": "Carril ciclopreferente",
        "nombre_ciclorruta": "CO 14 02 Calle 7",
        "tipologia_redciclista": "Compartida en sentido vehicular",
        "longitud": 373.50660381,
        "st_length(shape)": 373.5066038137715
      },
      "geometry": {
        "type": "LineString",
        "coordinates": [
          [
            4715037.7322,
            2244590.6415999997
          ],
          [
            4715031.7386,
            2244609.3309000004
          ],
          [
            4715025.5828,
            2244626.3804
          ],
          [
            4714994.7538,
            2244712.844799999
          ],
          [
            4714989.7652,
            2244731.4263000004
          ],
          [
            4714987.0351,
            2244741.8551000003
          ],
          [
            4714985.1005,
            2244753.1817000005
          ],
          [
            4714999.2831,
            2244754.5285
          ],
          [
            4715009.0233,
            2244756.8895999994
          ],
          [
            4715035.8382,
            2244766.102600001
          ],
          [
            4715092.9037,
            2244784.425899999
          ],
          [
            4715097.8091,
            2244785.9189
          ],
          [
            4715124.6746,
            2244794.095899999
          ],
          [
            4715178.898,
            2244810.5998
          ]
        ]
      }
    },
    {
      "type": "Feature",
      "properties": {
        "objectid": 101,
        "corredor": "Transversal 5A",
        "municipio": "Medellín",
        "comuna": "14",
        "nom_comuna": "El Poblado",
        "estado": "Construida",
        "anio_construido": "2018",
        "ente_constructor": "SIF - EDU",
        "ubicacion": "Vía de Servicio",
        "tipo": "Carril ciclopreferente",
        "nombre_ciclorruta": "CO 14 03 Transversal 5A",
        "tipologia_redciclista": "Compartida en sentido vehicular",
        "longitud": 462.68554417,
        "st_length(shape)": 462.68554417229785
      },
      "geometry": {
        "type": "LineString",
        "coordinates": [
          [
            4714984.5187,
            2244901.3484000005
          ],
          [
            4714996.7525,
            2244899.7026000004
          ],
          [
            4715007.4869,
            2244870.633300001
          ],
          [
            4715011.2569,
            2244851.2607000005
          ],
          [
            4715019.1371,
            2244823.6257000007
          ],
          [
            4715035.8382,
            2244766.102600001
          ],
          [
            4715055.8892,
            2244700.9656000007
          ],
          [
            4715063.0904,
            2244679.4718999993
          ],
          [
            4715069.216,
            2244664.399
          ],
          [
            4715080.8246,
            2244638.6807000004
          ],
          [
            4715085.9825,
            2244629.4749
          ],
          [
            4715099.3064,
            2244615.0306
          ],
          [
            4715113.0784,
            2244601.690300001
          ],
          [
            4715129.8482,
            2244590.2158000004
          ],
          [
            4715146.5214,
            2244581.6175999995
          ],
          [
            4715172.4862,
            2244571.6469
          ],
          [
            4715182.9913,
            2244569.3836000003
          ],
          [
            4715231.2231,
            2244562.955
          ]
        ]
      }
    },
    {
      "type": "Feature",
      "properties": {
        "objectid": 102,
        "corredor": "Q. La Presidenta (Carrera 46) 1",
        "municipio": "Medellín",
        "comuna": "14",
        "nom_comuna": "El Poblado",
        "estado": "Construida",
        "anio_construido": "2018",
        "ente_constructor": "SIF - EDU",
        "ubicacion": "Vía Colectora",
        "tipo": "Carril ciclopreferente",
        "nombre_ciclorruta": "CO 14 04 Q. La Presidenta (Carrera 46)",
        "tipologia_redciclista": "Compartida en sentido vehicular",
        "longitud": 606.05595365,
        "st_length(shape)": 606.0559536507767
      },
      "geometry": {
        "type": "LineString",
        "coordinates": [
          [
            4715054.0416,
            2245188.3275000006
          ],
          [
            4715065.9161,
            2245191.1345000006
          ],
          [
            4715073.7691,
            2245189.918299999
          ],
          [
            4715079.7946,
            2245181.1191000007
          ],
          [
            4715083.6002,
            2245166.296599999
          ],
          [
            4715088.6908,
            2245158.464400001
          ],
          [
            4715090.8023,
            2245156.4143000003
          ],
          [
            4715079.5898,
            2244998.532400001
          ],
          [
            4715073.7781,
            2244941.595899999
          ],
          [
            4715081.0668,
            2244915.3455
          ],
          [
            4715122.3504,
            2244800.4408
          ],
          [
            4715124.6746,
            2244794.095899999
          ],
          [
            4715136.2871,
            2244762.395199999
          ],
          [
            4715149.9651,
            2244723.8489999995
          ],
          [
            4715159.4409,
            2244700.3378
          ],
          [
            4715166.6078,
            2244686.1435000002
          ],
          [
            4715174.0966,
            2244674.5347000007
          ],
          [
            4715187.7306,
            2244665.9946999997
          ],
          [
            4715204.6544,
            2244662.362299999
          ],
          [
            4715217.2743,
            2244659.5770999994
          ]
        ]
      }
    },
    {
      "type": "Feature",
      "properties": {
        "objectid": 103,
        "corredor": "Q. La Presidenta (Carrera 46) 2",
        "municipio": "Medellín",
        "comuna": "14",
        "nom_comuna": "El Poblado",
        "estado": "Construida",
        "anio_construido": "2018",
        "ente_constructor": "SIF - EDU",
        "ubicacion": "Vía Colectora",
        "tipo": "Carril ciclopreferente",
        "nombre_ciclorruta": "CO 14 04 Q. La Presidenta (Carrera 46)",
        "tipologia_redciclista": "Compartida en sentido vehicular",
        "longitud": 1503.85621786,
        "st_length(shape)": 1503.8562178563864
      },
      "geometry": {
        "type": "LineString",
        "coordinates": [
          [
            4714933.7519,
            2244384.2200000007
          ],
          [
            4714934.0466,
            2244384.1619000006
          ],
          [
            4714946.2753,
            2244381.7498000003
          ],
          [
            4715212.4087,
            2244266.6587000005
          ],
          [
            4715227.3876,
            2244286.003900001
          ],
          [
            4715229.901,
            2244289.25
          ],
          [
            4715254.6492,
            2244326.049900001
          ],
          [
            4715280.7701,
            2244370.9417000003
          ],
          [
            4715309.9892,
            2244415.597100001
          ],
          [
            4715326.0004,
            2244453.0165999997
          ],
          [
            4715342.454,
            2244513.1089999992
          ],
          [
            4715344.031,
            2244541.5284
          ],
          [
            4715342.0548,
            2244567.6422000006
          ],
          [
            4715334.6556,
            2244616.7895
          ],
          [
            4715327.9073,
            2244663.168299999
          ],
          [
            4715300.7474,
            2244655.0045
          ],
          [
            4715272.7675,
            2244639.983100001
          ],
          [
            4715268.8948,
            2244637.903999999
          ],
          [
            4715221.0536,
            2244625.7247
          ],
          [
            4715209.9548,
            2244625.2058000006
          ],
          [
            4715195.363,
            2244629.352600001
          ],
          [
            4715177.1783,
            2244637.3260999992
          ],
          [
            4715161.6386,
            2244645.0824999996
          ],
          [
            4715143.1524,
            2244660.8872999996
          ],
          [
            4715130.3847,
            2244678.7968000006
          ],
          [
            4715121.2399,
            2244708.9739999995
          ],
          [
            4715112.2015,
            2244739.4683999997
          ],
          [
            4715097.8091,
            2244785.9189
          ],
          [
            4715088.2286,
            2244815.0724
          ],
          [
            4715070.8773,
            2244868.5464999992
          ],
          [
            4715051.5608,
            2244931.2839
          ],
          [
            4715048.4194,
            2244947.5601000004
          ],
          [
            4715049.112,
            2244962.9025
          ],
          [
            4715054.6053,
            2244997.2827000003
          ],
          [
            4715062.8413,
            2245079.4081999995
          ],
          [
            4715058.0639,
            2245097.7248
          ],
          [
            4715060.0074,
            2245116.7683000006
          ],
          [
            4715060.2998,
            2245156.3441000003
          ],
          [
            4715054.0416,
            2245188.3275000006
          ],
          [
            4715041.5205,
            2245205.1184
          ]
        ]
      }
    },
    {
      "type": "Feature",
      "properties": {
        "objectid": 104,
        "corredor": "Carrera 47",
        "municipio": "Medellín",
        "comuna": "14",
        "nom_comuna": "El Poblado",
        "estado": "Construida",
        "anio_construido": "2018",
        "ente_constructor": "SIF - EDU",
        "ubicacion": "Vía de Servicio",
        "tipo": "Carril ciclopreferente",
        "nombre_ciclorruta": "CO 14 06 Carrera 47",
        "tipologia_redciclista": "Compartida en sentido vehicular",
        "longitud": 190.2867277,
        "st_length(shape)": 190.286727696125
      },
      "geometry": {
        "type": "LineString",
        "coordinates": [
          [
            4714999.3977,
            2244392.015900001
          ],
          [
            4715080.337,
            2244564.2304999996
          ]
        ]
      }
    },
    {
      "type": "Feature",
      "properties": {
        "objectid": 105,
        "corredor": "Calle 1",
        "municipio": "Medellín",
        "comuna": "14",
        "nom_comuna": "El Poblado",
        "estado": "Construida",
        "anio_construido": "2018",
        "ente_constructor": "SIF - EDU",
        "ubicacion": "Via Arteria",
        "tipo": "Carril ciclopreferente",
        "nombre_ciclorruta": "CO 14 08 Calle 1",
        "tipologia_redciclista": "Compartida en sentido vehicular",
        "longitud": 321.49729301,
        "st_length(shape)": 321.49729301099023
      },
      "geometry": {
        "type": "LineString",
        "coordinates": [
          [
            4714936.5968,
            2244422.9108000007
          ],
          [
            4714946.5042,
            2244417.605799999
          ],
          [
            4714969.2594,
            2244405.4213999994
          ],
          [
            4714999.3977,
            2244392.015900001
          ],
          [
            4715143.754,
            2244322.8320000004
          ],
          [
            4715227.2432,
            2244286.067500001
          ],
          [
            4715227.3876,
            2244286.003900001
          ]
        ]
      }
    },
    {
      "type": "Feature",
      "properties": {
        "objectid": 106,
        "corredor": "Carrera 43E",
        "municipio": "Medellín",
        "comuna": "14",
        "nom_comuna": "El Poblado",
        "estado": "Construida",
        "anio_construido": "2018",
        "ente_constructor": "SIF - EDU",
        "ubicacion": "Vía de Servicio",
        "tipo": "Carril ciclopreferente",
        "nombre_ciclorruta": "CO 14 10 Carrera 43E",
        "tipologia_redciclista": "Compartida en sentido vehicular",
        "longitud": 171.68068291,
        "st_length(shape)": 171.68068290538096
      },
      "geometry": {
        "type": "LineString",
        "coordinates": [
          [
            4715272.7675,
            2244639.983100001
          ],
          [
            4715290.8768,
            2244589.080499999
          ],
          [
            4715295.0733,
            2244565.5549999997
          ],
          [
            4715296.4104,
            2244540.0314000007
          ],
          [
            4715294.7796,
            2244518.6591999996
          ],
          [
            4715290.0558,
            2244497.0726999994
          ],
          [
            4715287.1045,
            2244485.9350000005
          ],
          [
            4715282.2639,
            2244473.7380999997
          ],
          [
            4715282.2561,
            2244473.7183999997
          ]
        ]
      }
    },
    {
      "type": "Feature",
      "properties": {
        "objectid": 107,
        "corredor": "Carrera 45 entre calle 14 y calle 16",
        "municipio": "Medellín",
        "comuna": "14",
        "nom_comuna": "El Poblado",
        "estado": "Construida",
        "anio_construido": "2019",
        "ente_constructor": "AMVA",
        "ubicacion": "Vía de Servicio",
        "tipo": "Carril ciclopreferente",
        "nombre_ciclorruta": "CO 14 11 Carrera 45",
        "tipologia_redciclista": "Compartida en sentido vehicular",
        "longitud": 200.90720853,
        "st_length(shape)": 200.90720853480036
      },
      "geometry": {
        "type": "LineString",
        "coordinates": [
          [
            4715337.776,
            2245668.0220999997
          ],
          [
            4715316.1337,
            2245474.3367999997
          ],
          [
            4715315.4656,
            2245468.3575
          ]
        ]
      }
    },
    {
      "type": "Feature",
      "properties": {
        "objectid": 108,
        "corredor": "Calle 19A",
        "municipio": "Medellín",
        "comuna": "14",
        "nom_comuna": "El Poblado",
        "estado": "Construida",
        "anio_construido": "2019",
        "ente_constructor": "AMVA",
        "ubicacion": "Vía de Servicio",
        "tipo": "Carril ciclopreferente",
        "nombre_ciclorruta": "CO 14 12 Calle 19A",
        "tipologia_redciclista": "Compartida en sentido vehicular",
        "longitud": 168.69328544,
        "st_length(shape)": 168.69328543575398
      },
      "geometry": {
        "type": "LineString",
        "coordinates": [
          [
            4715549.3985,
            2246250.614600001
          ],
          [
            4715705.3614,
            2246186.326199999
          ]
        ]
      }
    },
    {
      "type": "Feature",
      "properties": {
        "objectid": 109,
        "corredor": "Aguacatala Calle 11C Sur",
        "municipio": "Medellín",
        "comuna": "14",
        "nom_comuna": "El Poblado",
        "estado": "Construida",
        "anio_construido": "2019",
        "ente_constructor": "SMM",
        "ubicacion": "Vía de Servicio",
        "tipo": "Carril ciclopreferente",
        "nombre_ciclorruta": "CO 14 13 Aguacatala Calle 11C Sur",
        "tipologia_redciclista": "Compartida en sentido vehicular",
        "longitud": 139.78882232,
        "st_length(shape)": 139.78882231767142
      },
      "geometry": {
        "type": "LineString",
        "coordinates": [
          [
            4714526.5599,
            2243339.496099999
          ],
          [
            4714525.6077,
            2243334.8790000007
          ],
          [
            4714526.7091,
            2243330.1149000004
          ],
          [
            4714529.2374,
            2243324.554199999
          ],
          [
            4714532.9233,
            2243320.9487999994
          ],
          [
            4714553.0253,
            2243312.6460999995
          ],
          [
            4714576.2876,
            2243303.7364000008
          ],
          [
            4714580.3789,
            2243302.1459999997
          ],
          [
            4714587.9185,
            2243299.215399999
          ],
          [
            4714624.0011,
            2243285.2533
          ],
          [
            4714631.3209,
            2243282.5215000007
          ],
          [
            4714636.0804,
            2243281.3477999996
          ],
          [
            4714641.6548,
            2243287.601500001
          ]
        ]
      }
    },
    {
      "type": "Feature",
      "properties": {
        "objectid": 110,
        "corredor": "Aguacatala Carrera 48A",
        "municipio": "Medellín",
        "comuna": "14",
        "nom_comuna": "El Poblado",
        "estado": "Construida",
        "anio_construido": "2019",
        "ente_constructor": "SMM",
        "ubicacion": "Vía de Servicio",
        "tipo": "Carril ciclopreferente",
        "nombre_ciclorruta": "CO 14 14 Aguacatala Carrera 48A",
        "tipologia_redciclista": "Compartida en sentido vehicular",
        "longitud": 189.26634345,
        "st_length(shape)": 189.2663434495659
      },
      "geometry": {
        "type": "LineString",
        "coordinates": [
          [
            4714708.9391,
            2243464.4793
          ],
          [
            4714688.5146,
            2243411.8225999996
          ],
          [
            4714671.2732,
            2243363.2863999996
          ],
          [
            4714648.9328,
            2243305.0781999994
          ],
          [
            4714641.6548,
            2243287.601500001
          ]
        ]
      }
    },
    {
      "type": "Feature",
      "properties": {
        "objectid": 111,
        "corredor": "Aguacatala Carrera 48B",
        "municipio": "Medellín",
        "comuna": "14",
        "nom_comuna": "El Poblado",
        "estado": "Construida",
        "anio_construido": "2019",
        "ente_constructor": "SMM",
        "ubicacion": "Vía de Servicio",
        "tipo": "Carril ciclopreferente",
        "nombre_ciclorruta": "CO 14 15 Aguacatala Carrera 48B",
        "tipologia_redciclista": "Compartida en sentido vehicular",
        "longitud": 183.55599371,
        "st_length(shape)": 183.55599370695268
      },
      "geometry": {
        "type": "LineString",
        "coordinates": [
          [
            4714580.3789,
            2243302.1459999997
          ],
          [
            4714645.6292,
            2243473.7128999997
          ]
        ]
      }
    },
    {
      "type": "Feature",
      "properties": {
        "objectid": 112,
        "corredor": "Aguacatala Carrera 48C",
        "municipio": "Medellín",
        "comuna": "14",
        "nom_comuna": "El Poblado",
        "estado": "Construida",
        "anio_construido": "2019",
        "ente_constructor": "SMM",
        "ubicacion": "Vía de Servicio",
        "tipo": "Carril ciclopreferente",
        "nombre_ciclorruta": "CO 14 16 Aguacatala Carrera 48C",
        "tipologia_redciclista": "Compartida en sentido vehicular",
        "longitud": 155.48628412,
        "st_length(shape)": 155.48628412291865
      },
      "geometry": {
        "type": "LineString",
        "coordinates": [
          [
            4714526.5599,
            2243339.496099999
          ],
          [
            4714551.6347,
            2243410.6986999996
          ],
          [
            4714564.7802,
            2243447.9750999995
          ],
          [
            4714579.6617,
            2243485.6108999997
          ]
        ]
      }
    },
    {
      "type": "Feature",
      "properties": {
        "objectid": 113,
        "corredor": "Aguacatala Calle 10 Sur",
        "municipio": "Medellín",
        "comuna": "14",
        "nom_comuna": "El Poblado",
        "estado": "Construida",
        "anio_construido": "2019",
        "ente_constructor": "SMM",
        "ubicacion": "Vía de Servicio",
        "tipo": "Carril ciclopreferente",
        "nombre_ciclorruta": "CO 14 17 Aguacatala Calle 10 Sur",
        "tipologia_redciclista": "Compartida en sentido vehicular",
        "longitud": 131.00979932,
        "st_length(shape)": 131.00979932016196
      },
      "geometry": {
        "type": "LineString",
        "coordinates": [
          [
            4714708.9391,
            2243464.4793
          ],
          [
            4714644.1222,
            2243474.0143
          ],
          [
            4714579.6617,
            2243485.6108999997
          ]
        ]
      }
    },
    {
      "type": "Feature",
      "properties": {
        "objectid": 114,
        "corredor": "Calle 9 Sur Tramo 2A",
        "municipio": "Medellín",
        "comuna": "15",
        "nom_comuna": "Guayabal",
        "estado": "Construida",
        "anio_construido": "2019",
        "ente_constructor": "SIF - EDU",
        "ubicacion": "Via Arteria",
        "tipo": "Ciclorruta",
        "nombre_ciclorruta": "SA 15 04 Calle 9 Sur Tramo 2A",
        "tipologia_redciclista": "Bidireccional en andén",
        "longitud": 1647.69856879,
        "st_length(shape)": 1647.6985687918711
      },
      "geometry": {
        "type": "LineString",
        "coordinates": [
          [
            4713684.2469,
            2244329.131100001
          ],
          [
            4713670.0831,
            2244336.990700001
          ],
          [
            4713663.9417,
            2244335.0984000005
          ],
          [
            4713651.3207,
            2244325.0911999997
          ],
          [
            4713641.6283,
            2244312.451199999
          ],
          [
            4713616.7748,
            2244245.2475000005
          ],
          [
            4713603.3683,
            2244209.296
          ],
          [
            4713594.2235,
            2244187.5156999994
          ],
          [
            4713581.9247,
            2244175.9004999995
          ],
          [
            4713564.9768,
            2244167.681
          ],
          [
            4713539.9939,
            2244163.0757999998
          ],
          [
            4713528.2083,
            2244161.268100001
          ],
          [
            4713520.0878,
            2244157.190300001
          ],
          [
            4713507.842,
            2244140.7709
          ],
          [
            4713492.7861,
            2244120.7336999997
          ],
          [
            4713475.0911,
            2244093.7898999993
          ],
          [
            4713453.3453,
            2244081.7534999996
          ],
          [
            4713440.7633,
            2244073.119000001
          ],
          [
            4713436.827,
            2244061.895300001
          ],
          [
            4713434.1405,
            2244042.656300001
          ],
          [
            4713433.4124,
            2244022.8695
          ],
          [
            4713421.139,
            2244023.688100001
          ],
          [
            4713413.3619,
            2244024.021400001
          ],
          [
            4713407.5641,
            2244021.9696999993
          ],
          [
            4713402.6373,
            2244018.9638
          ],
          [
            4713397.5451,
            2244012.625
          ],
          [
            4713394.437,
            2244006.2820999995
          ],
          [
            4713390.6993,
            2244002.6389000006
          ],
          [
            4713384.4009,
            2244001.5670999996
          ],
          [
            4713379.1135,
            2244003.2973999996
          ],
          [
            4713361.4032,
            2244010.4762999993
          ],
          [
            4713346.2059,
            2244017.5177999996
          ],
          [
            4713328.7639,
            2244026.5480000004
          ],
          [
            4713304.7228,
            2244042.7344000004
          ],
          [
            4713281.2075,
            2244057.3324999996
          ],
          [
            4713268.1212,
            2244061.724300001
          ],
          [
            4713254.6322,
            2244063.206700001
          ],
          [
            4713242.5915,
            2244061.3794
          ],
          [
            4713231.072,
            2244055.715
          ],
          [
            4713217.4286,
            2244046.3511999995
          ],
          [
            4713200.869,
            2244033.9510999992
          ],
          [
            4713180.3433,
            2244022.6172
          ],
          [
            4713162.3957,
            2244017.821900001
          ],
          [
            4713122.9216,
            2244015.5911
          ],
          [
            4713110.3547,
            2244015.219799999
          ],
          [
            4713088.2622,
            2244013.942
          ],
          [
            4713065.3752,
            2244012.2689999994
          ],
          [
            4713040.5054,
            2244011.2613999993
          ],
          [
            4713011.2738,
            2244011.8499999996
          ],
          [
            4712991.435,
            2244013.0808000006
          ],
          [
            4712965.7791,
            2244015.7785
          ],
          [
            4712946.2105,
            2244019.7865999993
          ],
          [
            4712924.3978,
            2244026.0479000006
          ],
          [
            4712903.249,
            2244033.498299999
          ],
          [
            4712889.2406,
            2244039.7437999994
          ],
          [
            4712870.4758,
            2244048.7765999995
          ],
          [
            4712857.6532,
            2244052.7709999997
          ],
          [
            4712845.2256,
            2244055.8386000004
          ],
          [
            4712826.5592,
            2244061.1676000003
          ],
          [
            4712796.1064,
            2244072.6581999995
          ],
          [
            4712777.4989,
            2244080.9499999993
          ],
          [
            4712746.6365,
            2244099.2139
          ],
          [
            4712689.3507,
            2244132.9812000003
          ],
          [
            4712647.1158,
            2244152.8027
          ],
          [
            4712620.9994,
            2244163.2261999995
          ],
          [
            4712609.8422,
            2244166.5822
          ],
          [
            4712594.2697,
            2244172.9114999995
          ],
          [
            4712581.7173,
            2244180.1932999995
          ],
          [
            4712571.2878,
            2244190.1351999994
          ],
          [
            4712563.7772,
            2244204.4362000003
          ],
          [
            4712549.3548,
            2244234.7565
          ],
          [
            4712539.6041,
            2244253.295
          ],
          [
            4712534.1343,
            2244262.962200001
          ],
          [
            4712510.7692,
            2244286.3563
          ],
          [
            4712503.2435,
            2244293.25
          ],
          [
            4712483.3012,
            2244308.6345000006
          ],
          [
            4712460.3169,
            2244324.1575000007
          ],
          [
            4712449.0266,
            2244333.5721000005
          ],
          [
            4712439.7218,
            2244343.7101000007
          ],
          [
            4712431.2641,
            2244355.2029999997
          ],
          [
            4712419.9564,
            2244348.5121999998
          ],
          [
            4712417.3696,
            2244344.879899999
          ],
          [
            4712410.4699,
            2244347.3806999996
          ],
          [
            4712405.6057,
            2244349.0836999994
          ],
          [
            4712397.9961,
            2244353.7553000003
          ],
          [
            4712395.6857,
            2244362.4373000003
          ]
        ]
      }
    },
    {
      "type": "Feature",
      "properties": {
        "objectid": 115,
        "corredor": "Av. Guayabal T1 E",
        "municipio": "Medellín",
        "comuna": "15",
        "nom_comuna": "Guayabal",
        "estado": "Construida",
        "anio_construido": "2019",
        "ente_constructor": "SIF - EDU",
        "ubicacion": "Via Arteria",
        "tipo": "Ciclobanda",
        "nombre_ciclorruta": "SC 15 02 Av. Guayabal T1 E",
        "tipologia_redciclista": "Unidireccional en calzada",
        "longitud": 1699.48624699,
        "st_length(shape)": 1699.486246990251
      },
      "geometry": {
        "type": "LineString",
        "coordinates": [
          [
            4714969.3306,
            2247054.7949
          ],
          [
            4714969.2902,
            2247054.4507999998
          ],
          [
            4714966.1374,
            2247027.6317999996
          ],
          [
            4714956.6131,
            2247022.0813999996
          ],
          [
            4714946.7639,
            2247011.223099999
          ],
          [
            4714941.1699,
            2246960.5130000003
          ],
          [
            4714920.6693,
            2246896.9120000005
          ],
          [
            4714878.6161,
            2246796.8368999995
          ],
          [
            4714643.1034,
            2246174.7902000006
          ],
          [
            4714540.955,
            2245755.1634
          ],
          [
            4714533.5225,
            2245723.5218
          ],
          [
            4714501.3562,
            2245586.5853000004
          ],
          [
            4714481.5508,
            2245499.9290999994
          ],
          [
            4714452.4092,
            2245446.3583000004
          ]
        ]
      }
    },
    {
      "type": "Feature",
      "properties": {
        "objectid": 116,
        "corredor": "Av. Guayabal T1 W",
        "municipio": "Medellín",
        "comuna": "15",
        "nom_comuna": "Guayabal",
        "estado": "Construida",
        "anio_construido": "2019",
        "ente_constructor": "SIF - EDU",
        "ubicacion": "Via Arteria",
        "tipo": "Ciclobanda",
        "nombre_ciclorruta": "SC 15 02 Av. Guayabal T1 W",
        "tipologia_redciclista": "Unidireccional en calzada",
        "longitud": 1904.64034738,
        "st_length(shape)": 1904.6403473795312
      },
      "geometry": {
        "type": "LineString",
        "coordinates": [
          [
            4714414.5504,
            2245467.4026999995
          ],
          [
            4714416.1725,
            2245469.9628
          ],
          [
            4714443.9939,
            2245513.8726000004
          ],
          [
            4714498.261,
            2245732.2731999997
          ],
          [
            4714504.1497,
            2245755.9727999996
          ],
          [
            4714516.9917,
            2245807.655099999
          ],
          [
            4714552.0269,
            2245959.7411
          ],
          [
            4714576.6533,
            2246061.1624
          ],
          [
            4714601.6226,
            2246170.6118
          ],
          [
            4714604.2643,
            2246182.1917000003
          ],
          [
            4714637.6793,
            2246279.0238000005
          ],
          [
            4714730.6582,
            2246516.4954000004
          ],
          [
            4714785.1762,
            2246659.7698999997
          ],
          [
            4714840.0375,
            2246807.6108
          ],
          [
            4714899.0489,
            2246953.0644000005
          ],
          [
            4714916.0952,
            2247009.7138
          ],
          [
            4714922.3568,
            2247047.534499999
          ],
          [
            4714899.2948,
            2247139.3993999995
          ],
          [
            4714887.3895,
            2247168.8815
          ],
          [
            4714880.307,
            2247202.9569000006
          ],
          [
            4714874.6409,
            2247221.9233
          ],
          [
            4714862.6611,
            2247262.8998000007
          ],
          [
            4714850.562,
            2247272.7847000007
          ]
        ]
      }
    },
    {
      "type": "Feature",
      "properties": {
        "objectid": 117,
        "corredor": "Av. Guayabal T2",
        "municipio": "Medellín",
        "comuna": "15",
        "nom_comuna": "Guayabal",
        "estado": "Construida",
        "anio_construido": "2019",
        "ente_constructor": "SIF - EDU",
        "ubicacion": "Via Arteria",
        "tipo": "Ciclobanda",
        "nombre_ciclorruta": "SC 15 02 Av. Guayabal T2",
        "tipologia_redciclista": "Unidireccional en calzada",
        "longitud": 256.28625483,
        "st_length(shape)": 256.2862548341271
      },
      "geometry": {
        "type": "LineString",
        "coordinates": [
          [
            4714383.7098,
            2245402.5635
          ],
          [
            4714401.1403,
            2245387.9777000006
          ],
          [
            4714413.0477,
            2245386.055299999
          ],
          [
            4714417.8322,
            2245386.1724999994
          ],
          [
            4714426.1636,
            2245386.376599999
          ],
          [
            4714433.4517,
            2245389.5588000007
          ],
          [
            4714440.7804,
            2245394.1021
          ],
          [
            4714446.5716,
            2245401.701199999
          ],
          [
            4714449.2294,
            2245407.7804000005
          ],
          [
            4714452.1594,
            2245417.5627999995
          ],
          [
            4714453.6352,
            2245427.7448999994
          ],
          [
            4714453.305,
            2245432.7578999996
          ],
          [
            4714452.4092,
            2245446.3583000004
          ],
          [
            4714435.6191,
            2245462.3847000003
          ],
          [
            4714415.4096,
            2245467.5581
          ],
          [
            4714414.5504,
            2245467.4026999995
          ],
          [
            4714395.6206,
            2245463.9794999994
          ],
          [
            4714390.4925,
            2245459.9858999997
          ],
          [
            4714382.7755,
            2245453.976500001
          ],
          [
            4714375.9353,
            2245441.8034000006
          ],
          [
            4714373.7484,
            2245431.1602999996
          ],
          [
            4714373.7827,
            2245423.2183
          ],
          [
            4714376.72,
            2245412.7629000004
          ],
          [
            4714383.7098,
            2245402.5635
          ]
        ]
      }
    },
    {
      "type": "Feature",
      "properties": {
        "objectid": 118,
        "corredor": "Av. Guayabal T3 E",
        "municipio": "Medellín",
        "comuna": "15",
        "nom_comuna": "Guayabal",
        "estado": "Construida",
        "anio_construido": "2019",
        "ente_constructor": "SIF - EDU",
        "ubicacion": "Via Arteria",
        "tipo": "Ciclobanda",
        "nombre_ciclorruta": "SC 15 02 Av. Guayabal T3 E",
        "tipologia_redciclista": "Unidireccional en calzada",
        "longitud": 2436.83067958,
        "st_length(shape)": 2436.8306795783246
      },
      "geometry": {
        "type": "LineString",
        "coordinates": [
          [
            4714376.72,
            2245412.7629000004
          ],
          [
            4714376.2297,
            2245396.5122999996
          ],
          [
            4714349.7252,
            2245349.0746999998
          ],
          [
            4714322.6019,
            2245306.6964
          ],
          [
            4714316.5418,
            2245292.7404999994
          ],
          [
            4714303.0093,
            2245272.9268999994
          ],
          [
            4714266.4059,
            2245226.0175
          ],
          [
            4714235.6454,
            2245184.7496000007
          ],
          [
            4714211.8195,
            2245146.1163999997
          ],
          [
            4714144.124,
            2245040.7117
          ],
          [
            4714121.6704,
            2245005.043299999
          ],
          [
            4714084.314,
            2244940.4047999997
          ],
          [
            4714066.0175,
            2244904.762700001
          ],
          [
            4714038.2465,
            2244841.6723999996
          ],
          [
            4714018.6992,
            2244797.2649000008
          ],
          [
            4713955.7162,
            2244654.1799999997
          ],
          [
            4713948.3997,
            2244637.0975
          ],
          [
            4713940.0067,
            2244617.501700001
          ],
          [
            4713829.2314,
            2244358.8658000007
          ],
          [
            4713865.5946,
            2244342.8707
          ],
          [
            4713874.5153,
            2244340.283
          ],
          [
            4713883.527,
            2244358.6448
          ],
          [
            4713880.8469,
            2244369.2358
          ],
          [
            4713878.3141,
            2244379.2442000005
          ],
          [
            4713924.9732,
            2244489.8914
          ],
          [
            4713969.7865,
            2244596.1619000006
          ],
          [
            4714020.3527,
            2244716.0743000004
          ],
          [
            4714057.6857,
            2244804.6056999993
          ],
          [
            4714084.1747,
            2244867.4214999992
          ],
          [
            4714101.7194,
            2244909.026900001
          ],
          [
            4714107.877,
            2244923.6290000007
          ],
          [
            4714114.7198,
            2244919.9816999994
          ],
          [
            4714117.7008,
            2244924.972100001
          ],
          [
            4714134.5236,
            2244953.135
          ],
          [
            4714169.1907,
            2245006.7135000005
          ],
          [
            4714209.0736,
            2245066.6121999994
          ],
          [
            4714248.1149,
            2245131.844799999
          ],
          [
            4714261.9306,
            2245152.9332
          ],
          [
            4714283.3723,
            2245185.661699999
          ],
          [
            4714291.7279,
            2245199.0678000003
          ],
          [
            4714387.0463,
            2245348.9657000005
          ],
          [
            4714399.7894,
            2245370.950099999
          ],
          [
            4714405.3083,
            2245378.8753999993
          ],
          [
            4714409.9269,
            2245383.9483000003
          ],
          [
            4714413.0477,
            2245386.055299999
          ]
        ]
      }
    },
    {
      "type": "Feature",
      "properties": {
        "objectid": 119,
        "corredor": "Q. La Guayabala Tramo 1",
        "municipio": "Medellín",
        "comuna": "15",
        "nom_comuna": "Guayabal",
        "estado": "Construida",
        "anio_construido": "2019",
        "ente_constructor": "SIF - EDU",
        "ubicacion": "Vía Colectora",
        "tipo": "Ciclobanda",
        "nombre_ciclorruta": "SC 15 03 Q. La Guayabala T1",
        "tipologia_redciclista": "Bidireccional en calzada",
        "longitud": 1426.90241265,
        "st_length(shape)": 1426.902412647981
      },
      "geometry": {
        "type": "LineString",
        "coordinates": [
          [
            4713963.4588,
            2246345.0080999993
          ],
          [
            4714000.1842,
            2246335.3136
          ],
          [
            4714006.3185,
            2246344.9488999993
          ],
          [
            4714014.1755,
            2246357.8429000005
          ],
          [
            4714024.3683,
            2246374.5416
          ],
          [
            4714032.437,
            2246387.4352
          ],
          [
            4714044.9621,
            2246406.2456
          ],
          [
            4714054.7273,
            2246420.8287000004
          ],
          [
            4714063.8459,
            2246429.698999999
          ],
          [
            4714075.9261,
            2246437.928200001
          ],
          [
            4714097.75,
            2246450.1588000003
          ],
          [
            4714142.8809,
            2246475.4634000007
          ],
          [
            4714161.5275,
            2246486.4306000005
          ],
          [
            4714172.7626,
            2246495.2964999992
          ],
          [
            4714194.3881,
            2246514.088300001
          ],
          [
            4714204.3395,
            2246521.2136000004
          ],
          [
            4714217.0601,
            2246527.0579000004
          ],
          [
            4714222.5666,
            2246528.9514000006
          ],
          [
            4714258.7654,
            2246533.110200001
          ],
          [
            4714266.6989,
            2246533.6789999995
          ],
          [
            4714303.8446,
            2246533.124
          ],
          [
            4714330.6159,
            2246532.5402000006
          ],
          [
            4714362.6824,
            2246534.0621000007
          ],
          [
            4714394.8551,
            2246535.7952999994
          ],
          [
            4714399.6187,
            2246536.632099999
          ],
          [
            4714410.4194,
            2246540.1021999996
          ],
          [
            4714421.541,
            2246545.2645999994
          ],
          [
            4714427.0512,
            2246548.9571
          ],
          [
            4714440.0963,
            2246563.321900001
          ],
          [
            4714449.246,
            2246587.4300999995
          ],
          [
            4714462.0152,
            2246622.1129
          ],
          [
            4714466.0577,
            2246632.5808000006
          ],
          [
            4714476.1646,
            2246659.0151000004
          ],
          [
            4714478.3974,
            2246664.1955999993
          ],
          [
            4714492.8542,
            2246696.2294999994
          ],
          [
            4714506.0349,
            2246725.0913999993
          ],
          [
            4714513.2637,
            2246741.267000001
          ],
          [
            4714524.5425,
            2246771.6141999997
          ],
          [
            4714537.5257,
            2246807.4605
          ],
          [
            4714550.5094,
            2246843.5185000002
          ],
          [
            4714560.1969,
            2246871.8584000003
          ],
          [
            4714567.3261,
            2246891.103
          ],
          [
            4714574.9854,
            2246914.6972000003
          ],
          [
            4714592.6189,
            2246969.749399999
          ],
          [
            4714595.3328,
            2246977.3628000002
          ],
          [
            4714609.3614,
            2247006.8578999992
          ],
          [
            4714612.3083,
            2247012.0106000006
          ],
          [
            4714620.8239,
            2247023.5011
          ],
          [
            4714638.1726,
            2247036.9252000004
          ],
          [
            4714656.6876,
            2247047.497199999
          ],
          [
            4714687.7789,
            2247065.2503999993
          ],
          [
            4714734.8085,
            2247091.832699999
          ],
          [
            4714781.2548,
            2247118.2521
          ],
          [
            4714800.7219,
            2247129.4027999993
          ],
          [
            4714815.0438,
            2247142.1382
          ],
          [
            4714820.2869,
            2247149.6008
          ],
          [
            4714828.1637,
            2247173.0852000006
          ],
          [
            4714840.0465,
            2247226.1472999994
          ],
          [
            4714844.6981,
            2247249.867900001
          ],
          [
            4714850.562,
            2247272.7847000007
          ]
        ]
      }
    },
    {
      "type": "Feature",
      "properties": {
        "objectid": 120,
        "corredor": "Carrera 66B Aeropuerto",
        "municipio": "Medellín",
        "comuna": "15",
        "nom_comuna": "Guayabal",
        "estado": "Construida",
        "anio_construido": "2019",
        "ente_constructor": "SIF - EDU",
        "ubicacion": "Vía Colectora",
        "tipo": "Ciclobanda",
        "nombre_ciclorruta": "SC 15 04 Carrera 66B Aeropuerto",
        "tipologia_redciclista": "Bidireccional en calzada",
        "longitud": 1141.19018082,
        "st_length(shape)": 1141.1901808186922
      },
      "geometry": {
        "type": "LineString",
        "coordinates": [
          [
            4713803.4698,
            2247275.7392999995
          ],
          [
            4713810.4412,
            2247072.1784000006
          ],
          [
            4713814.0245,
            2246899.9373000003
          ],
          [
            4713787.121,
            2246740.7874
          ],
          [
            4713761.1945,
            2246645.4559000004
          ],
          [
            4713746.5453,
            2246569.9794999994
          ],
          [
            4713715.9785,
            2246453.875600001
          ],
          [
            4713705.2486,
            2246414.694
          ],
          [
            4713759.3553,
            2246401.1554000005
          ],
          [
            4713963.4588,
            2246345.0080999993
          ]
        ]
      }
    },
    {
      "type": "Feature",
      "properties": {
        "objectid": 121,
        "corredor": "Carrera 66",
        "municipio": "Medellín",
        "comuna": "15",
        "nom_comuna": "Guayabal",
        "estado": "Construida",
        "anio_construido": "2019",
        "ente_constructor": "SMM",
        "ubicacion": "Vía Colectora",
        "tipo": "Carril ciclopreferente",
        "nombre_ciclorruta": "SC 15 06 Carrera 66",
        "tipologia_redciclista": "Bidireccional en calzada",
        "longitud": 366.28439725,
        "st_length(shape)": 366.28439724881156
      },
      "geometry": {
        "type": "LineString",
        "coordinates": [
          [
            4713759.3553,
            2246401.1554000005
          ],
          [
            4713749.7473,
            2246349.2367000002
          ],
          [
            4713749.5393,
            2246306.762599999
          ],
          [
            4713757.6846,
            2246272.5102999993
          ],
          [
            4713772.349,
            2246235.8698999994
          ],
          [
            4713782.3111,
            2246208.6878999993
          ],
          [
            4713792.2876,
            2246184.4482000005
          ],
          [
            4713799.8698,
            2246157.2777999993
          ],
          [
            4713821.1344,
            2246134.7635999992
          ],
          [
            4713841.8731,
            2246124.6295999996
          ],
          [
            4713894.6474,
            2246110.2128
          ],
          [
            4713898.7046,
            2246109.1044999994
          ]
        ]
      }
    },
    {
      "type": "Feature",
      "properties": {
        "objectid": 122,
        "corredor": "Calle 20 Zoológico",
        "municipio": "Medellín",
        "comuna": "15",
        "nom_comuna": "Guayabal",
        "estado": "Construida",
        "anio_construido": "2020",
        "ente_constructor": "SIF - EDU",
        "ubicacion": "Vía Colectora",
        "tipo": "Ciclobanda",
        "nombre_ciclorruta": "SC 15 07 Calle 20 Zoológico",
        "tipologia_redciclista": "Bidireccional en calzada",
        "longitud": 623.85844066,
        "st_length(shape)": 623.8584406639287
      },
      "geometry": {
        "type": "LineString",
        "coordinates": [
          [
            4714000.1842,
            2246335.3136
          ],
          [
            4714057.3626,
            2246314.329
          ],
          [
            4714117.2532,
            2246300.206599999
          ],
          [
            4714149.3077,
            2246291.3422999997
          ],
          [
            4714253.6055,
            2246262.5
          ],
          [
            4714358.0466,
            2246235.170499999
          ],
          [
            4714450.2573,
            2246210.2468999997
          ],
          [
            4714546.257,
            2246185.5182000007
          ],
          [
            4714601.6226,
            2246170.6118
          ]
        ]
      }
    },
    {
      "type": "Feature",
      "properties": {
        "objectid": 123,
        "corredor": "Puente Industriales Tramo 2",
        "municipio": "Medellín",
        "comuna": "14",
        "nom_comuna": "El Poblado",
        "estado": "Construida",
        "anio_construido": "2014",
        "ente_constructor": "ALCALDÍA",
        "ubicacion": "Via Arteria",
        "tipo": "Compartida en andén",
        "nombre_ciclorruta": "CO 15 01 Puente Industriales",
        "tipologia_redciclista": "Compartida con peatón",
        "longitud": 316.98352421,
        "st_length(shape)": 316.98352421246824
      },
      "geometry": {
        "type": "MultiLineString",
        "coordinates": [
          [
            [
              4715159.0799,
              2247138.6478000004
            ],
            [
              4715156.7377,
              2247123.058599999
            ],
            [
              4715155.7571,
              2247114.1219999995
            ],
            [
              4715155.1193,
              2247112.694700001
            ],
            [
              4715153.8479,
              2247111.9036999997
            ],
            [
              4715152.2611,
              2247112.1449999996
            ],
            [
              4715151.4709,
              2247113.8133000005
            ],
            [
              4715150.9277,
              2247119.9255
            ],
            [
              4715150.2297,
              2247127.8632999994
            ],
            [
              4715150.0809,
              2247132.7049000002
            ],
            [
              4715150.5208,
              2247134.3706
            ],
            [
              4715151.6358,
              2247136.3126999997
            ],
            [
              4715153.8219,
              2247138.054300001
            ],
            [
              4715156.1246,
              2247138.5655000005
            ],
            [
              4715159.0799,
              2247138.6478000004
            ]
          ],
          [
            [
              4715159.0799,
              2247138.6478000004
            ],
            [
              4715162.9101,
              2247138.5119000003
            ],
            [
              4715168.6628,
              2247137.8652
            ],
            [
              4715175.4069,
              2247136.9784999993
            ],
            [
              4715179.712,
              2247135.7369
            ],
            [
              4715183.6541,
              2247133.6679
            ],
            [
              4715186.1504,
              2247131.8772
            ],
            [
              4715190.8235,
              2247127.3040999994
            ],
            [
              4715198.6153,
              2247118.5899
            ]
          ],
          [
            [
              4715007.5976,
              2247208.4432999995
            ],
            [
              4715027.7305,
              2247206.6745999996
            ],
            [
              4715083.7461,
              2247198.022
            ],
            [
              4715124.2504,
              2247192.307600001
            ],
            [
              4715159.0287,
              2247187.4746000003
            ],
            [
              4715164.7147,
              2247186.5370000005
            ],
            [
              4715166.4317,
              2247185.3431
            ],
            [
              4715165.0824,
              2247178.5965
            ],
            [
              4715159.0799,
              2247138.6478000004
            ]
          ]
        ]
      }
    },
    {
      "type": "Feature",
      "properties": {
        "objectid": 124,
        "corredor": "Quebrada La Guayabala T3",
        "municipio": "Medellín",
        "comuna": "15",
        "nom_comuna": "Guayabal",
        "estado": "Construida",
        "anio_construido": "2019",
        "ente_constructor": "SIF - EDU",
        "ubicacion": "Vía de Servicio",
        "tipo": "Carril ciclopreferente",
        "nombre_ciclorruta": "CO 15 03 Quebrada La Guayabala T3",
        "tipologia_redciclista": "Compartida en sentido vehicular",
        "longitud": 1136.37485445,
        "st_length(shape)": 1136.374854446219
      },
      "geometry": {
        "type": "LineString",
        "coordinates": [
          [
            4713963.4588,
            2246345.0080999993
          ],
          [
            4713948.5926,
            2246298.6137000006
          ],
          [
            4713938.8187,
            2246260.140900001
          ],
          [
            4713927.0574,
            2246214.0076
          ],
          [
            4713914.3366,
            2246172.8823000006
          ],
          [
            4713899.8472,
            2246114.1471999995
          ],
          [
            4713898.7046,
            2246109.1044999994
          ],
          [
            4713897.1289,
            2246102.1503
          ],
          [
            4713892.9786,
            2246077.8202
          ],
          [
            4713894.3921,
            2246057.4470000006
          ],
          [
            4713895.3607,
            2246036.9055000003
          ],
          [
            4713895.9782,
            2246021.262
          ],
          [
            4713896.2853,
            2246015.0775000006
          ],
          [
            4713894.498,
            2246006.9071999993
          ],
          [
            4713904.8861,
            2245963.7116
          ],
          [
            4713909.9139,
            2245938.463300001
          ],
          [
            4713919.7593,
            2245940.5067
          ],
          [
            4713927.779,
            2245904.5994000006
          ],
          [
            4713933.1958,
            2245889.5407
          ],
          [
            4713937.9063,
            2245888.0888
          ],
          [
            4713969.0483,
            2245903.2632999998
          ],
          [
            4713972.2336,
            2245908.4948999994
          ],
          [
            4713978.2776,
            2245914.5143
          ],
          [
            4713984.9597,
            2245922.1196999997
          ],
          [
            4713990.5285,
            2245928.6163
          ],
          [
            4713996.9009,
            2245935.5044
          ],
          [
            4714010.7613,
            2245929.521299999
          ],
          [
            4714018.5781,
            2245923.6961000003
          ],
          [
            4714017.2352,
            2245911.999500001
          ],
          [
            4714017.7253,
            2245906.9814999998
          ],
          [
            4714021.782,
            2245894.8727
          ],
          [
            4714034.925,
            2245873.5889999997
          ],
          [
            4714064.0773,
            2245849.5091999993
          ],
          [
            4714071.3934,
            2245844.667199999
          ],
          [
            4714138.5925,
            2245825.9372000005
          ],
          [
            4714250.5319,
            2245798.6669999994
          ],
          [
            4714334.4862,
            2245778.9853000008
          ],
          [
            4714441.2455,
            2245753.3046000004
          ],
          [
            4714471.9824,
            2245744.9747
          ],
          [
            4714484.5518,
            2245746.602600001
          ],
          [
            4714494.1525,
            2245751.874
          ],
          [
            4714504.1497,
            2245755.9727999996
          ]
        ]
      }
    },
    {
      "type": "Feature",
      "properties": {
        "objectid": 125,
        "corredor": "Estación Poblado - Av. Guayabal (Calle 4)",
        "municipio": "Medellín",
        "comuna": "15",
        "nom_comuna": "Guayabal",
        "estado": "Construida",
        "anio_construido": "2019",
        "ente_constructor": "SIF - EDU",
        "ubicacion": "Vía de Servicio",
        "tipo": "Carril ciclopreferente",
        "nombre_ciclorruta": "CO 15 04 Estación Poblado - Av. Guayabal (Calle 4",
        "tipologia_redciclista": "Compartida en sentido vehicular",
        "longitud": 937.25949258,
        "st_length(shape)": 937.2594925827025
      },
      "geometry": {
        "type": "LineString",
        "coordinates": [
          [
            4714117.7008,
            2244924.972100001
          ],
          [
            4714117.9004,
            2244924.9244
          ],
          [
            4714225.1879,
            2244899.3023000006
          ],
          [
            4714316.1886,
            2244876.8489999995
          ],
          [
            4714353.2851,
            2244867.1701999996
          ],
          [
            4714450.9893,
            2244844.2200000007
          ],
          [
            4714523.3071,
            2244826.3478999995
          ],
          [
            4714637.2107,
            2244801.3100000005
          ],
          [
            4714672.3542,
            2244793.936899999
          ],
          [
            4714674.9723,
            2244793.4553999994
          ],
          [
            4714676.009,
            2244793.2732999995
          ],
          [
            4714676.8772,
            2244793.5308
          ],
          [
            4714677.3014,
            2244793.9902999997
          ],
          [
            4714677.515,
            2244794.9581000004
          ],
          [
            4714680.7053,
            2244818.2223000005
          ],
          [
            4714683.4435,
            2244837.793299999
          ],
          [
            4714686.881,
            2244862.9714
          ],
          [
            4714689.5139,
            2244882.7542000003
          ],
          [
            4714691.5006,
            2244897.0359000005
          ],
          [
            4714693.5954,
            2244912.3753999993
          ],
          [
            4714695.7435,
            2244927.9265
          ],
          [
            4714697.8904,
            2244942.9485
          ],
          [
            4714699.5013,
            2244954.5325000007
          ],
          [
            4714701.7045,
            2244971.1417999994
          ],
          [
            4714703.2063,
            2244981.1385999992
          ],
          [
            4714705.139,
            2244994.838300001
          ],
          [
            4714707.9864,
            2245016.0494
          ],
          [
            4714710.1891,
            2245032.3939999994
          ],
          [
            4714712.8734,
            2245051.4889
          ],
          [
            4714715.2897,
            2245068.8384000007
          ],
          [
            4714718.1892,
            2245089.6261
          ],
          [
            4714720.3924,
            2245106.2353000008
          ],
          [
            4714722.5956,
            2245122.897399999
          ],
          [
            4714726.4658,
            2245152.6777
          ]
        ]
      }
    },
    {
      "type": "Feature",
      "properties": {
        "objectid": 126,
        "corredor": "Calle 5 T1",
        "municipio": "Medellín",
        "comuna": "15",
        "nom_comuna": "Guayabal",
        "estado": "Construida",
        "anio_construido": "2019",
        "ente_constructor": "AMVA",
        "ubicacion": "Vía Colectora",
        "tipo": "Carril ciclopreferente",
        "nombre_ciclorruta": "CO 15 05 Calle 5",
        "tipologia_redciclista": "Compartida en sentido vehicular",
        "longitud": 106.12437925,
        "st_length(shape)": 106.12437924612215
      },
      "geometry": {
        "type": "LineString",
        "coordinates": [
          [
            4713700.4475,
            2245236.0008000005
          ],
          [
            4713746.3266,
            2245227.397399999
          ],
          [
            4713804.8769,
            2245217.1193000004
          ]
        ]
      }
    },
    {
      "type": "Feature",
      "properties": {
        "objectid": 127,
        "corredor": "Calle 30A Tramo Belén",
        "municipio": "Medellín",
        "comuna": "16",
        "nom_comuna": "Belén",
        "estado": "Construida",
        "anio_construido": "2019",
        "ente_constructor": "SIF - EDU",
        "ubicacion": "Via Arteria",
        "tipo": "Ciclobanda",
        "nombre_ciclorruta": "SC 16 01 Calle 30A Tramo Belén",
        "tipologia_redciclista": "Bidireccional en calzada",
        "longitud": 889.11210027,
        "st_length(shape)": 889.112100270075
      },
      "geometry": {
        "type": "LineString",
        "coordinates": [
          [
            4713355.3716,
            2247344.7657999992
          ],
          [
            4713352.3764,
            2247352.1185999997
          ],
          [
            4713351.3244,
            2247355.1632000003
          ],
          [
            4713347.099,
            2247358.7432000004
          ],
          [
            4713333.8746,
            2247358.4749
          ],
          [
            4713271.7013,
            2247357.2128999997
          ],
          [
            4713192.5985,
            2247355.6074
          ],
          [
            4713147.2252,
            2247354.6865
          ],
          [
            4713100.2566,
            2247353.7332000006
          ],
          [
            4713002.2389,
            2247349.5275
          ],
          [
            4712955.9388,
            2247347.6381
          ],
          [
            4712903.8176,
            2247345.3637000006
          ],
          [
            4712858.5786,
            2247344.926999999
          ],
          [
            4712807.3843,
            2247343.0475999992
          ],
          [
            4712807.0285,
            2247363.154100001
          ],
          [
            4712811.649,
            2247428.1707000006
          ],
          [
            4712804.0432,
            2247675.1963
          ]
        ]
      }
    },
    {
      "type": "Feature",
      "properties": {
        "objectid": 128,
        "corredor": "Carrera 66B Tramo Belén",
        "municipio": "Medellín",
        "comuna": "16",
        "nom_comuna": "Belén",
        "estado": "Construida",
        "anio_construido": "2019",
        "ente_constructor": "SIF - EDU",
        "ubicacion": "Vía Colectora",
        "tipo": "Ciclobanda",
        "nombre_ciclorruta": "SC 16 02 Carrera 66B Tramo Belén",
        "tipologia_redciclista": "Bidireccional en calzada",
        "longitud": 1139.66073106,
        "st_length(shape)": 1139.6607310599552
      },
      "geometry": {
        "type": "LineString",
        "coordinates": [
          [
            4713730.3369,
            2248353.4525000006
          ],
          [
            4713752.6211,
            2248329.1852
          ],
          [
            4713727.0977,
            2248304.6993000004
          ],
          [
            4713724.368,
            2248296.5606999993
          ],
          [
            4713728.4591,
            2248288.9082999993
          ],
          [
            4713723.6507,
            2248283.5008000005
          ],
          [
            4713740.3858,
            2248265.255999999
          ],
          [
            4713771.3291,
            2248232.6061000004
          ],
          [
            4713792.3934,
            2248212.3489999995
          ],
          [
            4713796.5411,
            2248207.1851000004
          ],
          [
            4713796.2462,
            2248203.5032
          ],
          [
            4713791.4014,
            2248202.117900001
          ],
          [
            4713786.9014,
            2248200.8044000007
          ],
          [
            4713783.8515,
            2248197.106899999
          ],
          [
            4713782.2518,
            2248191.0255999994
          ],
          [
            4713781.5728,
            2248182.4290999994
          ],
          [
            4713781.4148,
            2248169.8631999996
          ],
          [
            4713783.0973,
            2248151.7380999997
          ],
          [
            4713784.6502,
            2248147.0723
          ],
          [
            4713784.6139,
            2248117.2113000005
          ],
          [
            4713785.4235,
            2248075.5999
          ],
          [
            4713785.4463,
            2248075.475400001
          ],
          [
            4713786.9996,
            2248067.0014999993
          ],
          [
            4713787.4264,
            2248049.3419000003
          ],
          [
            4713784.7888,
            2248044.0416
          ],
          [
            4713784.3678,
            2248043.1955999993
          ],
          [
            4713801.0932,
            2247371.2216999996
          ],
          [
            4713803.4698,
            2247275.7392999995
          ]
        ]
      }
    },
    {
      "type": "Feature",
      "properties": {
        "objectid": 129,
        "corredor": "Carrera 70 Tramo Rosales",
        "municipio": "Medellín",
        "comuna": "16",
        "nom_comuna": "Belén",
        "estado": "Construida",
        "anio_construido": "2019",
        "ente_constructor": "SIF - EDU",
        "ubicacion": "Via Arteria",
        "tipo": "Ciclobanda",
        "nombre_ciclorruta": "SC 16 03 Carrera 70 Tramo Rosales",
        "tipologia_redciclista": "Bidireccional en calzada",
        "longitud": 557.52868772,
        "st_length(shape)": 557.5286877165928
      },
      "geometry": {
        "type": "LineString",
        "coordinates": [
          [
            4713347.099,
            2247358.7432000004
          ],
          [
            4713344.3531,
            2247439.0397999994
          ],
          [
            4713343.2105,
            2247469.4908000007
          ],
          [
            4713344.0478,
            2247522.6646999996
          ],
          [
            4713342.9464,
            2247604.9948999994
          ],
          [
            4713339.7641,
            2247704.6839000005
          ],
          [
            4713338.9993,
            2247744.6854999997
          ],
          [
            4713338.7362,
            2247778.8090000004
          ],
          [
            4713337.4537,
            2247816.8578999992
          ],
          [
            4713334.0773,
            2247885.8631999996
          ],
          [
            4713331.5189,
            2247915.9176000003
          ]
        ]
      }
    },
    {
      "type": "Feature",
      "properties": {
        "objectid": 130,
        "corredor": "Q. La Picacha Tramo 5",
        "municipio": "Medellín",
        "comuna": "16",
        "nom_comuna": "Belén",
        "estado": "Construida",
        "anio_construido": "2018",
        "ente_constructor": "AMVA",
        "ubicacion": "Vía Colectora",
        "tipo": "Ciclobanda",
        "nombre_ciclorruta": "SC 16 07 Q. La Picacha Tramo 5",
        "tipologia_redciclista": "Bidireccional en calzada",
        "longitud": 2708.49021635,
        "st_length(shape)": 2708.490216350321
      },
      "geometry": {
        "type": "LineString",
        "coordinates": [
          [
            4711330.8488,
            2247397.2781000007
          ],
          [
            4711348.0844,
            2247396.2128999997
          ],
          [
            4711381.5322,
            2247394.952299999
          ],
          [
            4711412.2178,
            2247393.8313999996
          ],
          [
            4711468.6133,
            2247390.4355999995
          ],
          [
            4711506.4993,
            2247391.5221999995
          ],
          [
            4711520.7861,
            2247392.0220999997
          ],
          [
            4711556.4495,
            2247392.9015999995
          ],
          [
            4711593.1725,
            2247394.4888000004
          ],
          [
            4711618.8746,
            2247396.7862
          ],
          [
            4711637.6272,
            2247399.4243
          ],
          [
            4711673.4835,
            2247404.113
          ],
          [
            4711713.7776,
            2247409.7519000005
          ],
          [
            4711719.1316,
            2247410.5012
          ],
          [
            4711718.127,
            2247415.7896999996
          ],
          [
            4711713.4346,
            2247438.3567999993
          ],
          [
            4711707.0199,
            2247462.8703000005
          ],
          [
            4711704.1545,
            2247481.1158000007
          ],
          [
            4711709.1203,
            2247482.5854
          ],
          [
            4711712.1908,
            2247483.4256999996
          ],
          [
            4711712.6184,
            2247485.541200001
          ],
          [
            4711709.2635,
            2247500.8921000008
          ],
          [
            4711706.3283,
            2247514.4431
          ],
          [
            4711704.0268,
            2247527.4637
          ],
          [
            4711704.3732,
            2247541.642999999
          ],
          [
            4711717.8997,
            2247558.4408
          ],
          [
            4711729.9869,
            2247570.0034
          ],
          [
            4711758.1156,
            2247586.2951999996
          ],
          [
            4711778.9319,
            2247597.3637000006
          ],
          [
            4711807.5323,
            2247611.4322999995
          ],
          [
            4711819.7633,
            2247615.693
          ],
          [
            4711831.9881,
            2247616.9378999993
          ],
          [
            4711838.87,
            2247615.4571
          ],
          [
            4711868.635,
            2247607.180299999
          ],
          [
            4711962.7109,
            2247582.0671999995
          ],
          [
            4711993.9413,
            2247576.1427999996
          ],
          [
            4712013.9606,
            2247572.121099999
          ],
          [
            4712029.1951,
            2247570.3439000007
          ],
          [
            4712075.068,
            2247570.2501
          ],
          [
            4712086.4979,
            2247570.8617000002
          ],
          [
            4712130.9443,
            2247571.723099999
          ],
          [
            4712148.7236,
            2247572.4804999996
          ],
          [
            4712169.0443,
            2247574.0262
          ],
          [
            4712222.5223,
            2247580.2918999996
          ],
          [
            4712225.7166,
            2247581.4975000005
          ],
          [
            4712227.4737,
            2247582.160700001
          ],
          [
            4712251.7578,
            2247581.317500001
          ],
          [
            4712265.8757,
            2247576.8440000005
          ],
          [
            4712276.6602,
            2247572.3774999995
          ],
          [
            4712286.0136,
            2247566.644099999
          ],
          [
            4712295.0528,
            2247562.4987000003
          ],
          [
            4712315.492,
            2247544.3616000004
          ],
          [
            4712336.5557,
            2247521.1437999997
          ],
          [
            4712342.9618,
            2247515.0413000006
          ],
          [
            4712352.5895,
            2247509.2062999997
          ],
          [
            4712363.1715,
            2247509.184699999
          ],
          [
            4712401.6912,
            2247509.7409000006
          ],
          [
            4712431.3234,
            2247510.950099999
          ],
          [
            4712524.872,
            2247512.6635999996
          ],
          [
            4712581.5923,
            2247512.970899999
          ],
          [
            4712595.5517,
            2247512.9422999993
          ],
          [
            4712619.4758,
            2247512.8934000004
          ],
          [
            4712642.1295,
            2247516.8683
          ],
          [
            4712652.8014,
            2247521.9722000007
          ],
          [
            4712663.9599,
            2247532.2733999994
          ],
          [
            4712699.202,
            2247585.9580000006
          ],
          [
            4712713.6381,
            2247607.7273999993
          ],
          [
            4712753.5316,
            2247662.830499999
          ],
          [
            4712776.3046,
            2247699.8567999993
          ],
          [
            4712790.4966,
            2247718.7432000004
          ],
          [
            4712791.3745,
            2247719.946900001
          ],
          [
            4712797.4376,
            2247728.2608000003
          ],
          [
            4712794.4803,
            2247742.4141000006
          ],
          [
            4712789.2483,
            2247771.2608000003
          ],
          [
            4712785.318,
            2247789.7874
          ],
          [
            4712783.7068,
            2247791.0658
          ],
          [
            4712783.1858,
            2247795.0352
          ],
          [
            4712784.4061,
            2247796.6676000003
          ],
          [
            4712780.02,
            2247851.0417
          ],
          [
            4712779.6372,
            2247857.9208000004
          ],
          [
            4712777.364,
            2247910.5710000005
          ],
          [
            4712776.7159,
            2247917.0538
          ],
          [
            4712772.7287,
            2247972.4853000008
          ],
          [
            4712772.2675,
            2247978.935799999
          ],
          [
            4712768.125,
            2248036.8597999997
          ],
          [
            4712767.3446,
            2248043.3694
          ],
          [
            4712765.2259,
            2248093.9345999993
          ],
          [
            4712764.158,
            2248115.0480000004
          ],
          [
            4712761.5591,
            2248159.5078999996
          ],
          [
            4712761.4302,
            2248161.7127
          ],
          [
            4712761.2441,
            2248164.895300001
          ],
          [
            4712755.6202,
            2248209.0338000003
          ],
          [
            4712752.8475,
            2248250.3093
          ],
          [
            4712753.3865,
            2248279.1610000003
          ],
          [
            4712751.5126,
            2248296.0264
          ],
          [
            4712749.2819,
            2248351.1119999997
          ],
          [
            4712746.785,
            2248390.321900001
          ],
          [
            4712745.4088,
            2248420.2542000003
          ],
          [
            4712743.562,
            2248444.243899999
          ],
          [
            4712739.7315,
            2248489.9749
          ],
          [
            4712738.9527,
            2248497.251599999
          ],
          [
            4712734.5995,
            2248567.630999999
          ],
          [
            4712734.549,
            2248569.045600001
          ],
          [
            4712734.3493,
            2248574.6421000008
          ],
          [
            4712735.0722,
            2248604.6670999993
          ],
          [
            4712734.0833,
            2248638.5316000003
          ],
          [
            4712734.0966,
            2248645.0131
          ]
        ]
      }
    },
    {
      "type": "Feature",
      "properties": {
        "objectid": 131,
        "corredor": "Q. La Picacha Tramo 4 Costado Sur",
        "municipio": "Medellín",
        "comuna": "16",
        "nom_comuna": "Belén",
        "estado": "Construida",
        "anio_construido": "2019",
        "ente_constructor": "AMVA",
        "ubicacion": "Vía Colectora",
        "tipo": "Ciclobanda",
        "nombre_ciclorruta": "SC 16 08A Q. La Picacha Tramo 4 Costado Sur",
        "tipologia_redciclista": "Unidireccional en calzada",
        "longitud": 765.58245898,
        "st_length(shape)": 765.5824589848817
      },
      "geometry": {
        "type": "LineString",
        "coordinates": [
          [
            4712225.7166,
            2247581.4975000005
          ],
          [
            4712225.7114,
            2247566.4848999996
          ],
          [
            4712225.5743,
            2247544.512700001
          ],
          [
            4712243.0747,
            2247543.9629999995
          ],
          [
            4712256.0272,
            2247538.7776999995
          ],
          [
            4712273.33,
            2247526.4407
          ],
          [
            4712295.1088,
            2247503.6448
          ],
          [
            4712313.4579,
            2247485.4855000004
          ],
          [
            4712333.2535,
            2247463.090500001
          ],
          [
            4712343.6024,
            2247449.225299999
          ],
          [
            4712347.148,
            2247439.9668000005
          ],
          [
            4712357.5085,
            2247435.0779
          ],
          [
            4712372.1012,
            2247429.968699999
          ],
          [
            4712386.9091,
            2247426.5522000007
          ],
          [
            4712401.51,
            2247425.4641999993
          ],
          [
            4712418.8705,
            2247428.3915999997
          ],
          [
            4712456.3529,
            2247439.1086
          ],
          [
            4712510.141,
            2247454.4484
          ],
          [
            4712539.1503,
            2247461.584899999
          ],
          [
            4712571.9385,
            2247469.0614
          ],
          [
            4712597.7965,
            2247472.2586000003
          ],
          [
            4712620.6677,
            2247476.3582000006
          ],
          [
            4712645.0099,
            2247480.839400001
          ],
          [
            4712658.9552,
            2247485.7718
          ],
          [
            4712672.1284,
            2247494.7522
          ],
          [
            4712694.1883,
            2247518.8342000004
          ],
          [
            4712712.4338,
            2247540.5957999993
          ],
          [
            4712735.4403,
            2247574.1444000006
          ],
          [
            4712770.3872,
            2247626.4033000004
          ],
          [
            4712804.0432,
            2247675.1963
          ]
        ]
      }
    },
    {
      "type": "Feature",
      "properties": {
        "objectid": 132,
        "corredor": "Q. La Picacha Tramo 3 Costado Norte",
        "municipio": "Medellín",
        "comuna": "16",
        "nom_comuna": "Belén",
        "estado": "Construida",
        "anio_construido": "2019",
        "ente_constructor": "AMVA",
        "ubicacion": "Vía Colectora",
        "tipo": "Ciclobanda",
        "nombre_ciclorruta": "SC 16 09A Q. La Picacha Tramo 3 Costado Norte",
        "tipologia_redciclista": "Unidireccional en calzada",
        "longitud": 1819.76866345,
        "st_length(shape)": 1819.7686634521324
      },
      "geometry": {
        "type": "LineString",
        "coordinates": [
          [
            4714257.4217,
            2248472.4958999995
          ],
          [
            4714249.8169,
            2248470.284600001
          ],
          [
            4714245.3612,
            2248464.7909999993
          ],
          [
            4714238.9297,
            2248455.592599999
          ],
          [
            4714235.2147,
            2248450.0447000004
          ],
          [
            4714220.3526,
            2248426.926999999
          ],
          [
            4714207.3513,
            2248408.170600001
          ],
          [
            4714197.7953,
            2248392.4495
          ],
          [
            4714189.0365,
            2248378.4463
          ],
          [
            4714171.3996,
            2248356.7894
          ],
          [
            4714165.2961,
            2248347.5426000003
          ],
          [
            4714155.3436,
            2248331.9546000008
          ],
          [
            4714139.9475,
            2248306.4570000004
          ],
          [
            4714130.6577,
            2248291.528999999
          ],
          [
            4714123.8846,
            2248278.3154000007
          ],
          [
            4714110.8763,
            2248256.1198999994
          ],
          [
            4714103.0618,
            2248251.1095000003
          ],
          [
            4714080.9398,
            2248235.4141000006
          ],
          [
            4714068.6607,
            2248230.135500001
          ],
          [
            4714066.2442,
            2248229.0966999996
          ],
          [
            4714050.5005,
            2248227.5398999993
          ],
          [
            4714028.1461,
            2248227.5856999997
          ],
          [
            4713997.1923,
            2248226.8553
          ],
          [
            4713963.8554,
            2248225.0716999993
          ],
          [
            4713937.3909,
            2248220.364
          ],
          [
            4713925.477,
            2248215.8911000006
          ],
          [
            4713905.0845,
            2248205.0862000007
          ],
          [
            4713903.0103,
            2248203.4827999994
          ],
          [
            4713895.0157,
            2248197.3026
          ],
          [
            4713881.3614,
            2248182.6481
          ],
          [
            4713870.4194,
            2248151.6821
          ],
          [
            4713862.4351,
            2248135.2335
          ],
          [
            4713855.9638,
            2248116.7720999997
          ],
          [
            4713840.3061,
            2248092.7301000003
          ],
          [
            4713828.6454,
            2248082.7010999992
          ],
          [
            4713810.6409,
            2248075.330499999
          ],
          [
            4713799.1373,
            2248075.409499999
          ],
          [
            4713785.4463,
            2248075.475400001
          ],
          [
            4713778.761,
            2248075.5076
          ],
          [
            4713770.6683,
            2248075.5396999996
          ],
          [
            4713691.4644,
            2248073.3472000007
          ],
          [
            4713623.9932,
            2248071.479699999
          ],
          [
            4713566.3169,
            2248069.3489999995
          ],
          [
            4713495.0159,
            2248066.9816999994
          ],
          [
            4713463.3553,
            2248066.671
          ],
          [
            4713430.5398,
            2248066.3489999995
          ],
          [
            4713301.4604,
            2248060.4492000006
          ],
          [
            4713108.8658,
            2248055.6093000006
          ],
          [
            4713064.5237,
            2248051.3177000005
          ],
          [
            4713025.2129,
            2248032.6018000003
          ],
          [
            4713005.9735,
            2248016.4507
          ],
          [
            4712991.5006,
            2248002.5121
          ],
          [
            4712972.0894,
            2247980.0121
          ],
          [
            4712956.1717,
            2247958.1399000008
          ],
          [
            4712950.2779,
            2247947.9933
          ],
          [
            4712930.5363,
            2247917.4864000008
          ],
          [
            4712916.684,
            2247898.2206999995
          ],
          [
            4712885.6444,
            2247855.5856999997
          ],
          [
            4712877.2066,
            2247843.3807999995
          ],
          [
            4712852.5279,
            2247806.4471000005
          ],
          [
            4712806.6723,
            2247740.4800000004
          ],
          [
            4712797.4376,
            2247728.2608000003
          ]
        ]
      }
    },
    {
      "type": "Feature",
      "properties": {
        "objectid": 133,
        "corredor": "Q. La Picacha Tramo 3 Costado Sur",
        "municipio": "Medellín",
        "comuna": "16",
        "nom_comuna": "Belén",
        "estado": "Construida",
        "anio_construido": "2019",
        "ente_constructor": "AMVA",
        "ubicacion": "Vía Colectora",
        "tipo": "Ciclobanda",
        "nombre_ciclorruta": "SC 16 09B Q. La Picacha Tramo 3 Costado Sur",
        "tipologia_redciclista": "Unidireccional en calzada",
        "longitud": 1817.41396033,
        "st_length(shape)": 1817.413960334181
      },
      "geometry": {
        "type": "LineString",
        "coordinates": [
          [
            4712804.0432,
            2247675.1963
          ],
          [
            4712813.3613,
            2247687.6458
          ],
          [
            4712859.2424,
            2247753.613
          ],
          [
            4712894.1242,
            2247803.7654999997
          ],
          [
            4712911.5193,
            2247828.7759000007
          ],
          [
            4712942.8932,
            2247873.8847000003
          ],
          [
            4712974.4026,
            2247919.1885
          ],
          [
            4713005.3771,
            2247967.064200001
          ],
          [
            4713031.3392,
            2247992.615700001
          ],
          [
            4713047.4498,
            2248005.281199999
          ],
          [
            4713071.5992,
            2248016.2369999997
          ],
          [
            4713080.7058,
            2248019.181399999
          ],
          [
            4713164.6666,
            2248021.6439999994
          ],
          [
            4713241.6762,
            2248025.1739000008
          ],
          [
            4713326.2185,
            2248028.464400001
          ],
          [
            4713393.952,
            2248029.7344000004
          ],
          [
            4713423.9382,
            2248026.1433000006
          ],
          [
            4713429.3004,
            2248025.5011
          ],
          [
            4713437.3437,
            2248026.3477
          ],
          [
            4713448.8245,
            2248030.0666000005
          ],
          [
            4713784.7888,
            2248044.0416
          ],
          [
            4713815.5485,
            2248045.3211000003
          ],
          [
            4713839.0701,
            2248056.5987
          ],
          [
            4713858.4116,
            2248073.2062
          ],
          [
            4713886.9403,
            2248112.3334999997
          ],
          [
            4713896.7789,
            2248136.567500001
          ],
          [
            4713903.2987,
            2248152.626700001
          ],
          [
            4713923.6603,
            2248174.0962000005
          ],
          [
            4713939.6514,
            2248184.636499999
          ],
          [
            4714015.7164,
            2248189.0194000006
          ],
          [
            4714084.2846,
            2248199.5229
          ],
          [
            4714111.0143,
            2248210.4529999997
          ],
          [
            4714111.0427,
            2248210.4877000004
          ],
          [
            4714134.7332,
            2248239.4276
          ],
          [
            4714165.8568,
            2248288.6078999992
          ],
          [
            4714256.726,
            2248433.7508000005
          ]
        ]
      }
    },
    {
      "type": "Feature",
      "properties": {
        "objectid": 134,
        "corredor": "Calle 15",
        "municipio": "Medellín",
        "comuna": "16",
        "nom_comuna": "Belén",
        "estado": "Construida",
        "anio_construido": "2019",
        "ente_constructor": "SIF - EDU",
        "ubicacion": "Vía Colectora",
        "tipo": "Ciclobanda",
        "nombre_ciclorruta": "SC 16 10 Calle 15",
        "tipologia_redciclista": "Bidireccional en calzada",
        "longitud": 1972.77749098,
        "st_length(shape)": 1972.7774909799584
      },
      "geometry": {
        "type": "LineString",
        "coordinates": [
          [
            4711741.906,
            2246431.1130999997
          ],
          [
            4711741.6278,
            2246398.5209
          ],
          [
            4711743.7857,
            2246315.130000001
          ],
          [
            4711744.4957,
            2246248.2499
          ],
          [
            4711743.2928,
            2246177.352600001
          ],
          [
            4711761.8588,
            2246148.7432000004
          ],
          [
            4711801.2253,
            2246133.0349000003
          ],
          [
            4711833.4061,
            2246115.693600001
          ],
          [
            4711880.4723,
            2246091.358100001
          ],
          [
            4711899.9259,
            2246082.8528000005
          ],
          [
            4711931.4456,
            2246075.592599999
          ],
          [
            4711953.026,
            2246072.1623
          ],
          [
            4711959.6125,
            2246071.7520000003
          ],
          [
            4711962.3487,
            2246086.1105000004
          ],
          [
            4711969.8622,
            2246126.8421
          ],
          [
            4711983.059,
            2246177.2534999996
          ],
          [
            4711994.6062,
            2246200.0604999997
          ],
          [
            4712012.6236,
            2246212.8028999995
          ],
          [
            4712048.893,
            2246231.0942
          ],
          [
            4712120.7027,
            2246257.1021
          ],
          [
            4712173.4677,
            2246278.965
          ],
          [
            4712206.342,
            2246283.0726999994
          ],
          [
            4712239.7816,
            2246278.3397000004
          ],
          [
            4712275.939,
            2246261.054199999
          ],
          [
            4712314.9673,
            2246236.058
          ],
          [
            4712358.1329,
            2246221.2038000003
          ],
          [
            4712396.2561,
            2246221.521400001
          ],
          [
            4712413.7902,
            2246223.8023000006
          ],
          [
            4712444.7027,
            2246231.9241000004
          ],
          [
            4712502.2684,
            2246253.1108999997
          ],
          [
            4712539.6662,
            2246265.4372000005
          ],
          [
            4712565.6944,
            2246259.5352
          ],
          [
            4712621.4036,
            2246242.0951000005
          ],
          [
            4712680.3673,
            2246226.895300001
          ],
          [
            4712724.2382,
            2246205.1126000006
          ],
          [
            4712779.7728,
            2246176.518100001
          ],
          [
            4712843.9739,
            2246153.2809999995
          ],
          [
            4712889.4277,
            2246129.3785999995
          ],
          [
            4712981.9671,
            2246103.2639000006
          ],
          [
            4713024.0164,
            2246096.2996999994
          ],
          [
            4713165.2927,
            2246068.2803000007
          ],
          [
            4713208.7024,
            2246059.6708000004
          ],
          [
            4713223.538,
            2246056.3422999997
          ],
          [
            4713224.6076,
            2246061.8958
          ],
          [
            4713252.156,
            2246054.159600001
          ]
        ]
      }
    },
    {
      "type": "Feature",
      "properties": {
        "objectid": 135,
        "corredor": "Conexión Q. Picacha Carrera 78",
        "municipio": "Medellín",
        "comuna": "16",
        "nom_comuna": "Belén",
        "estado": "Construida",
        "anio_construido": "2019",
        "ente_constructor": "AMVA",
        "ubicacion": "Vía Colectora",
        "tipo": "Ciclobanda",
        "nombre_ciclorruta": "SC 16 20 Conexión Q. Picacha Carrera 78",
        "tipologia_redciclista": "Unidireccional en calzada",
        "longitud": 40.74558347,
        "st_length(shape)": 40.745583474175874
      },
      "geometry": {
        "type": "LineString",
        "coordinates": [
          [
            4712595.5517,
            2247512.9422999993
          ],
          [
            4712597.7965,
            2247472.2586000003
          ]
        ]
      }
    },
    {
      "type": "Feature",
      "properties": {
        "objectid": 136,
        "corredor": "Conexión Q. Picacha Carrera 76",
        "municipio": "Medellín",
        "comuna": "16",
        "nom_comuna": "Belén",
        "estado": "Construida",
        "anio_construido": "2019",
        "ente_constructor": "AMVA",
        "ubicacion": "Vía Colectora",
        "tipo": "Ciclobanda",
        "nombre_ciclorruta": "SC 16 21 Conexión Q. Picacha Carrera 76",
        "tipologia_redciclista": "Unidireccional en calzada",
        "longitud": 53.47406018,
        "st_length(shape)": 53.474060175467656
      },
      "geometry": {
        "type": "LineString",
        "coordinates": [
          [
            4712797.4376,
            2247728.2608000003
          ],
          [
            4712804.0432,
            2247675.1963
          ]
        ]
      }
    },
    {
      "type": "Feature",
      "properties": {
        "objectid": 137,
        "corredor": "Conexión Q. Picacha Bulerias",
        "municipio": "Medellín",
        "comuna": "16",
        "nom_comuna": "Belén",
        "estado": "Construida",
        "anio_construido": "2019",
        "ente_constructor": "AMVA",
        "ubicacion": "Vía Colectora",
        "tipo": "Ciclobanda",
        "nombre_ciclorruta": "SC 16 22 Conexión Q. Picacha Bulerias",
        "tipologia_redciclista": "Unidireccional en calzada",
        "longitud": 56.53496475,
        "st_length(shape)": 56.53496475346714
      },
      "geometry": {
        "type": "LineString",
        "coordinates": [
          [
            4713423.9382,
            2248026.1433000006
          ],
          [
            4713463.3553,
            2248066.671
          ]
        ]
      }
    },
    {
      "type": "Feature",
      "properties": {
        "objectid": 138,
        "corredor": "Conexión Q. Picacha Calle 34",
        "municipio": "Medellín",
        "comuna": "11",
        "nom_comuna": "Laureles Estadio",
        "estado": "Construida",
        "anio_construido": "2019",
        "ente_constructor": "AMVA",
        "ubicacion": "Vía Colectora",
        "tipo": "Ciclobanda",
        "nombre_ciclorruta": "SC 16 25 Conexión Q. Picacha Calle 34",
        "tipologia_redciclista": "Compartida con contraflujo",
        "longitud": 46.70362126,
        "st_length(shape)": 46.703621264885406
      },
      "geometry": {
        "type": "LineString",
        "coordinates": [
          [
            4714068.6607,
            2248230.135500001
          ],
          [
            4714071.2016,
            2248228.9547000006
          ],
          [
            4714111.0143,
            2248210.4529999997
          ]
        ]
      }
    },
    {
      "type": "Feature",
      "properties": {
        "objectid": 139,
        "corredor": "Conexión Carrera 70 Q. Picacha",
        "municipio": "Medellín",
        "comuna": "16",
        "nom_comuna": "Belén",
        "estado": "Construida",
        "anio_construido": "2019",
        "ente_constructor": "SIF - EDU",
        "ubicacion": "Vía Colectora",
        "tipo": "Carril ciclopreferente",
        "nombre_ciclorruta": "CO 16 01 Conexión Carrera 70 Q. Picacha",
        "tipologia_redciclista": "Compartida en sentido vehicular",
        "longitud": 358.71766741,
        "st_length(shape)": 358.71766740611383
      },
      "geometry": {
        "type": "LineString",
        "coordinates": [
          [
            4713338.7362,
            2247778.8090000004
          ],
          [
            4713390.0717,
            2247780.4702000003
          ],
          [
            4713389.4919,
            2247827.4529999997
          ],
          [
            4713387.8832,
            2247873.7565
          ],
          [
            4713387.4366,
            2247914.0746999998
          ],
          [
            4713387.1657,
            2247936.8266000003
          ],
          [
            4713446.9547,
            2247937.659
          ],
          [
            4713444.725,
            2247985.280200001
          ],
          [
            4713443.8649,
            2248018.757200001
          ],
          [
            4713437.3437,
            2248026.3477
          ]
        ]
      }
    },
    {
      "type": "Feature",
      "properties": {
        "objectid": 140,
        "corredor": "Estación La Palma - Q. Altavista",
        "municipio": "Medellín",
        "comuna": "16",
        "nom_comuna": "Belén",
        "estado": "Construida",
        "anio_construido": "2019",
        "ente_constructor": "SIF - EDU",
        "ubicacion": "Vía de Servicio",
        "tipo": "Carril ciclopreferente",
        "nombre_ciclorruta": "CO 16 02 Estación La Palma - Q. Altavista",
        "tipologia_redciclista": "Compartida en sentido vehicular",
        "longitud": 296.19386918,
        "st_length(shape)": 296.1938691767938
      },
      "geometry": {
        "type": "LineString",
        "coordinates": [
          [
            4712335.0841,
            2247166.6008
          ],
          [
            4712333.9753,
            2247113.2942999993
          ],
          [
            4712333.3123,
            2247079.8311
          ],
          [
            4712334.5895,
            2247049.0077
          ],
          [
            4712345.5506,
            2247047.8790000007
          ],
          [
            4712374.6438,
            2247045.2228999995
          ],
          [
            4712396.1976,
            2247041.739600001
          ],
          [
            4712410.9118,
            2247036.2981000002
          ],
          [
            4712421.307,
            2247030.5770999994
          ],
          [
            4712429.8313,
            2247022.1755999997
          ],
          [
            4712444.5376,
            2247005.489
          ],
          [
            4712468.3025,
            2246984.3170999996
          ],
          [
            4712484.869,
            2246968.5112999994
          ]
        ]
      }
    },
    {
      "type": "Feature",
      "properties": {
        "objectid": 141,
        "corredor": "Cerro Nutibara",
        "municipio": "Medellín",
        "comuna": "16",
        "nom_comuna": "Belén",
        "estado": "Construida",
        "anio_construido": "2020",
        "ente_constructor": "SIF - EDU",
        "ubicacion": "Vía de Servicio",
        "tipo": "Carril ciclopreferente",
        "nombre_ciclorruta": "SC Cerro Nutibara",
        "tipologia_redciclista": "Bidireccional en calzada",
        "longitud": 1300.38450532,
        "st_length(shape)": 1300.3845053153098
      },
      "geometry": {
        "type": "LineString",
        "coordinates": [
          [
            4714609.0367,
            2247446.6531000007
          ],
          [
            4714611.7273,
            2247468.3253000006
          ],
          [
            4714612.0038,
            2247480.1714999992
          ],
          [
            4714608.271,
            2247487.6114000008
          ],
          [
            4714602.3915,
            2247495.5930000003
          ],
          [
            4714589.0176,
            2247503.2207999993
          ],
          [
            4714577.1076,
            2247508.2053999994
          ],
          [
            4714562.6125,
            2247513.0023
          ],
          [
            4714545.8632,
            2247521.7502999995
          ],
          [
            4714524.7719,
            2247538.8434999995
          ],
          [
            4714518.9624,
            2247544.502800001
          ],
          [
            4714510.1582,
            2247553.0796000008
          ],
          [
            4714497.9601,
            2247564.7711999994
          ],
          [
            4714491.9001,
            2247570.378799999
          ],
          [
            4714470.5954,
            2247592.1285999995
          ],
          [
            4714465.3672,
            2247596.9408
          ],
          [
            4714457.7199,
            2247602.5121
          ],
          [
            4714444.9168,
            2247609.5222999994
          ],
          [
            4714431.2708,
            2247616.2017
          ],
          [
            4714423.3942,
            2247621.7092000004
          ],
          [
            4714410.0459,
            2247633.7601999994
          ],
          [
            4714403.9053,
            2247644.3051999994
          ],
          [
            4714401.9417,
            2247648.7369999997
          ],
          [
            4714400.0339,
            2247654.7797999997
          ],
          [
            4714397.7778,
            2247664.1775
          ],
          [
            4714396.1183,
            2247673.034499999
          ],
          [
            4714393.553,
            2247688.8439000007
          ],
          [
            4714391.4296,
            2247704.8759000003
          ],
          [
            4714389.5269,
            2247719.2411
          ],
          [
            4714387.3112,
            2247732.377800001
          ],
          [
            4714387.0582,
            2247743.6647999994
          ],
          [
            4714387.8675,
            2247753.2796
          ],
          [
            4714389.6727,
            2247761.6982000005
          ],
          [
            4714395.5992,
            2247776.8049999997
          ],
          [
            4714399.8206,
            2247788.785700001
          ],
          [
            4714405.1531,
            2247802.5394
          ],
          [
            4714407.9111,
            2247810.214299999
          ],
          [
            4714412.1696,
            2247824.2234000005
          ],
          [
            4714414.9296,
            2247838.8288000003
          ],
          [
            4714415.1925,
            2247850.091
          ],
          [
            4714413.7835,
            2247862.9076000005
          ],
          [
            4714414.0888,
            2247876.5089
          ],
          [
            4714414.1658,
            2247879.9399999995
          ],
          [
            4714416.3226,
            2247886.1141
          ],
          [
            4714424.344,
            2247896.9244
          ],
          [
            4714438.75,
            2247908.846000001
          ],
          [
            4714447.5731,
            2247915.4945
          ],
          [
            4714458.0113,
            2247920.8729
          ],
          [
            4714474.3395,
            2247925.5189999994
          ],
          [
            4714504.6004,
            2247931.0287999995
          ],
          [
            4714519.0071,
            2247933.5503000002
          ],
          [
            4714533.1776,
            2247939.6050000004
          ],
          [
            4714547.9447,
            2247945.0140000004
          ],
          [
            4714553.318,
            2247946.8354
          ],
          [
            4714558.0613,
            2247947.4640999995
          ],
          [
            4714564.5236,
            2247947.1960000005
          ],
          [
            4714569.1344,
            2247946.110200001
          ],
          [
            4714572.3706,
            2247944.5808000006
          ],
          [
            4714577.8876,
            2247940.174799999
          ],
          [
            4714592.9451,
            2247929.5621000007
          ],
          [
            4714597.5755,
            2247926.2457
          ],
          [
            4714606.8441,
            2247921.5972000007
          ],
          [
            4714622.3371,
            2247916.8565999996
          ],
          [
            4714626.202,
            2247914.960000001
          ],
          [
            4714633.3803,
            2247909.5853000004
          ],
          [
            4714636.9625,
            2247905.0198
          ],
          [
            4714638.9152,
            2247899.5210999995
          ],
          [
            4714640.0533,
            2247886.8203999996
          ],
          [
            4714641.1312,
            2247870.5748999994
          ],
          [
            4714642.0049,
            2247858.033399999
          ],
          [
            4714642.4662,
            2247850.7310000006
          ],
          [
            4714644.8858,
            2247842.6316
          ],
          [
            4714647.4659,
            2247837.6521000005
          ],
          [
            4714651.7408,
            2247832.405200001
          ],
          [
            4714656.1256,
            2247829.1159000006
          ],
          [
            4714659.5615,
            2247827.5215000007
          ],
          [
            4714663.4782,
            2247826.997199999
          ],
          [
            4714667.9177,
            2247825.7584000006
          ],
          [
            4714679.6623,
            2247825.0994000006
          ],
          [
            4714688.0223,
            2247824.8998000007
          ],
          [
            4714694.0513,
            2247823.8531
          ],
          [
            4714699.6725,
            2247820.7123000007
          ],
          [
            4714704.461,
            2247817.2709999997
          ],
          [
            4714708.9452,
            2247810.8597
          ],
          [
            4714710.9964,
            2247804.876700001
          ],
          [
            4714710.6368,
            2247784.295499999
          ],
          [
            4714710.2925,
            2247771.1745999996
          ],
          [
            4714710.0574,
            2247759.6407999992
          ],
          [
            4714709.8091,
            2247741.7577
          ],
          [
            4714709.4547,
            2247723.6633
          ],
          [
            4714709.0528,
            2247708.2674000002
          ],
          [
            4714708.6908,
            2247686.4693
          ],
          [
            4714706.3945,
            2247676.103700001
          ],
          [
            4714702.6215,
            2247668.1219999995
          ],
          [
            4714700.5013,
            2247666.2744999994
          ],
          [
            4714690.6497,
            2247661.1624
          ],
          [
            4714683.5044,
            2247659.9601000007
          ],
          [
            4714668.2677,
            2247660.6262
          ],
          [
            4714656.5261,
            2247662.7136000004
          ],
          [
            4714650.1271,
            2247664.2611
          ],
          [
            4714638.867,
            2247668.9931000005
          ],
          [
            4714633.7992,
            2247674.6119
          ],
          [
            4714627.3178,
            2247687.5880999994
          ],
          [
            4714623.8015,
            2247701.6163
          ],
          [
            4714619.756,
            2247713.729800001
          ],
          [
            4714619.7523,
            2247713.7410000004
          ],
          [
            4714619.8656,
            2247717.4444999993
          ],
          [
            4714617.0293,
            2247727.6089999992
          ],
          [
            4714614.5576,
            2247734.9684999995
          ],
          [
            4714612.0989,
            2247739.850400001
          ],
          [
            4714608.7047,
            2247744.7687999997
          ],
          [
            4714604.0713,
            2247750.1361999996
          ],
          [
            4714601.1001,
            2247751.8742999993
          ],
          [
            4714597.9728,
            2247749.1293
          ],
          [
            4714595.1579,
            2247743.8441000003
          ],
          [
            4714594.7275,
            2247740.4058
          ],
          [
            4714596.3017,
            2247734.000499999
          ],
          [
            4714597.9883,
            2247728.5414000005
          ],
          [
            4714601.7825,
            2247723.3015
          ],
          [
            4714606.4298,
            2247719.0593
          ],
          [
            4714611.0271,
            2247716.1928000003
          ],
          [
            4714615.045,
            2247714.5973000005
          ],
          [
            4714619.756,
            2247713.729800001
          ]
        ]
      }
    },
    {
      "type": "Feature",
      "properties": {
        "objectid": 142,
        "corredor": "Calle 9 Sur",
        "municipio": "Medellín",
        "comuna": "15",
        "nom_comuna": "Guayabal",
        "estado": "Construida",
        "anio_construido": "2019",
        "ente_constructor": "SIF",
        "ubicacion": "Vía de Servicio",
        "tipo": "Ciclorruta",
        "nombre_ciclorruta": "CO 15 Calle 9 Sur",
        "tipologia_redciclista": "Compartida en sentido vehicular",
        "longitud": 258.68340055,
        "st_length(shape)": 258.6834005531193
      },
      "geometry": {
        "type": "LineString",
        "coordinates": [
          [
            4713441.171,
            2244010.9990999997
          ],
          [
            4713497.9053,
            2243985.1334000006
          ],
          [
            4713558.388,
            2243958.2401
          ],
          [
            4713561.1123,
            2243957.0287999995
          ],
          [
            4713562.4879,
            2243955.5343999993
          ],
          [
            4713559.988,
            2243950.7247
          ],
          [
            4713555.7345,
            2243940.5482
          ],
          [
            4713549.8805,
            2243923.8934000004
          ],
          [
            4713596.3399,
            2243909.3972999994
          ],
          [
            4713636.9961,
            2243897.525800001
          ]
        ]
      }
    },
    {
      "type": "Feature",
      "properties": {
        "objectid": 143,
        "corredor": "Puente Del Mico Tramo 1",
        "municipio": "Medellín",
        "comuna": "5",
        "nom_comuna": "Castilla",
        "estado": "Construida",
        "anio_construido": "2022",
        "ente_constructor": "SIF",
        "ubicacion": "Via Arteria",
        "tipo": "Ciclorruta",
        "nombre_ciclorruta": "SC 04 Puente El Mico",
        "tipologia_redciclista": "Bidireccional en calzada",
        "longitud": 473.19341638,
        "st_length(shape)": 473.1934163836445
      },
      "geometry": {
        "type": "LineString",
        "coordinates": [
          [
            4715962.3775,
            2252057.2914000005
          ],
          [
            4715926.5992,
            2252096.6229999997
          ],
          [
            4715899.5905,
            2252118.6564000007
          ],
          [
            4715857.1798,
            2252137.1152
          ],
          [
            4715777.4202,
            2252155.0533000007
          ],
          [
            4715557.0139,
            2252204.6230999995
          ],
          [
            4715528.5062,
            2252191.8214999996
          ]
        ]
      }
    },
    {
      "type": "Feature",
      "properties": {
        "objectid": 144,
        "corredor": "Calle 14 - T4",
        "municipio": "Medellín",
        "comuna": "15",
        "nom_comuna": "Guayabal",
        "estado": "Construida",
        "anio_construido": "2021",
        "ente_constructor": "Por actualizar",
        "ubicacion": "Vía Colectora",
        "tipo": "Carril ciclopreferente",
        "nombre_ciclorruta": "SC 15 Calle 14 Tramo 4",
        "tipologia_redciclista": "Bidireccional en calzada",
        "longitud": 36.33125905,
        "st_length(shape)": 36.33125905061029
      },
      "geometry": {
        "type": "LineString",
        "coordinates": [
          [
            4714498.261,
            2245732.2731999997
          ],
          [
            4714533.5225,
            2245723.5218
          ]
        ]
      }
    },
    {
      "type": "Feature",
      "properties": {
        "objectid": 145,
        "corredor": "Puente Norte Parques del Río Tramo 2",
        "municipio": "Medellín",
        "comuna": "10",
        "nom_comuna": "La Candelaria",
        "estado": "Construida",
        "anio_construido": "2020",
        "ente_constructor": "SIF",
        "ubicacion": "Vía de Servicio",
        "tipo": "Banda ciclopreferente",
        "nombre_ciclorruta": "CO 10 12 Puente Norte Parques del Río",
        "tipologia_redciclista": "Compartida con peatón",
        "longitud": 211.82384855,
        "st_length(shape)": 211.82384854906027
      },
      "geometry": {
        "type": "LineString",
        "coordinates": [
          [
            4714623.0237,
            2248725.6819
          ],
          [
            4714623.4559,
            2248725.5501000006
          ],
          [
            4714684.5665,
            2248706.9196000006
          ],
          [
            4714689.2655,
            2248698.6421000008
          ],
          [
            4714738.2164,
            2248684.124399999
          ],
          [
            4714744.2535,
            2248682.3340000007
          ],
          [
            4714747.7033,
            2248685.2420000006
          ],
          [
            4714749.2984,
            2248689.0483
          ],
          [
            4714752.5094,
            2248706.8192999996
          ],
          [
            4714754.8984,
            2248710.7827000003
          ],
          [
            4714758.235,
            2248712.3631999996
          ],
          [
            4714778.3415,
            2248686.9252000004
          ],
          [
            4714782.4381,
            2248682.6106000002
          ],
          [
            4714789.2979,
            2248684.8599999994
          ]
        ]
      }
    },
    {
      "type": "Feature",
      "properties": {
        "objectid": 146,
        "corredor": "Puente de la Madre Laura Tramo 1",
        "municipio": "Medellín",
        "comuna": "4",
        "nom_comuna": "Aranjuez",
        "estado": "Construida",
        "anio_construido": "2015",
        "ente_constructor": "Por actualizar",
        "ubicacion": "Via Arteria",
        "tipo": "Ciclorruta",
        "nombre_ciclorruta": "SA 05 06 Puente de la Madre Laura",
        "tipologia_redciclista": "Unidireccional en calzada",
        "longitud": 29.82133706,
        "st_length(shape)": 29.821337062561025
      },
      "geometry": {
        "type": "LineString",
        "coordinates": [
          [
            4716399.35,
            2253247.1193000004
          ],
          [
            4716398.9285,
            2253236.008300001
          ],
          [
            4716394.755,
            2253226.4022000004
          ],
          [
            4716393.4818,
            2253218.272500001
          ]
        ]
      }
    },
    {
      "type": "Feature",
      "properties": {
        "objectid": 147,
        "corredor": "Carrera 79 T2",
        "municipio": "Medellín",
        "comuna": "11",
        "nom_comuna": "Laureles Estadio",
        "estado": "Construida",
        "anio_construido": "2019",
        "ente_constructor": "SIF - EDU",
        "ubicacion": "Vía de Servicio",
        "tipo": "Ciclobanda",
        "nombre_ciclorruta": "SC 11 18 Carrera 79",
        "tipologia_redciclista": "Unidireccional en calzada",
        "longitud": 41.55812111,
        "st_length(shape)": 41.558121113851286
      },
      "geometry": {
        "type": "LineString",
        "coordinates": [
          [
            4712575.3035,
            2249025.3543999996
          ],
          [
            4712577.1758,
            2249022.4404000007
          ],
          [
            4712580.4764,
            2249019.3913000003
          ],
          [
            4712577.8623,
            2249016.341600001
          ],
          [
            4712573.8939,
            2249011.712200001
          ],
          [
            4712568.5458,
            2249006.7172999997
          ],
          [
            4712563.3835,
            2249005.008300001
          ],
          [
            4712559.1846,
            2249004.3422999997
          ],
          [
            4712556.3284,
            2249004.8244000003
          ],
          [
            4712552.862,
            2249005.7314
          ]
        ]
      }
    },
    {
      "type": "Feature",
      "properties": {
        "objectid": 148,
        "corredor": "Tranvía Ayacucho",
        "municipio": "Medellín",
        "comuna": "10",
        "nom_comuna": "La Candelaria",
        "estado": "Construida",
        "anio_construido": "2016",
        "ente_constructor": "Metro",
        "ubicacion": "Via Arteria",
        "tipo": "Compartida",
        "nombre_ciclorruta": "CO 10 Tranvia Ayacucho",
        "tipologia_redciclista": "Compartida en sentido vehicular",
        "longitud": 1502.92341855,
        "st_length(shape)": 1502.9234185467076
      },
      "geometry": {
        "type": "LineString",
        "coordinates": [
          [
            4715750.6667,
            2249015.7863
          ],
          [
            4715901.2552,
            2248952.6761000007
          ],
          [
            4715917.5797,
            2248950.6854
          ],
          [
            4715928.2256,
            2248955.6218999997
          ],
          [
            4716026.7454,
            2249099.8937
          ],
          [
            4716033.7636,
            2249110.5077
          ],
          [
            4716046.1675,
            2249110.2293999996
          ],
          [
            4716060.975,
            2249103.1701999996
          ],
          [
            4716154.2821,
            2249057.5821
          ],
          [
            4716195.2355,
            2249035.791200001
          ],
          [
            4716205.7777,
            2249033.3016999997
          ],
          [
            4716427.3517,
            2248914.8411999997
          ],
          [
            4716587.1056,
            2248833.115599999
          ],
          [
            4716904.0806,
            2248668.175899999
          ],
          [
            4717035.2164,
            2248603.6767999995
          ]
        ]
      }
    },
    {
      "type": "Feature",
      "properties": {
        "objectid": 149,
        "corredor": "Tranvía Ayacucho",
        "municipio": "Medellín",
        "comuna": "9",
        "nom_comuna": "Buenos Aires",
        "estado": "Construida",
        "anio_construido": "2016",
        "ente_constructor": "Metro",
        "ubicacion": "Via Arteria",
        "tipo": "Compartida",
        "nombre_ciclorruta": "CO 09 Tranvia Ayacucho",
        "tipologia_redciclista": "Compartida en sentido vehicular",
        "longitud": 2681.39916908,
        "st_length(shape)": 2681.39916908379
      },
      "geometry": {
        "type": "LineString",
        "coordinates": [
          [
            4717035.2164,
            2248603.6767999995
          ],
          [
            4717220.7875,
            2248504.2662000004
          ],
          [
            4717454.1505,
            2248382.4254
          ],
          [
            4717684.0077,
            2248261.8742999993
          ],
          [
            4717707.0265,
            2248251.8202
          ],
          [
            4717719.7265,
            2248253.6722
          ],
          [
            4717729.5161,
            2248260.8159999996
          ],
          [
            4717735.703,
            2248273.4321999997
          ],
          [
            4717750.5197,
            2248305.1822999995
          ],
          [
            4717797.7788,
            2248395.753799999
          ],
          [
            4717816.5642,
            2248434.6476000007
          ],
          [
            4717826.7507,
            2248448.5383
          ],
          [
            4717834.3575,
            2248451.514799999
          ],
          [
            4717848.0226,
            2248451.5166999996
          ],
          [
            4717878.6753,
            2248435.3091
          ],
          [
            4718013.9438,
            2248366.5173000004
          ],
          [
            4718071.1601,
            2248336.751599999
          ],
          [
            4718102.2487,
            2248322.927100001
          ],
          [
            4718123.4154,
            2248316.5770999994
          ],
          [
            4718139.6211,
            2248313.9311999995
          ],
          [
            4718151.1967,
            2248312.6083000004
          ],
          [
            4718165.4181,
            2248312.6083000004
          ],
          [
            4718174.3478,
            2248309.301000001
          ],
          [
            4718191.7442,
            2248297.4608999994
          ],
          [
            4718211.5879,
            2248276.2941999994
          ],
          [
            4718233.3852,
            2248254.2499
          ],
          [
            4718250.3325,
            2248229.8978000004
          ],
          [
            4718264.1608,
            2248215.8631999996
          ],
          [
            4718287.092,
            2248201.908
          ],
          [
            4718310.2,
            2248192.2796
          ],
          [
            4718333.7885,
            2248186.9475999996
          ],
          [
            4718389.7543,
            2248176.0654000007
          ],
          [
            4718423.621,
            2248169.715399999
          ],
          [
            4718441.4319,
            2248162.285
          ],
          [
            4718456.231,
            2248148.681
          ],
          [
            4718461.3229,
            2248141.1604999993
          ],
          [
            4718465.9545,
            2248123.148600001
          ],
          [
            4718479.2567,
            2248055.159499999
          ],
          [
            4718488.3956,
            2248028.0087
          ],
          [
            4718500.4965,
            2248003.5119000003
          ],
          [
            4718559.4402,
            2247909.954399999
          ],
          [
            4718577.6926,
            2247877.1959000006
          ],
          [
            4718609.7734,
            2247838.500499999
          ],
          [
            4718633.3478,
            2247812.6152999997
          ],
          [
            4718690.498,
            2247780.8652999997
          ],
          [
            4718753.9981,
            2247752.2902000006
          ],
          [
            4718785.0762,
            2247737.4911
          ],
          [
            4718820.6732,
            2247720.5402000006
          ],
          [
            4718860.3608,
            2247693.5526
          ],
          [
            4718876.1636,
            2247678.4192999993
          ],
          [
            4718883.6442,
            2247658.0984000005
          ],
          [
            4718882.5858,
            2247639.5775000006
          ],
          [
            4718861.9483,
            2247609.4148999993
          ],
          [
            4718852.3617,
            2247594.599199999
          ],
          [
            4718841.5753,
            2247577.9295000006
          ],
          [
            4718855.8629,
            2247559.6732
          ],
          [
            4718935.238,
            2247500.9355999995
          ],
          [
            4718988.4194,
            2247460.0573999994
          ]
        ]
      }
    }
  ],
  "crs": {
    "type": "name",
    "properties": {
      "name": "EPSG:9377"
    }
  }
}